header,sequence_length,predicted_probability,predicted_label
RKU41963.1 hypothetical protein DL546_005498 [Coniochaeta pulveracea],297,0.5912,degrader
RKU49606.1 Feruloyl esterase B [Coniochaeta pulveracea],297,0.5683,degrader
RKU39775.1 hypothetical protein DL546_000698 [Coniochaeta pulveracea],150,0.5294,degrader
RKU42374.1 hypothetical protein DL546_002553 [Coniochaeta pulveracea],195,0.5194,degrader
RKU47042.1 hypothetical protein DL546_008666 [Coniochaeta pulveracea],203,0.518,degrader
RKU46401.1 hypothetical protein DL546_005312 [Coniochaeta pulveracea],205,0.4905,non-degrader
RKU43282.1 hypothetical protein DL546_006309 [Coniochaeta pulveracea],224,0.4609,non-degrader
RKU45574.1 hypothetical protein DL546_007148 [Coniochaeta pulveracea],170,0.4566,non-degrader
RKU39784.1 hypothetical protein DL546_000605 [Coniochaeta pulveracea],195,0.4426,non-degrader
RKU46133.1 hypothetical protein DL546_007113 [Coniochaeta pulveracea],121,0.4403,non-degrader
RKU41222.1 hypothetical protein DL546_004788 [Coniochaeta pulveracea],136,0.428,non-degrader
RKU44845.1 hypothetical protein DL546_005064 [Coniochaeta pulveracea],236,0.3902,non-degrader
RKU40946.1 hypothetical protein DL546_001738 [Coniochaeta pulveracea],129,0.3877,non-degrader
RKU41451.1 hypothetical protein DL546_002157 [Coniochaeta pulveracea],203,0.3752,non-degrader
RKU43702.1 hypothetical protein DL546_002333 [Coniochaeta pulveracea],226,0.3619,non-degrader
RKU48297.1 hypothetical protein DL546_007611 [Coniochaeta pulveracea],113,0.3304,non-degrader
RKU41304.1 4-O-methyl-glucuronoyl methylesterase [Coniochaeta pulveracea],214,0.323,non-degrader
RKU46446.1 hypothetical protein DL546_006928 [Coniochaeta pulveracea],284,0.3165,non-degrader
RKU40918.1 hypothetical protein DL546_001053 [Coniochaeta pulveracea],103,0.309,non-degrader
RKU41050.1 hypothetical protein DL546_000052 [Coniochaeta pulveracea],293,0.2959,non-degrader
RKU41469.1 hypothetical protein DL546_003614 [Coniochaeta pulveracea],298,0.2811,non-degrader
RKU40368.1 hypothetical protein DL546_002475 [Coniochaeta pulveracea],296,0.2781,non-degrader
RKU46894.1 hypothetical protein DL546_000576 [Coniochaeta pulveracea],206,0.2697,non-degrader
RKU39994.1 hypothetical protein DL546_001592 [Coniochaeta pulveracea],261,0.2669,non-degrader
RKU48067.1 hypothetical protein DL546_008225 [Coniochaeta pulveracea],76,0.2646,non-degrader
RKU49142.1 hypothetical protein DL546_008127 [Coniochaeta pulveracea],281,0.2641,non-degrader
RKU47592.1 hypothetical protein DL546_007753 [Coniochaeta pulveracea],300,0.2639,non-degrader
RKU46060.1 hypothetical protein DL546_003111 [Coniochaeta pulveracea],130,0.2609,non-degrader
RKU40507.1 hypothetical protein DL546_000214 [Coniochaeta pulveracea],245,0.2601,non-degrader
RKU40824.1 hypothetical protein DL546_002669 [Coniochaeta pulveracea],228,0.2598,non-degrader
RKU40825.1 hypothetical protein DL546_002739 [Coniochaeta pulveracea],226,0.2554,non-degrader
RKU45597.1 hypothetical protein DL546_007822 [Coniochaeta pulveracea],234,0.2545,non-degrader
RKU40959.1 hypothetical protein DL546_002933 [Coniochaeta pulveracea],246,0.2545,non-degrader
RKU39698.1 hypothetical protein DL546_000071 [Coniochaeta pulveracea],272,0.2522,non-degrader
RKU46596.1 hypothetical protein DL546_006049 [Coniochaeta pulveracea],154,0.2504,non-degrader
RKU48531.1 hypothetical protein DL546_006991 [Coniochaeta pulveracea],281,0.2493,non-degrader
RKU40008.1 hypothetical protein DL546_000716 [Coniochaeta pulveracea],159,0.247,non-degrader
RKU46867.1 hypothetical protein DL546_008952 [Coniochaeta pulveracea],111,0.2432,non-degrader
RKU49416.1 hypothetical protein DL546_006148 [Coniochaeta pulveracea],88,0.241,non-degrader
RKU40973.1 hypothetical protein DL546_003925 [Coniochaeta pulveracea],236,0.2387,non-degrader
RKU39857.1 hypothetical protein DL546_000093 [Coniochaeta pulveracea],119,0.2386,non-degrader
RKU48871.1 Esterase/lipase/thioesterase [Coniochaeta pulveracea],243,0.2379,non-degrader
RKU44686.1 ribosomal protein S8A [Coniochaeta pulveracea],202,0.2331,non-degrader
RKU48350.1 hypothetical protein DL546_008777 [Coniochaeta pulveracea],116,0.2329,non-degrader
RKU46402.1 hypothetical protein DL546_005398 [Coniochaeta pulveracea],143,0.2326,non-degrader
RKU46056.1 hypothetical protein DL546_002881 [Coniochaeta pulveracea],128,0.232,non-degrader
RKU44300.1 hypothetical protein DL546_004410 [Coniochaeta pulveracea],181,0.2283,non-degrader
RKU45553.1 hypothetical protein DL546_006011 [Coniochaeta pulveracea],109,0.2278,non-degrader
RKU48093.1 hypothetical protein DL546_008589 [Coniochaeta pulveracea],294,0.227,non-degrader
RKU41958.1 hypothetical protein DL546_005148 [Coniochaeta pulveracea],259,0.2262,non-degrader
RKU42988.1 hypothetical protein DL546_001569 [Coniochaeta pulveracea],276,0.2253,non-degrader
RKU39828.1 hypothetical protein DL546_001314 [Coniochaeta pulveracea],149,0.2245,non-degrader
RKU47927.1 hypothetical protein DL546_009352 [Coniochaeta pulveracea],148,0.2232,non-degrader
RKU47200.1 hypothetical protein DL546_008060 [Coniochaeta pulveracea],79,0.2221,non-degrader
RKU46485.1 hypothetical protein DL546_008180 [Coniochaeta pulveracea],69,0.222,non-degrader
RKU40633.1 hypothetical protein DL546_001581 [Coniochaeta pulveracea],172,0.2206,non-degrader
RKU42043.1 hypothetical protein DL546_000984 [Coniochaeta pulveracea],156,0.2199,non-degrader
RKU46728.1 hypothetical protein DL546_002063 [Coniochaeta pulveracea],222,0.217,non-degrader
RKU44374.1 hypothetical protein DL546_002923 [Coniochaeta pulveracea],291,0.2157,non-degrader
RKU44903.1 hypothetical protein DL546_001958 [Coniochaeta pulveracea],106,0.2156,non-degrader
RKU41365.1 hypothetical protein DL546_002912 [Coniochaeta pulveracea],162,0.2154,non-degrader
RKU47539.1 hypothetical protein DL546_005858 [Coniochaeta pulveracea],118,0.2147,non-degrader
RKU45318.1 hypothetical protein DL546_007297 [Coniochaeta pulveracea],58,0.2144,non-degrader
RKU43810.1 hypothetical protein DL546_006442 [Coniochaeta pulveracea],266,0.2143,non-degrader
RKU43160.1 hypothetical protein DL546_003338 [Coniochaeta pulveracea],136,0.2137,non-degrader
RKU44031.1 hypothetical protein DL546_004883 [Coniochaeta pulveracea],243,0.2103,non-degrader
RKU40078.1 Endoglucanase-5 [Coniochaeta pulveracea],170,0.2099,non-degrader
RKU40804.1 hypothetical protein DL546_003274 [Coniochaeta pulveracea],85,0.2093,non-degrader
RKU42577.1 hypothetical protein DL546_002932 [Coniochaeta pulveracea],291,0.2086,non-degrader
RKU40932.1 60S ribosomal protein L43 [Coniochaeta pulveracea],92,0.2086,non-degrader
RKU41377.1 hypothetical protein DL546_003773 [Coniochaeta pulveracea],269,0.2074,non-degrader
RKU48063.1 hypothetical protein DL546_008152 [Coniochaeta pulveracea],240,0.2062,non-degrader
RKU41143.1 hypothetical protein DL546_001741 [Coniochaeta pulveracea],222,0.2055,non-degrader
RKU48412.1 hypothetical protein DL546_009513 [Coniochaeta pulveracea],225,0.2031,non-degrader
RKU47867.1 hypothetical protein DL546_008657 [Coniochaeta pulveracea],200,0.203,non-degrader
RKU44987.1 hypothetical protein DL546_007551 [Coniochaeta pulveracea],148,0.2023,non-degrader
RKU44111.1 hypothetical protein DL546_002617 [Coniochaeta pulveracea],127,0.2023,non-degrader
RKU43986.1 ubiquinol-cytochrome c reductase core subunit 1 [Coniochaeta pulveracea],78,0.2019,non-degrader
RKU48720.1 hypothetical protein DL546_009674 [Coniochaeta pulveracea],129,0.2017,non-degrader
RKU44249.1 hypothetical protein DL546_006643 [Coniochaeta pulveracea],260,0.2006,non-degrader
RKU49079.1 hypothetical protein DL546_004542 [Coniochaeta pulveracea],122,0.1988,non-degrader
RKU46575.1 hypothetical protein DL546_004592 [Coniochaeta pulveracea],148,0.1978,non-degrader
RKU44076.1 hypothetical protein DL546_006960 [Coniochaeta pulveracea],109,0.197,non-degrader
RKU47869.1 hypothetical protein DL546_008668 [Coniochaeta pulveracea],248,0.1963,non-degrader
RKU43205.1 hypothetical protein DL546_006054 [Coniochaeta pulveracea],285,0.193,non-degrader
RKU48973.1 hypothetical protein DL546_009484 [Coniochaeta pulveracea],103,0.1906,non-degrader
RKU42961.1 hypothetical protein DL546_006076 [Coniochaeta pulveracea],283,0.188,non-degrader
RKU41146.1 hypothetical protein DL546_002068 [Coniochaeta pulveracea],272,0.1872,non-degrader
RKU47110.1 hypothetical protein DL546_004270 [Coniochaeta pulveracea],210,0.1871,non-degrader
RKU40409.1 hypothetical protein DL546_000913 [Coniochaeta pulveracea],233,0.1832,non-degrader
RKU48718.1 hypothetical protein DL546_009656 [Coniochaeta pulveracea],84,0.1826,non-degrader
RKU47937.1 hypothetical protein DL546_009416 [Coniochaeta pulveracea],287,0.1824,non-degrader
RKU39806.1 hypothetical protein DL546_000356 [Coniochaeta pulveracea],223,0.1812,non-degrader
RKU42999.1 hypothetical protein DL546_002353 [Coniochaeta pulveracea],288,0.1811,non-degrader
"RKU39691.1 Dihydrolipoyl dehydrogenase 3, partial [Coniochaeta pulveracea]",99,0.1763,non-degrader
RKU40198.1 Endoglucanase EG-II [Coniochaeta pulveracea],138,0.1753,non-degrader
RKU48898.1 hypothetical protein DL546_008711 [Coniochaeta pulveracea],109,0.174,non-degrader
RKU47774.1 hypothetical protein DL546_006213 [Coniochaeta pulveracea],125,0.1737,non-degrader
RKU43438.1 hypothetical protein DL546_005897 [Coniochaeta pulveracea],298,0.1736,non-degrader
RKU43064.1 hypothetical protein DL546_000653 [Coniochaeta pulveracea],147,0.1731,non-degrader
"RKU39839.1 hypothetical protein DL546_000019, partial [Coniochaeta pulveracea]",172,0.1728,non-degrader
RKU40999.1 hypothetical protein DL546_003848 [Coniochaeta pulveracea],203,0.1717,non-degrader
RKU43141.1 hypothetical protein DL546_000856 [Coniochaeta pulveracea],248,0.1716,non-degrader
RKU43587.1 hypothetical protein DL546_009917 [Coniochaeta pulveracea],140,0.1698,non-degrader
RKU43312.1 hypothetical protein DL546_002334 [Coniochaeta pulveracea],112,0.1698,non-degrader
RKU45134.1 hypothetical protein DL546_004407 [Coniochaeta pulveracea],250,0.1688,non-degrader
RKU48715.1 hypothetical protein DL546_009650 [Coniochaeta pulveracea],227,0.1681,non-degrader
RKU47001.1 hypothetical protein DL546_009904 [Coniochaeta pulveracea],184,0.1679,non-degrader
RKU44299.1 hypothetical protein DL546_004156 [Coniochaeta pulveracea],121,0.1663,non-degrader
RKU47812.1 hypothetical protein DL546_007604 [Coniochaeta pulveracea],78,0.1656,non-degrader
RKU40143.1 hypothetical protein DL546_002202 [Coniochaeta pulveracea],256,0.1653,non-degrader
RKU47818.1 hypothetical protein DL546_007743 [Coniochaeta pulveracea],99,0.1649,non-degrader
RKU39710.1 hypothetical protein DL546_000039 [Coniochaeta pulveracea],159,0.1636,non-degrader
RKU46347.1 hypothetical protein DL546_008719 [Coniochaeta pulveracea],156,0.1625,non-degrader
RKU47761.1 hypothetical protein DL546_005330 [Coniochaeta pulveracea],171,0.1623,non-degrader
RKU40838.1 hypothetical protein DL546_004017 [Coniochaeta pulveracea],278,0.162,non-degrader
"RKU48987.1 UDP-glucose-4-epimerase, variant 2 [Coniochaeta pulveracea]",258,0.161,non-degrader
"RKU48148.1 ribosomal protein S14, S11 [Coniochaeta pulveracea]",150,0.1593,non-degrader
RKU40993.1 hypothetical protein DL546_003199 [Coniochaeta pulveracea],250,0.1591,non-degrader
RKU46176.1 hypothetical protein DL546_008452 [Coniochaeta pulveracea],246,0.159,non-degrader
RKU49089.1 hypothetical protein DL546_005177 [Coniochaeta pulveracea],107,0.1589,non-degrader
RKU44148.1 40S ribosomal protein S19 [Coniochaeta pulveracea],151,0.1589,non-degrader
RKU46312.1 hypothetical protein DL546_007981 [Coniochaeta pulveracea],287,0.1576,non-degrader
RKU48840.1 hypothetical protein DL546_007438 [Coniochaeta pulveracea],74,0.1572,non-degrader
RKU47756.1 hypothetical protein DL546_005030 [Coniochaeta pulveracea],139,0.1567,non-degrader
RKU47040.1 hypothetical protein DL546_008646 [Coniochaeta pulveracea],276,0.156,non-degrader
RKU44096.1 hypothetical protein DL546_001125 [Coniochaeta pulveracea],287,0.1556,non-degrader
RKU47571.1 hypothetical protein DL546_007163 [Coniochaeta pulveracea],233,0.1554,non-degrader
RKU45328.1 hypothetical protein DL546_007568 [Coniochaeta pulveracea],79,0.1553,non-degrader
RKU42199.1 hypothetical protein DL546_004619 [Coniochaeta pulveracea],89,0.1552,non-degrader
RKU45384.1 hypothetical protein DL546_003845 [Coniochaeta pulveracea],126,0.155,non-degrader
RKU42921.1 Type 1 phosphatases regulator ypi1 [Coniochaeta pulveracea],177,0.1547,non-degrader
RKU43902.1 iso-1-cytochrome c [Coniochaeta pulveracea],108,0.1546,non-degrader
RKU41433.1 hypothetical protein DL546_000473 [Coniochaeta pulveracea],280,0.1539,non-degrader
RKU40841.1 hypothetical protein DL546_000707 [Coniochaeta pulveracea],107,0.1537,non-degrader
RKU45339.1 hypothetical protein DL546_007881 [Coniochaeta pulveracea],294,0.1536,non-degrader
RKU43279.1 hypothetical protein DL546_006162 [Coniochaeta pulveracea],188,0.1536,non-degrader
RKU40346.1 hypothetical protein DL546_000196 [Coniochaeta pulveracea],87,0.1534,non-degrader
RKU43047.1 hypothetical protein DL546_006038 [Coniochaeta pulveracea],237,0.1532,non-degrader
RKU46353.1 hypothetical protein DL546_001713 [Coniochaeta pulveracea],263,0.1522,non-degrader
RKU45335.1 hypothetical protein DL546_007770 [Coniochaeta pulveracea],115,0.152,non-degrader
RKU47570.1 hypothetical protein DL546_007146 [Coniochaeta pulveracea],165,0.1512,non-degrader
RKU47980.1 hypothetical protein DL546_004672 [Coniochaeta pulveracea],159,0.1511,non-degrader
RKU42341.1 3-hydroxyanthranilic acid dioxygenase [Coniochaeta pulveracea],180,0.1508,non-degrader
RKU41051.1 hypothetical protein DL546_000145 [Coniochaeta pulveracea],298,0.1508,non-degrader
RKU45441.1 hypothetical protein DL546_007095 [Coniochaeta pulveracea],92,0.1506,non-degrader
RKU45296.1 hypothetical protein DL546_006586 [Coniochaeta pulveracea],195,0.1505,non-degrader
RKU44482.1 hypothetical protein DL546_003937 [Coniochaeta pulveracea],181,0.1495,non-degrader
RKU47093.1 hypothetical protein DL546_000796 [Coniochaeta pulveracea],226,0.1479,non-degrader
RKU48504.1 hypothetical protein DL546_005979 [Coniochaeta pulveracea],59,0.1478,non-degrader
RKU48803.1 hypothetical protein DL546_006317 [Coniochaeta pulveracea],78,0.1477,non-degrader
RKU41515.1 hypothetical protein DL546_004015 [Coniochaeta pulveracea],264,0.1475,non-degrader
RKU41454.1 hypothetical protein DL546_002436 [Coniochaeta pulveracea],278,0.1473,non-degrader
RKU48750.1 hypothetical protein DL546_002184 [Coniochaeta pulveracea],264,0.1465,non-degrader
RKU41078.1 argininosuccinate lyase [Coniochaeta pulveracea],74,0.1465,non-degrader
RKU43281.1 hypothetical protein DL546_006281 [Coniochaeta pulveracea],182,0.1462,non-degrader
"RKU46888.1 hypothetical protein DL546_009197, partial [Coniochaeta pulveracea]",144,0.1456,non-degrader
RKU40939.1 hypothetical protein DL546_003394 [Coniochaeta pulveracea],98,0.1451,non-degrader
RKU45118.1 snoRNP complex protein [Coniochaeta pulveracea],64,0.1448,non-degrader
RKU41270.1 hypothetical protein DL546_004759 [Coniochaeta pulveracea],283,0.1447,non-degrader
RKU47567.1 hypothetical protein DL546_006984 [Coniochaeta pulveracea],291,0.1446,non-degrader
RKU47803.1 hypothetical protein DL546_007343 [Coniochaeta pulveracea],158,0.1436,non-degrader
RKU48525.1 hypothetical protein DL546_006788 [Coniochaeta pulveracea],116,0.1429,non-degrader
RKU41827.1 hypothetical protein DL546_004372 [Coniochaeta pulveracea],84,0.1429,non-degrader
RKU40917.1 hypothetical protein DL546_000982 [Coniochaeta pulveracea],113,0.1424,non-degrader
RKU48395.1 hypothetical protein DL546_009377 [Coniochaeta pulveracea],113,0.1418,non-degrader
RKU48373.1 hypothetical protein DL546_009075 [Coniochaeta pulveracea],207,0.1408,non-degrader
RKU40665.1 hypothetical protein DL546_002213 [Coniochaeta pulveracea],87,0.1399,non-degrader
RKU47268.1 hypothetical protein DL546_009036 [Coniochaeta pulveracea],70,0.1395,non-degrader
RKU47729.1 hypothetical protein DL546_002313 [Coniochaeta pulveracea],185,0.1394,non-degrader
RKU42872.1 hypothetical protein DL546_005000 [Coniochaeta pulveracea],175,0.1392,non-degrader
RKU41369.1 hypothetical protein DL546_003163 [Coniochaeta pulveracea],254,0.1387,non-degrader
RKU39699.1 hypothetical protein DL546_000129 [Coniochaeta pulveracea],66,0.1386,non-degrader
RKU40640.1 hypothetical protein DL546_003756 [Coniochaeta pulveracea],180,0.1385,non-degrader
RKU46886.1 hypothetical protein DL546_009177 [Coniochaeta pulveracea],100,0.1384,non-degrader
RKU48571.1 hypothetical protein DL546_008198 [Coniochaeta pulveracea],275,0.1383,non-degrader
RKU48563.1 hypothetical protein DL546_008027 [Coniochaeta pulveracea],146,0.1381,non-degrader
RKU43672.1 hypothetical protein DL546_006593 [Coniochaeta pulveracea],263,0.1371,non-degrader
RKU47569.1 hypothetical protein DL546_007056 [Coniochaeta pulveracea],230,0.136,non-degrader
RKU43344.1 hypothetical protein DL546_005015 [Coniochaeta pulveracea],166,0.1355,non-degrader
RKU42937.1 hypothetical protein DL546_004424 [Coniochaeta pulveracea],125,0.1355,non-degrader
RKU47129.1 hypothetical protein DL546_005391 [Coniochaeta pulveracea],228,0.1353,non-degrader
RKU44969.1 hypothetical protein DL546_006978 [Coniochaeta pulveracea],105,0.1352,non-degrader
RKU43965.1 hypothetical protein DL546_004572 [Coniochaeta pulveracea],277,0.1349,non-degrader
RKU43975.1 hypothetical protein DL546_005175 [Coniochaeta pulveracea],252,0.1347,non-degrader
RKU39827.1 hypothetical protein DL546_001282 [Coniochaeta pulveracea],168,0.1346,non-degrader
RKU41278.1 hypothetical protein DL546_000758 [Coniochaeta pulveracea],94,0.1344,non-degrader
RKU46716.1 hypothetical protein DL546_000140 [Coniochaeta pulveracea],299,0.1342,non-degrader
RKU46425.1 hypothetical protein DL546_006290 [Coniochaeta pulveracea],250,0.134,non-degrader
RKU41460.1 hypothetical protein DL546_002812 [Coniochaeta pulveracea],259,0.1338,non-degrader
RKU44774.1 hypothetical protein DL546_006729 [Coniochaeta pulveracea],256,0.1337,non-degrader
RKU39865.1 hypothetical protein DL546_001013 [Coniochaeta pulveracea],147,0.1336,non-degrader
RKU45510.1 hypothetical protein DL546_001934 [Coniochaeta pulveracea],246,0.1331,non-degrader
RKU47194.1 hypothetical protein DL546_007905 [Coniochaeta pulveracea],232,0.1328,non-degrader
RKU41920.1 hypothetical protein DL546_001491 [Coniochaeta pulveracea],271,0.1326,non-degrader
RKU49145.1 hypothetical protein DL546_008183 [Coniochaeta pulveracea],216,0.1322,non-degrader
RKU40548.1 hypothetical protein DL546_002638 [Coniochaeta pulveracea],246,0.1313,non-degrader
RKU43229.1 hypothetical protein DL546_002300 [Coniochaeta pulveracea],277,0.131,non-degrader
RKU42527.1 hypothetical protein DL546_004588 [Coniochaeta pulveracea],128,0.1309,non-degrader
RKU48834.1 hypothetical protein DL546_007254 [Coniochaeta pulveracea],227,0.1301,non-degrader
RKU43070.1 hypothetical protein DL546_001246 [Coniochaeta pulveracea],135,0.13,non-degrader
RKU40018.1 hypothetical protein DL546_001550 [Coniochaeta pulveracea],196,0.1299,non-degrader
RKU40109.1 hypothetical protein DL546_000616 [Coniochaeta pulveracea],246,0.1296,non-degrader
RKU45020.1 hypothetical protein DL546_004210 [Coniochaeta pulveracea],278,0.1284,non-degrader
RKU41458.1 hypothetical protein DL546_002684 [Coniochaeta pulveracea],296,0.1281,non-degrader
RKU44584.1 hypothetical protein DL546_004941 [Coniochaeta pulveracea],99,0.128,non-degrader
RKU48528.1 Minor allergen Alt a 7 [Coniochaeta pulveracea],204,0.1277,non-degrader
RKU45402.1 hypothetical protein DL546_005091 [Coniochaeta pulveracea],101,0.127,non-degrader
RKU42190.1 hypothetical protein DL546_003742 [Coniochaeta pulveracea],153,0.1269,non-degrader
RKU41550.1 hypothetical protein DL546_002006 [Coniochaeta pulveracea],283,0.1265,non-degrader
RKU41564.1 hypothetical protein DL546_003697 [Coniochaeta pulveracea],263,0.126,non-degrader
RKU46114.1 hypothetical protein DL546_006572 [Coniochaeta pulveracea],290,0.1259,non-degrader
RKU45832.1 hypothetical protein DL546_006855 [Coniochaeta pulveracea],69,0.1256,non-degrader
RKU42560.1 hypothetical protein DL546_001436 [Coniochaeta pulveracea],251,0.1255,non-degrader
RKU44092.1 hypothetical protein DL546_000687 [Coniochaeta pulveracea],101,0.1254,non-degrader
RKU45725.1 hypothetical protein DL546_007831 [Coniochaeta pulveracea],101,0.125,non-degrader
RKU41984.1 hypothetical protein DL546_002069 [Coniochaeta pulveracea],113,0.1249,non-degrader
RKU42405.1 hypothetical protein DL546_004986 [Coniochaeta pulveracea],232,0.1246,non-degrader
RKU48214.1 hypothetical protein DL546_002373 [Coniochaeta pulveracea],99,0.1243,non-degrader
RKU46380.1 Carbon-nitrogen hydrolase [Coniochaeta pulveracea],281,0.1242,non-degrader
RKU41792.1 hypothetical protein DL546_001004 [Coniochaeta pulveracea],114,0.1241,non-degrader
RKU45079.1 hypothetical protein DL546_007597 [Coniochaeta pulveracea],184,0.1233,non-degrader
RKU40420.1 hypothetical protein DL546_002248 [Coniochaeta pulveracea],279,0.1231,non-degrader
RKU48620.1 hypothetical protein DL546_008861 [Coniochaeta pulveracea],130,0.1228,non-degrader
RKU41002.1 hypothetical protein DL546_004040 [Coniochaeta pulveracea],293,0.1222,non-degrader
RKU43419.1 hypothetical protein DL546_004798 [Coniochaeta pulveracea],134,0.1221,non-degrader
RKU45680.1 putative PKS/NRPS-like protein biosynthetic cluster [Coniochaeta pulveracea],283,0.1217,non-degrader
RKU48414.1 hypothetical protein DL546_009520 [Coniochaeta pulveracea],286,0.1216,non-degrader
RKU48365.1 60S ribosomal protein L20 [Coniochaeta pulveracea],174,0.1215,non-degrader
RKU43661.1 hypothetical protein DL546_006259 [Coniochaeta pulveracea],114,0.1214,non-degrader
RKU43520.1 hypothetical protein DL546_006156 [Coniochaeta pulveracea],91,0.1212,non-degrader
RKU40016.1 hypothetical protein DL546_001347 [Coniochaeta pulveracea],269,0.1212,non-degrader
RKU48203.1 hypothetical protein DL546_001061 [Coniochaeta pulveracea],234,0.1208,non-degrader
RKU46278.1 hypothetical protein DL546_007066 [Coniochaeta pulveracea],252,0.1208,non-degrader
RKU41461.1 hypothetical protein DL546_002888 [Coniochaeta pulveracea],289,0.1206,non-degrader
RKU48299.1 hypothetical protein DL546_007661 [Coniochaeta pulveracea],52,0.1204,non-degrader
RKU43424.1 hypothetical protein DL546_005321 [Coniochaeta pulveracea],120,0.1204,non-degrader
RKU41215.1 hypothetical protein DL546_004098 [Coniochaeta pulveracea],140,0.1203,non-degrader
RKU41961.1 hypothetical protein DL546_005298 [Coniochaeta pulveracea],251,0.1195,non-degrader
RKU49448.1 hypothetical protein DL546_007394 [Coniochaeta pulveracea],219,0.1193,non-degrader
RKU42651.1 hypothetical protein DL546_002215 [Coniochaeta pulveracea],99,0.1192,non-degrader
RKU46458.1 hypothetical protein DL546_007491 [Coniochaeta pulveracea],109,0.1191,non-degrader
RKU39844.1 hypothetical protein DL546_000359 [Coniochaeta pulveracea],128,0.1189,non-degrader
RKU46248.1 hypothetical protein DL546_005710 [Coniochaeta pulveracea],265,0.1188,non-degrader
RKU41408.1 hypothetical protein DL546_002291 [Coniochaeta pulveracea],286,0.1187,non-degrader
RKU45439.1 hypothetical protein DL546_007035 [Coniochaeta pulveracea],74,0.1186,non-degrader
RKU47702.1 hypothetical protein DL546_009369 [Coniochaeta pulveracea],151,0.1185,non-degrader
RKU43098.1 hypothetical protein DL546_003797 [Coniochaeta pulveracea],155,0.1182,non-degrader
RKU39731.1 hypothetical protein DL546_000607 [Coniochaeta pulveracea],126,0.1182,non-degrader
RKU49422.1 hypothetical protein DL546_006587 [Coniochaeta pulveracea],155,0.1177,non-degrader
RKU49709.1 hypothetical protein DL546_009869 [Coniochaeta pulveracea],118,0.1173,non-degrader
RKU44640.1 hypothetical protein DL546_007620 [Coniochaeta pulveracea],72,0.1173,non-degrader
RKU42404.1 hypothetical protein DL546_004958 [Coniochaeta pulveracea],291,0.1172,non-degrader
RKU45630.1 N-alpha-acetyltransferase mak3 [Coniochaeta pulveracea],196,0.1163,non-degrader
RKU46850.1 hypothetical protein DL546_008256 [Coniochaeta pulveracea],125,0.1155,non-degrader
RKU39998.1 hypothetical protein DL546_001899 [Coniochaeta pulveracea],237,0.1155,non-degrader
RKU40451.1 F-actin-capping protein subunit beta [Coniochaeta pulveracea],158,0.1154,non-degrader
RKU47787.1 hypothetical protein DL546_006714 [Coniochaeta pulveracea],252,0.1153,non-degrader
RKU42573.1 hypothetical protein DL546_002524 [Coniochaeta pulveracea],198,0.115,non-degrader
RKU45247.1 hypothetical protein DL546_003270 [Coniochaeta pulveracea],241,0.1148,non-degrader
RKU44188.1 hypothetical protein DL546_000388 [Coniochaeta pulveracea],146,0.1144,non-degrader
RKU41352.1 hypothetical protein DL546_001530 [Coniochaeta pulveracea],222,0.1141,non-degrader
RKU42600.1 hypothetical protein DL546_004580 [Coniochaeta pulveracea],279,0.1138,non-degrader
RKU40274.1 hypothetical protein DL546_002549 [Coniochaeta pulveracea],81,0.1134,non-degrader
"RKU44012.1 hypothetical protein DL546_007308, partial [Coniochaeta pulveracea]",124,0.1127,non-degrader
RKU45683.1 hypothetical protein DL546_006096 [Coniochaeta pulveracea],118,0.1125,non-degrader
RKU48716.1 hypothetical protein DL546_009651 [Coniochaeta pulveracea],105,0.1124,non-degrader
RKU42366.1 hypothetical protein DL546_001340 [Coniochaeta pulveracea],178,0.1124,non-degrader
RKU49470.1 hypothetical protein DL546_007854 [Coniochaeta pulveracea],271,0.1121,non-degrader
RKU46757.1 hypothetical protein DL546_004711 [Coniochaeta pulveracea],161,0.1121,non-degrader
RKU47576.1 hypothetical protein DL546_007346 [Coniochaeta pulveracea],255,0.112,non-degrader
RKU41799.1 hypothetical protein DL546_001795 [Coniochaeta pulveracea],79,0.112,non-degrader
RKU39714.1 hypothetical protein DL546_000053 [Coniochaeta pulveracea],154,0.112,non-degrader
RKU44138.1 hypothetical protein DL546_004553 [Coniochaeta pulveracea],251,0.1115,non-degrader
RKU42925.1 hypothetical protein DL546_003452 [Coniochaeta pulveracea],264,0.1114,non-degrader
RKU48485.1 hypothetical protein DL546_004558 [Coniochaeta pulveracea],78,0.1113,non-degrader
RKU40041.1 hypothetical protein DL546_000631 [Coniochaeta pulveracea],143,0.1111,non-degrader
RKU48821.1 hypothetical protein DL546_006821 [Coniochaeta pulveracea],159,0.1104,non-degrader
RKU47012.1 hypothetical protein DL546_008110 [Coniochaeta pulveracea],270,0.1104,non-degrader
RKU46440.1 hypothetical protein DL546_006804 [Coniochaeta pulveracea],300,0.11,non-degrader
RKU39976.1 L-xylulose reductase [Coniochaeta pulveracea],292,0.1096,non-degrader
RKU43158.1 hypothetical protein DL546_003197 [Coniochaeta pulveracea],145,0.1092,non-degrader
RKU44407.1 hypothetical protein DL546_005935 [Coniochaeta pulveracea],237,0.1091,non-degrader
RKU46693.1 hypothetical protein DL546_008755 [Coniochaeta pulveracea],279,0.1088,non-degrader
RKU48396.1 hypothetical protein DL546_009387 [Coniochaeta pulveracea],169,0.1087,non-degrader
RKU46876.1 hypothetical protein DL546_009067 [Coniochaeta pulveracea],83,0.1086,non-degrader
RKU48937.1 hypothetical protein DL546_009261 [Coniochaeta pulveracea],299,0.1084,non-degrader
RKU49289.1 hypothetical protein DL546_009781 [Coniochaeta pulveracea],114,0.1083,non-degrader
RKU41534.1 hypothetical protein DL546_005334 [Coniochaeta pulveracea],108,0.1083,non-degrader
RKU47596.1 conidiation-specific expression protein [Coniochaeta pulveracea],86,0.108,non-degrader
RKU40962.1 hypothetical protein DL546_003097 [Coniochaeta pulveracea],221,0.1077,non-degrader
RKU47096.1 hypothetical protein DL546_002920 [Coniochaeta pulveracea],168,0.1076,non-degrader
RKU40905.1 hypothetical protein DL546_003798 [Coniochaeta pulveracea],99,0.1076,non-degrader
RKU43410.1 hypothetical protein DL546_003706 [Coniochaeta pulveracea],274,0.1071,non-degrader
RKU44947.1 hypothetical protein DL546_005836 [Coniochaeta pulveracea],283,0.1069,non-degrader
RKU40961.1 hypothetical protein DL546_003064 [Coniochaeta pulveracea],247,0.1066,non-degrader
RKU49002.1 hypothetical protein DL546_009658 [Coniochaeta pulveracea],161,0.1064,non-degrader
RKU47981.1 ribosome biosynthesis protein nip7 [Coniochaeta pulveracea],187,0.1063,non-degrader
RKU44163.1 hypothetical protein DL546_006289 [Coniochaeta pulveracea],233,0.1062,non-degrader
RKU41303.1 hypothetical protein DL546_003220 [Coniochaeta pulveracea],260,0.1062,non-degrader
RKU43588.1 hypothetical protein DL546_005799 [Coniochaeta pulveracea],186,0.106,non-degrader
RKU40264.1 hypothetical protein DL546_001567 [Coniochaeta pulveracea],168,0.1059,non-degrader
RKU43997.1 hypothetical protein DL546_006673 [Coniochaeta pulveracea],268,0.1058,non-degrader
RKU43219.1 hypothetical protein DL546_001163 [Coniochaeta pulveracea],247,0.1057,non-degrader
RKU40201.1 hypothetical protein DL546_000999 [Coniochaeta pulveracea],239,0.1054,non-degrader
RKU44351.1 hypothetical protein DL546_007349 [Coniochaeta pulveracea],298,0.105,non-degrader
RKU48212.1 hypothetical protein DL546_002165 [Coniochaeta pulveracea],245,0.1048,non-degrader
RKU41098.1 hypothetical protein DL546_000907 [Coniochaeta pulveracea],220,0.1048,non-degrader
RKU44131.1 hypothetical protein DL546_004194 [Coniochaeta pulveracea],84,0.1045,non-degrader
RKU43893.1 hypothetical protein DL546_006208 [Coniochaeta pulveracea],290,0.1045,non-degrader
RKU48386.1 hypothetical protein DL546_009238 [Coniochaeta pulveracea],208,0.1039,non-degrader
RKU40657.1 hypothetical protein DL546_009932 [Coniochaeta pulveracea],141,0.1039,non-degrader
RKU41678.1 hypothetical protein DL546_005012 [Coniochaeta pulveracea],149,0.1038,non-degrader
RKU41346.1 hypothetical protein DL546_004914 [Coniochaeta pulveracea],288,0.1038,non-degrader
RKU43156.1 hypothetical protein DL546_002966 [Coniochaeta pulveracea],294,0.1035,non-degrader
RKU45376.1 hypothetical protein DL546_003176 [Coniochaeta pulveracea],107,0.1034,non-degrader
RKU47033.1 hypothetical protein DL546_008568 [Coniochaeta pulveracea],270,0.1032,non-degrader
RKU44164.1 hypothetical protein DL546_006289 [Coniochaeta pulveracea],201,0.103,non-degrader
RKU47546.1 hypothetical protein DL546_006302 [Coniochaeta pulveracea],255,0.1027,non-degrader
RKU45949.1 hypothetical protein DL546_004597 [Coniochaeta pulveracea],101,0.1027,non-degrader
RKU42595.1 hypothetical protein DL546_004343 [Coniochaeta pulveracea],131,0.1027,non-degrader
RKU42133.1 hypothetical protein DL546_009926 [Coniochaeta pulveracea],137,0.1027,non-degrader
RKU40277.1 hypothetical protein DL546_002735 [Coniochaeta pulveracea],100,0.1027,non-degrader
RKU44910.1 hypothetical protein DL546_002874 [Coniochaeta pulveracea],175,0.1026,non-degrader
RKU45767.1 hypothetical protein DL546_000718 [Coniochaeta pulveracea],273,0.1021,non-degrader
RKU43109.1 hypothetical protein DL546_004612 [Coniochaeta pulveracea],220,0.102,non-degrader
RKU48813.1 hypothetical protein DL546_006564 [Coniochaeta pulveracea],227,0.1018,non-degrader
RKU45099.1 hypothetical protein DL546_001573 [Coniochaeta pulveracea],72,0.1018,non-degrader
RKU45443.1 hypothetical protein DL546_007128 [Coniochaeta pulveracea],233,0.1015,non-degrader
RKU43402.1 hypothetical protein DL546_002824 [Coniochaeta pulveracea],249,0.1013,non-degrader
RKU48991.1 hypothetical protein DL546_009624 [Coniochaeta pulveracea],286,0.101,non-degrader
RKU41521.1 hypothetical protein DL546_004488 [Coniochaeta pulveracea],239,0.101,non-degrader
RKU49185.1 hypothetical protein DL546_008836 [Coniochaeta pulveracea],257,0.1008,non-degrader
RKU43866.1 hypothetical protein DL546_004405 [Coniochaeta pulveracea],165,0.1007,non-degrader
RKU49605.1 hypothetical protein DL546_009521 [Coniochaeta pulveracea],224,0.1005,non-degrader
RKU46966.1 hypothetical protein DL546_006612 [Coniochaeta pulveracea],123,0.1004,non-degrader
RKU41114.1 hypothetical protein DL546_003020 [Coniochaeta pulveracea],212,0.1004,non-degrader
RKU40140.1 hypothetical protein DL546_002028 [Coniochaeta pulveracea],241,0.1001,non-degrader
RKU47936.1 hypothetical protein DL546_009412 [Coniochaeta pulveracea],271,0.0999,non-degrader
RKU44840.1 60S ribosomal protein L13 [Coniochaeta pulveracea],211,0.0999,non-degrader
RKU43940.1 hypothetical protein DL546_002362 [Coniochaeta pulveracea],197,0.0998,non-degrader
RKU44872.1 hypothetical protein DL546_007091 [Coniochaeta pulveracea],216,0.0997,non-degrader
RKU39918.1 hypothetical protein DL546_000577 [Coniochaeta pulveracea],162,0.0996,non-degrader
RKU46630.1 hypothetical protein DL546_007437 [Coniochaeta pulveracea],228,0.0995,non-degrader
RKU41711.1 hypothetical protein DL546_003243 [Coniochaeta pulveracea],112,0.0993,non-degrader
RKU48787.1 hypothetical protein DL546_005562 [Coniochaeta pulveracea],216,0.0991,non-degrader
RKU48366.1 hypothetical protein DL546_008976 [Coniochaeta pulveracea],232,0.0991,non-degrader
RKU43747.1 hypothetical protein DL546_006048 [Coniochaeta pulveracea],114,0.0991,non-degrader
RKU41798.1 hypothetical protein DL546_001684 [Coniochaeta pulveracea],106,0.0988,non-degrader
RKU45030.1 hypothetical protein DL546_005060 [Coniochaeta pulveracea],285,0.0984,non-degrader
RKU47838.1 hypothetical protein DL546_008099 [Coniochaeta pulveracea],271,0.0981,non-degrader
RKU46046.1 hypothetical protein DL546_001383 [Coniochaeta pulveracea],77,0.0981,non-degrader
RKU47673.1 hypothetical protein DL546_009106 [Coniochaeta pulveracea],299,0.0976,non-degrader
RKU49355.1 hypothetical protein DL546_000264 [Coniochaeta pulveracea],116,0.0974,non-degrader
RKU48503.1 hypothetical protein DL546_005928 [Coniochaeta pulveracea],69,0.0972,non-degrader
RKU47848.1 hypothetical protein DL546_008362 [Coniochaeta pulveracea],113,0.097,non-degrader
RKU44304.1 hypothetical protein DL546_004704 [Coniochaeta pulveracea],119,0.097,non-degrader
RKU47759.1 hypothetical protein DL546_005211 [Coniochaeta pulveracea],270,0.0966,non-degrader
RKU44657.1 hypothetical protein DL546_002745 [Coniochaeta pulveracea],91,0.0966,non-degrader
RKU41196.1 putative PKS/NRPS-like protein biosynthetic cluster [Coniochaeta pulveracea],266,0.0962,non-degrader
RKU40646.1 hypothetical protein DL546_000213 [Coniochaeta pulveracea],271,0.0959,non-degrader
RKU40597.1 hypothetical protein DL546_003768 [Coniochaeta pulveracea],259,0.0959,non-degrader
RKU41830.1 hypothetical protein DL546_004523 [Coniochaeta pulveracea],164,0.0957,non-degrader
RKU41062.1 hypothetical protein DL546_001910 [Coniochaeta pulveracea],71,0.0953,non-degrader
RKU44643.1 hypothetical protein DL546_000828 [Coniochaeta pulveracea],142,0.0944,non-degrader
RKU39750.1 hypothetical protein DL546_000310 [Coniochaeta pulveracea],195,0.0943,non-degrader
RKU44968.1 hypothetical protein DL546_006944 [Coniochaeta pulveracea],289,0.0942,non-degrader
RKU42197.1 hypothetical protein DL546_004358 [Coniochaeta pulveracea],208,0.0942,non-degrader
RKU48772.1 hypothetical protein DL546_004278 [Coniochaeta pulveracea],213,0.094,non-degrader
RKU39904.1 hypothetical protein DL546_001069 [Coniochaeta pulveracea],229,0.094,non-degrader
RKU41677.1 hypothetical protein DL546_004979 [Coniochaeta pulveracea],144,0.0938,non-degrader
RKU39871.1 hypothetical protein DL546_000711 [Coniochaeta pulveracea],141,0.0937,non-degrader
RKU48942.1 hypothetical protein DL546_009292 [Coniochaeta pulveracea],130,0.0934,non-degrader
RKU42688.1 hypothetical protein DL546_005534 [Coniochaeta pulveracea],215,0.0931,non-degrader
RKU42508.1 hypothetical protein DL546_002240 [Coniochaeta pulveracea],72,0.093,non-degrader
RKU49117.1 hypothetical protein DL546_007405 [Coniochaeta pulveracea],193,0.0929,non-degrader
RKU41391.1 hypothetical protein DL546_004622 [Coniochaeta pulveracea],285,0.0926,non-degrader
RKU47220.1 hypothetical protein DL546_008390 [Coniochaeta pulveracea],75,0.0925,non-degrader
RKU46791.1 hypothetical protein DL546_006740 [Coniochaeta pulveracea],261,0.0925,non-degrader
RKU46734.1 hypothetical protein DL546_002604 [Coniochaeta pulveracea],196,0.0925,non-degrader
RKU43662.1 hypothetical protein DL546_006314 [Coniochaeta pulveracea],240,0.0925,non-degrader
RKU41629.1 hypothetical protein DL546_009927 [Coniochaeta pulveracea],174,0.0925,non-degrader
RKU44949.1 Cyanate hydratase [Coniochaeta pulveracea],164,0.0924,non-degrader
RKU47027.1 hypothetical protein DL546_008477 [Coniochaeta pulveracea],288,0.0922,non-degrader
RKU42509.1 hypothetical protein DL546_002308 [Coniochaeta pulveracea],129,0.0922,non-degrader
RKU47000.1 hypothetical protein DL546_007782 [Coniochaeta pulveracea],122,0.092,non-degrader
RKU45485.1 hypothetical protein DL546_008301 [Coniochaeta pulveracea],133,0.0919,non-degrader
RKU40761.1 hypothetical protein DL546_001457 [Coniochaeta pulveracea],247,0.0919,non-degrader
RKU46602.1 hypothetical protein DL546_006364 [Coniochaeta pulveracea],272,0.0916,non-degrader
RKU42049.1 hypothetical protein DL546_001925 [Coniochaeta pulveracea],165,0.0916,non-degrader
RKU40897.1 3-oxo-5-alpha-steroid 4-dehydrogenase 1 [Coniochaeta pulveracea],283,0.0916,non-degrader
RKU49235.1 hypothetical protein DL546_009563 [Coniochaeta pulveracea],194,0.0914,non-degrader
RKU40090.1 hypothetical protein DL546_002230 [Coniochaeta pulveracea],119,0.0914,non-degrader
RKU46857.1 hypothetical protein DL546_008496 [Coniochaeta pulveracea],166,0.0913,non-degrader
RKU44536.1 hypothetical protein DL546_007515 [Coniochaeta pulveracea],102,0.0913,non-degrader
RKU49547.1 hypothetical protein DL546_009145 [Coniochaeta pulveracea],263,0.0912,non-degrader
RKU41936.1 hypothetical protein DL546_003181 [Coniochaeta pulveracea],109,0.0912,non-degrader
RKU41865.1 C-8 sterol isomerase [Coniochaeta pulveracea],260,0.0912,non-degrader
RKU42485.1 hypothetical protein DL546_005931 [Coniochaeta pulveracea],179,0.0911,non-degrader
RKU47275.1 hypothetical protein DL546_009094 [Coniochaeta pulveracea],155,0.091,non-degrader
RKU48285.1 DNA-directed RNA polymerase II subunit L [Coniochaeta pulveracea],85,0.0904,non-degrader
RKU41211.1 hypothetical protein DL546_003691 [Coniochaeta pulveracea],226,0.0904,non-degrader
RKU46818.1 hypothetical protein DL546_007713 [Coniochaeta pulveracea],237,0.0903,non-degrader
RKU42960.1 hypothetical protein DL546_006041 [Coniochaeta pulveracea],271,0.0903,non-degrader
RKU42967.1 histone H3.1 [Coniochaeta pulveracea],136,0.0902,non-degrader
RKU39932.1 hypothetical protein DL546_001669 [Coniochaeta pulveracea],152,0.0902,non-degrader
RKU44636.1 hypothetical protein DL546_007445 [Coniochaeta pulveracea],263,0.0901,non-degrader
RKU48300.1 hypothetical protein DL546_007689 [Coniochaeta pulveracea],123,0.0898,non-degrader
RKU39809.1 hypothetical protein DL546_000669 [Coniochaeta pulveracea],264,0.0898,non-degrader
RKU46587.1 hypothetical protein DL546_005560 [Coniochaeta pulveracea],282,0.0897,non-degrader
RKU42952.1 hypothetical protein DL546_005557 [Coniochaeta pulveracea],104,0.0896,non-degrader
RKU49189.1 hypothetical protein DL546_008877 [Coniochaeta pulveracea],252,0.0894,non-degrader
RKU44021.1 hypothetical protein DL546_004058 [Coniochaeta pulveracea],115,0.0894,non-degrader
RKU41954.1 hypothetical protein DL546_004029 [Coniochaeta pulveracea],189,0.0892,non-degrader
RKU43496.1 hypothetical protein DL546_003858 [Coniochaeta pulveracea],84,0.0891,non-degrader
RKU43193.1 hypothetical protein DL546_005416 [Coniochaeta pulveracea],120,0.089,non-degrader
RKU49570.1 hypothetical protein DL546_009350 [Coniochaeta pulveracea],190,0.0889,non-degrader
RKU43853.1 40S ribosomal protein S6 [Coniochaeta pulveracea],239,0.0887,non-degrader
RKU45059.1 U4/U6-U5 snRNP complex subunit dib1 [Coniochaeta pulveracea],143,0.0886,non-degrader
RKU48289.1 hypothetical protein DL546_007453 [Coniochaeta pulveracea],112,0.0885,non-degrader
RKU41934.1 hypothetical protein DL546_003006 [Coniochaeta pulveracea],254,0.0885,non-degrader
RKU41933.1 hypothetical protein DL546_003006 [Coniochaeta pulveracea],254,0.0885,non-degrader
RKU47893.1 hypothetical protein DL546_008978 [Coniochaeta pulveracea],171,0.0884,non-degrader
RKU44297.1 hypothetical protein DL546_003801 [Coniochaeta pulveracea],199,0.0884,non-degrader
RKU43147.1 hypothetical protein DL546_001518 [Coniochaeta pulveracea],258,0.0883,non-degrader
RKU41720.1 hypothetical protein DL546_004044 [Coniochaeta pulveracea],154,0.0883,non-degrader
RKU46070.1 hypothetical protein DL546_003876 [Coniochaeta pulveracea],256,0.0882,non-degrader
RKU48242.1 hypothetical protein DL546_004535 [Coniochaeta pulveracea],173,0.0881,non-degrader
RKU45715.1 hypothetical protein DL546_007584 [Coniochaeta pulveracea],103,0.088,non-degrader
RKU48428.1 hypothetical protein DL546_009594 [Coniochaeta pulveracea],172,0.0877,non-degrader
RKU47987.1 hypothetical protein DL546_004923 [Coniochaeta pulveracea],295,0.0877,non-degrader
"RKU41591.1 hypothetical protein DL546_005411, partial [Coniochaeta pulveracea]",93,0.0877,non-degrader
RKU46032.1 hypothetical protein DL546_008650 [Coniochaeta pulveracea],103,0.0876,non-degrader
RKU43113.1 hypothetical protein DL546_004872 [Coniochaeta pulveracea],106,0.0876,non-degrader
RKU42715.1 hypothetical protein DL546_003242 [Coniochaeta pulveracea],276,0.0875,non-degrader
RKU46472.1 hypothetical protein DL546_007856 [Coniochaeta pulveracea],124,0.0874,non-degrader
RKU41394.1 hypothetical protein DL546_004808 [Coniochaeta pulveracea],265,0.0874,non-degrader
RKU43669.1 hypothetical protein DL546_006512 [Coniochaeta pulveracea],200,0.0873,non-degrader
RKU45352.1 hypothetical protein DL546_008153 [Coniochaeta pulveracea],285,0.0872,non-degrader
RKU46462.1 putative endonuclease lcl3 [Coniochaeta pulveracea],296,0.0868,non-degrader
RKU48037.1 hypothetical protein DL546_007687 [Coniochaeta pulveracea],295,0.0867,non-degrader
RKU45735.1 hypothetical protein DL546_008064 [Coniochaeta pulveracea],246,0.0865,non-degrader
RKU41922.1 hypothetical protein DL546_001674 [Coniochaeta pulveracea],190,0.0865,non-degrader
RKU41974.1 hypothetical protein DL546_001075 [Coniochaeta pulveracea],159,0.0863,non-degrader
RKU39886.1 hypothetical protein DL546_000593 [Coniochaeta pulveracea],257,0.0863,non-degrader
RKU46455.1 hypothetical protein DL546_007344 [Coniochaeta pulveracea],155,0.0859,non-degrader
RKU46061.1 hypothetical protein DL546_003158 [Coniochaeta pulveracea],201,0.0858,non-degrader
RKU41490.1 hypothetical protein DL546_000405 [Coniochaeta pulveracea],116,0.0856,non-degrader
RKU43018.1 hypothetical protein DL546_003897 [Coniochaeta pulveracea],157,0.0855,non-degrader
RKU40011.1 putative diacetyl reductase [(R)-acetoin forming] 2 [Coniochaeta pulveracea],294,0.0855,non-degrader
RKU47538.1 hypothetical protein DL546_005821 [Coniochaeta pulveracea],73,0.0854,non-degrader
RKU41546.1 hypothetical protein DL546_001460 [Coniochaeta pulveracea],300,0.0852,non-degrader
RKU44066.1 hypothetical protein DL546_006551 [Coniochaeta pulveracea],226,0.085,non-degrader
RKU41441.1 hypothetical protein DL546_001394 [Coniochaeta pulveracea],125,0.085,non-degrader
RKU46445.1 hypothetical protein DL546_006909 [Coniochaeta pulveracea],257,0.0848,non-degrader
RKU45444.1 hypothetical protein DL546_007128 [Coniochaeta pulveracea],247,0.0848,non-degrader
RKU45126.1 hypothetical protein DL546_003898 [Coniochaeta pulveracea],120,0.0848,non-degrader
RKU41818.1 hypothetical protein DL546_003840 [Coniochaeta pulveracea],291,0.0848,non-degrader
RKU46828.1 hypothetical protein DL546_007888 [Coniochaeta pulveracea],150,0.0846,non-degrader
RKU45537.1 40S ribosomal protein S27 [Coniochaeta pulveracea],82,0.0846,non-degrader
RKU42897.1 hypothetical protein DL546_006387 [Coniochaeta pulveracea],258,0.0846,non-degrader
RKU41935.1 ribonuclease T2-like [Coniochaeta pulveracea],201,0.0846,non-degrader
RKU44222.1 hypothetical protein DL546_004867 [Coniochaeta pulveracea],133,0.0844,non-degrader
RKU48234.1 hypothetical protein DL546_004157 [Coniochaeta pulveracea],102,0.0843,non-degrader
RKU45624.1 hypothetical protein DL546_008419 [Coniochaeta pulveracea],64,0.0843,non-degrader
RKU40474.1 hypothetical protein DL546_000706 [Coniochaeta pulveracea],125,0.0842,non-degrader
RKU40369.1 hypothetical protein DL546_002520 [Coniochaeta pulveracea],134,0.0842,non-degrader
RKU39988.1 hypothetical protein DL546_000634 [Coniochaeta pulveracea],227,0.0842,non-degrader
RKU49182.1 hypothetical protein DL546_008812 [Coniochaeta pulveracea],123,0.0841,non-degrader
RKU49087.1 hypothetical protein DL546_005078 [Coniochaeta pulveracea],289,0.0841,non-degrader
RKU46238.1 hypothetical protein DL546_005261 [Coniochaeta pulveracea],106,0.0841,non-degrader
RKU41842.1 hypothetical protein DL546_005445 [Coniochaeta pulveracea],166,0.0841,non-degrader
RKU43966.1 hypothetical protein DL546_004620 [Coniochaeta pulveracea],255,0.0839,non-degrader
RKU48347.1 hypothetical protein DL546_008728 [Coniochaeta pulveracea],250,0.0838,non-degrader
RKU46548.1 hypothetical protein DL546_001898 [Coniochaeta pulveracea],274,0.0838,non-degrader
RKU42896.1 hypothetical protein DL546_006373 [Coniochaeta pulveracea],126,0.0838,non-degrader
RKU42593.1 hypothetical protein DL546_004268 [Coniochaeta pulveracea],238,0.0838,non-degrader
RKU45804.1 hypothetical protein DL546_005381 [Coniochaeta pulveracea],171,0.0837,non-degrader
RKU46528.1 hypothetical protein DL546_008853 [Coniochaeta pulveracea],260,0.0835,non-degrader
RKU45608.1 hypothetical protein DL546_008090 [Coniochaeta pulveracea],142,0.0835,non-degrader
RKU45320.1 hypothetical protein DL546_007370 [Coniochaeta pulveracea],276,0.0835,non-degrader
RKU45712.1 hypothetical protein DL546_007514 [Coniochaeta pulveracea],124,0.0834,non-degrader
RKU42331.1 hypothetical protein DL546_005149 [Coniochaeta pulveracea],257,0.0829,non-degrader
RKU41417.1 hypothetical protein DL546_003396 [Coniochaeta pulveracea],282,0.0829,non-degrader
RKU48615.1 hypothetical protein DL546_008826 [Coniochaeta pulveracea],199,0.0827,non-degrader
RKU49590.1 Cytochrome b-c1 complex subunit 7 [Coniochaeta pulveracea],121,0.0826,non-degrader
RKU44791.1 hypothetical protein DL546_007441 [Coniochaeta pulveracea],267,0.0826,non-degrader
RKU42576.1 hypothetical protein DL546_002863 [Coniochaeta pulveracea],280,0.0826,non-degrader
RKU49058.1 hypothetical protein DL546_002388 [Coniochaeta pulveracea],103,0.0824,non-degrader
RKU48642.1 hypothetical protein DL546_009168 [Coniochaeta pulveracea],99,0.0824,non-degrader
RKU46669.1 hypothetical protein DL546_008323 [Coniochaeta pulveracea],178,0.0823,non-degrader
"RKU45289.1 hypothetical protein DL546_006275, partial [Coniochaeta pulveracea]",110,0.0823,non-degrader
RKU45434.1 40S ribosomal protein S4 [Coniochaeta pulveracea],262,0.0822,non-degrader
RKU46707.1 hypothetical protein DL546_009011 [Coniochaeta pulveracea],242,0.0818,non-degrader
RKU43447.1 nucleoside triphosphate pyrophosphohydrolase ham1 [Coniochaeta pulveracea],159,0.0818,non-degrader
RKU44537.1 hypothetical protein DL546_007526 [Coniochaeta pulveracea],172,0.0817,non-degrader
RKU44149.1 hypothetical protein DL546_005293 [Coniochaeta pulveracea],274,0.0817,non-degrader
RKU42781.1 hypothetical protein DL546_002542 [Coniochaeta pulveracea],68,0.0817,non-degrader
RKU42537.1 hypothetical protein DL546_005199 [Coniochaeta pulveracea],253,0.0817,non-degrader
RKU47447.1 hypothetical protein DL546_008938 [Coniochaeta pulveracea],102,0.0814,non-degrader
RKU42499.1 hypothetical protein DL546_001292 [Coniochaeta pulveracea],136,0.0814,non-degrader
RKU46987.1 hypothetical protein DL546_007541 [Coniochaeta pulveracea],199,0.0813,non-degrader
RKU48512.1 Trihydroxynaphthalene reductase [Coniochaeta pulveracea],280,0.0812,non-degrader
RKU46853.1 H(+)-transporting V0 sector ATPase subunit e [Coniochaeta pulveracea],76,0.0811,non-degrader
RKU45056.1 hypothetical protein DL546_006847 [Coniochaeta pulveracea],98,0.081,non-degrader
RKU42955.1 hypothetical protein DL546_005789 [Coniochaeta pulveracea],290,0.081,non-degrader
RKU39712.1 hypothetical protein DL546_000351 [Coniochaeta pulveracea],142,0.0808,non-degrader
RKU48910.1 hypothetical protein DL546_008906 [Coniochaeta pulveracea],281,0.0807,non-degrader
RKU40560.1 hypothetical protein DL546_003634 [Coniochaeta pulveracea],245,0.0807,non-degrader
RKU40562.1 cytosine deaminase [Coniochaeta pulveracea],163,0.0806,non-degrader
RKU42627.1 hypothetical protein DL546_006007 [Coniochaeta pulveracea],191,0.0805,non-degrader
RKU43756.1 hypothetical protein DL546_006398 [Coniochaeta pulveracea],287,0.0803,non-degrader
RKU48401.1 hypothetical protein DL546_009466 [Coniochaeta pulveracea],300,0.0802,non-degrader
RKU41318.1 hypothetical protein DL546_004504 [Coniochaeta pulveracea],104,0.0801,non-degrader
RKU48244.1 hypothetical protein DL546_004677 [Coniochaeta pulveracea],103,0.08,non-degrader
RKU48202.1 40S ribosomal protein S28 [Coniochaeta pulveracea],68,0.08,non-degrader
RKU46498.1 hypothetical protein DL546_008394 [Coniochaeta pulveracea],206,0.08,non-degrader
RKU45237.1 hypothetical protein DL546_002704 [Coniochaeta pulveracea],174,0.08,non-degrader
RKU44485.1 hypothetical protein DL546_009915 [Coniochaeta pulveracea],155,0.0799,non-degrader
RKU44547.1 hypothetical protein DL546_001341 [Coniochaeta pulveracea],108,0.0798,non-degrader
RKU40315.1 hypothetical protein DL546_002089 [Coniochaeta pulveracea],292,0.0797,non-degrader
RKU48049.1 hypothetical protein DL546_007903 [Coniochaeta pulveracea],107,0.0795,non-degrader
RKU47598.1 hypothetical protein DL546_007873 [Coniochaeta pulveracea],137,0.0794,non-degrader
RKU47470.1 Peptidyl-prolyl cis-trans isomerase cyp10 [Coniochaeta pulveracea],170,0.0793,non-degrader
RKU44268.1 hypothetical protein DL546_000219 [Coniochaeta pulveracea],137,0.0793,non-degrader
RKU40543.1 hypothetical protein DL546_002148 [Coniochaeta pulveracea],285,0.0793,non-degrader
"RKU49223.1 Peptide methionine sulfoxide reductase B2, chloroplastic [Coniochaeta pulveracea]",204,0.0792,non-degrader
RKU43504.1 hypothetical protein DL546_004448 [Coniochaeta pulveracea],212,0.0792,non-degrader
RKU41229.1 hypothetical protein DL546_001037 [Coniochaeta pulveracea],119,0.0792,non-degrader
RKU46484.1 ribosomal 40S subunit protein S13 [Coniochaeta pulveracea],151,0.0791,non-degrader
RKU45144.1 60S ribosomal protein L25 [Coniochaeta pulveracea],157,0.0791,non-degrader
RKU40572.1 hypothetical protein DL546_001696 [Coniochaeta pulveracea],92,0.0791,non-degrader
RKU39755.1 hypothetical protein DL546_000081 [Coniochaeta pulveracea],136,0.0791,non-degrader
RKU46269.1 hypothetical protein DL546_006715 [Coniochaeta pulveracea],204,0.0789,non-degrader
RKU40860.1 hypothetical protein DL546_003490 [Coniochaeta pulveracea],159,0.0787,non-degrader
RKU48213.1 hypothetical protein DL546_002302 [Coniochaeta pulveracea],283,0.0786,non-degrader
RKU44078.1 hypothetical protein DL546_007025 [Coniochaeta pulveracea],106,0.0785,non-degrader
RKU44803.1 hypothetical protein DL546_000329 [Coniochaeta pulveracea],174,0.0784,non-degrader
RKU43766.1 hypothetical protein DL546_002242 [Coniochaeta pulveracea],197,0.0784,non-degrader
RKU42724.1 hypothetical protein DL546_004007 [Coniochaeta pulveracea],238,0.0784,non-degrader
RKU47245.1 hypothetical protein DL546_008767 [Coniochaeta pulveracea],222,0.0783,non-degrader
RKU47083.1 hypothetical protein DL546_009228 [Coniochaeta pulveracea],109,0.0783,non-degrader
RKU41075.1 hypothetical protein DL546_003366 [Coniochaeta pulveracea],154,0.0783,non-degrader
RKU43372.1 hypothetical protein DL546_006497 [Coniochaeta pulveracea],254,0.0781,non-degrader
RKU40699.1 hypothetical protein DL546_002392 [Coniochaeta pulveracea],100,0.0781,non-degrader
RKU45743.1 hypothetical protein DL546_008181 [Coniochaeta pulveracea],200,0.078,non-degrader
RKU41579.1 hypothetical protein DL546_004422 [Coniochaeta pulveracea],121,0.078,non-degrader
RKU49513.1 hypothetical protein DL546_008774 [Coniochaeta pulveracea],108,0.0776,non-degrader
RKU45058.1 hypothetical protein DL546_006898 [Coniochaeta pulveracea],272,0.0776,non-degrader
RKU43603.1 hypothetical protein DL546_006914 [Coniochaeta pulveracea],117,0.0776,non-degrader
RKU44873.1 hypothetical protein DL546_007112 [Coniochaeta pulveracea],182,0.0775,non-degrader
RKU44775.1 hypothetical protein DL546_006765 [Coniochaeta pulveracea],294,0.0775,non-degrader
RKU47442.1 hypothetical protein DL546_008824 [Coniochaeta pulveracea],230,0.0774,non-degrader
RKU39921.1 hypothetical protein DL546_000807 [Coniochaeta pulveracea],72,0.0774,non-degrader
RKU43119.1 hypothetical protein DL546_005425 [Coniochaeta pulveracea],180,0.0773,non-degrader
RKU43241.1 hypothetical protein DL546_003448 [Coniochaeta pulveracea],177,0.0772,non-degrader
RKU43683.1 hypothetical protein DL546_000166 [Coniochaeta pulveracea],164,0.0771,non-degrader
RKU47550.1 hypothetical protein DL546_006459 [Coniochaeta pulveracea],229,0.077,non-degrader
RKU46432.1 hypothetical protein DL546_006536 [Coniochaeta pulveracea],190,0.077,non-degrader
RKU41446.1 hypothetical protein DL546_001843 [Coniochaeta pulveracea],165,0.0769,non-degrader
RKU48456.1 hypothetical protein DL546_002304 [Coniochaeta pulveracea],117,0.0767,non-degrader
"RKU42944.1 Cytochrome c oxidase assembly protein cox11, mitochondrial [Coniochaeta pulveracea]",277,0.0766,non-degrader
RKU39777.1 hypothetical protein DL546_000885 [Coniochaeta pulveracea],293,0.0764,non-degrader
RKU39703.1 hypothetical protein DL546_000215 [Coniochaeta pulveracea],264,0.0764,non-degrader
RKU45728.1 hypothetical protein DL546_007956 [Coniochaeta pulveracea],170,0.0762,non-degrader
RKU46796.1 hypothetical protein DL546_009905 [Coniochaeta pulveracea],169,0.0761,non-degrader
RKU45458.1 hypothetical protein DL546_007712 [Coniochaeta pulveracea],68,0.0761,non-degrader
RKU44698.1 hypothetical protein DL546_006034 [Coniochaeta pulveracea],90,0.0761,non-degrader
RKU41091.1 hypothetical protein DL546_000044 [Coniochaeta pulveracea],153,0.0761,non-degrader
RKU46562.1 hypothetical protein DL546_003404 [Coniochaeta pulveracea],264,0.076,non-degrader
RKU46553.1 hypothetical protein DL546_002325 [Coniochaeta pulveracea],72,0.076,non-degrader
RKU45905.1 hypothetical protein DL546_000046 [Coniochaeta pulveracea],278,0.076,non-degrader
RKU49108.1 hypothetical protein DL546_006711 [Coniochaeta pulveracea],261,0.0759,non-degrader
"RKU39933.1 hypothetical protein DL546_001836, partial [Coniochaeta pulveracea]",287,0.0759,non-degrader
RKU44731.1 hypothetical protein DL546_007427 [Coniochaeta pulveracea],290,0.0758,non-degrader
RKU45204.1 hypothetical protein DL546_008068 [Coniochaeta pulveracea],104,0.0756,non-degrader
"RKU39786.1 hypothetical protein DL546_001005, partial [Coniochaeta pulveracea]",246,0.0755,non-degrader
RKU49509.1 hypothetical protein DL546_008686 [Coniochaeta pulveracea],195,0.0754,non-degrader
RKU47296.1 hypothetical protein DL546_009332 [Coniochaeta pulveracea],221,0.0754,non-degrader
RKU48851.1 hypothetical protein DL546_007685 [Coniochaeta pulveracea],283,0.0753,non-degrader
RKU40096.1 hypothetical protein DL546_000334 [Coniochaeta pulveracea],178,0.0753,non-degrader
RKU48427.1 hypothetical protein DL546_009591 [Coniochaeta pulveracea],110,0.0751,non-degrader
RKU40141.1 hypothetical protein DL546_002117 [Coniochaeta pulveracea],239,0.075,non-degrader
RKU46373.1 hypothetical protein DL546_003515 [Coniochaeta pulveracea],171,0.0746,non-degrader
RKU42672.1 hypothetical protein DL546_004239 [Coniochaeta pulveracea],257,0.0745,non-degrader
RKU46438.1 hypothetical protein DL546_006752 [Coniochaeta pulveracea],291,0.0744,non-degrader
RKU44526.1 hypothetical protein DL546_007003 [Coniochaeta pulveracea],257,0.0744,non-degrader
RKU45738.1 hypothetical protein DL546_008096 [Coniochaeta pulveracea],253,0.0743,non-degrader
RKU40054.1 hypothetical protein DL546_002146 [Coniochaeta pulveracea],218,0.0742,non-degrader
RKU44665.1 hypothetical protein DL546_003469 [Coniochaeta pulveracea],216,0.074,non-degrader
RKU46428.1 hypothetical protein DL546_006372 [Coniochaeta pulveracea],184,0.0739,non-degrader
RKU46167.1 hypothetical protein DL546_008093 [Coniochaeta pulveracea],287,0.0739,non-degrader
RKU43484.1 hypothetical protein DL546_003263 [Coniochaeta pulveracea],283,0.0738,non-degrader
RKU49419.1 hypothetical protein DL546_006267 [Coniochaeta pulveracea],223,0.0737,non-degrader
RKU40541.1 hypothetical protein DL546_002101 [Coniochaeta pulveracea],63,0.0737,non-degrader
RKU49294.1 hypothetical protein DL546_009787 [Coniochaeta pulveracea],253,0.0736,non-degrader
RKU47842.1 hypothetical protein DL546_008257 [Coniochaeta pulveracea],265,0.0733,non-degrader
RKU49022.1 hypothetical protein DL546_009734 [Coniochaeta pulveracea],127,0.0732,non-degrader
RKU40487.1 40S ribosomal protein S9 [Coniochaeta pulveracea],192,0.0732,non-degrader
RKU47482.1 hypothetical protein DL546_001212 [Coniochaeta pulveracea],218,0.0731,non-degrader
RKU41484.1 hypothetical protein DL546_005100 [Coniochaeta pulveracea],264,0.0731,non-degrader
RKU46405.1 hypothetical protein DL546_005479 [Coniochaeta pulveracea],274,0.073,non-degrader
RKU40500.1 hypothetical protein DL546_002855 [Coniochaeta pulveracea],131,0.073,non-degrader
RKU47077.1 hypothetical protein DL546_009174 [Coniochaeta pulveracea],182,0.0729,non-degrader
RKU41892.1 hypothetical protein DL546_004363 [Coniochaeta pulveracea],214,0.0729,non-degrader
RKU41007.1 centromeric DNA-binding histone H3-like protein cse4 [Coniochaeta pulveracea],152,0.0729,non-degrader
RKU42158.1 hypothetical protein DL546_000802 [Coniochaeta pulveracea],269,0.0728,non-degrader
RKU40686.1 hypothetical protein DL546_000650 [Coniochaeta pulveracea],202,0.0727,non-degrader
RKU47488.1 DNA replication protein psf2 [Coniochaeta pulveracea],252,0.0726,non-degrader
RKU43694.1 hypothetical protein DL546_001368 [Coniochaeta pulveracea],162,0.0726,non-degrader
RKU41569.1 hypothetical protein DL546_004130 [Coniochaeta pulveracea],129,0.0726,non-degrader
RKU49446.1 hypothetical protein DL546_007368 [Coniochaeta pulveracea],284,0.0725,non-degrader
RKU42257.1 hypothetical protein DL546_004206 [Coniochaeta pulveracea],122,0.0724,non-degrader
RKU41738.1 hypothetical protein DL546_000037 [Coniochaeta pulveracea],208,0.0723,non-degrader
"RKU41223.1 hypothetical protein DL546_000020, partial [Coniochaeta pulveracea]",252,0.0723,non-degrader
RKU39867.1 hypothetical protein DL546_001235 [Coniochaeta pulveracea],245,0.0722,non-degrader
RKU48696.1 hypothetical protein DL546_009551 [Coniochaeta pulveracea],256,0.0721,non-degrader
RKU48554.1 hypothetical protein DL546_007883 [Coniochaeta pulveracea],275,0.0721,non-degrader
RKU45047.1 60S ribosomal protein L17 [Coniochaeta pulveracea],185,0.0721,non-degrader
RKU44593.1 hypothetical protein DL546_005649 [Coniochaeta pulveracea],104,0.0721,non-degrader
RKU44682.1 hypothetical protein DL546_004957 [Coniochaeta pulveracea],100,0.072,non-degrader
RKU43146.1 hypothetical protein DL546_001518 [Coniochaeta pulveracea],300,0.072,non-degrader
RKU39717.1 hypothetical protein DL546_000254 [Coniochaeta pulveracea],264,0.072,non-degrader
RKU45928.1 hypothetical protein DL546_003400 [Coniochaeta pulveracea],250,0.0719,non-degrader
"RKU43293.1 hypothetical protein DL546_006758, partial [Coniochaeta pulveracea]",140,0.0719,non-degrader
RKU40166.1 hypothetical protein DL546_000492 [Coniochaeta pulveracea],237,0.0719,non-degrader
RKU39926.1 hypothetical protein DL546_001352 [Coniochaeta pulveracea],244,0.0719,non-degrader
RKU40688.1 hypothetical protein DL546_000894 [Coniochaeta pulveracea],300,0.0718,non-degrader
RKU44432.1 hypothetical protein DL546_007197 [Coniochaeta pulveracea],214,0.0717,non-degrader
RKU40660.1 hypothetical protein DL546_001742 [Coniochaeta pulveracea],280,0.0715,non-degrader
RKU39740.1 hypothetical protein DL546_000204 [Coniochaeta pulveracea],255,0.0715,non-degrader
RKU46192.1 oligosaccharyltransferase complex subunit epsilon [Coniochaeta pulveracea],229,0.0714,non-degrader
RKU46190.1 hypothetical protein DL546_008713 [Coniochaeta pulveracea],219,0.0712,non-degrader
RKU45858.1 hypothetical protein DL546_007625 [Coniochaeta pulveracea],113,0.0711,non-degrader
RKU45431.1 hypothetical protein DL546_006596 [Coniochaeta pulveracea],286,0.0711,non-degrader
RKU44948.1 hypothetical protein DL546_005875 [Coniochaeta pulveracea],133,0.0711,non-degrader
RKU44771.1 hypothetical protein DL546_006444 [Coniochaeta pulveracea],126,0.0711,non-degrader
RKU41327.1 hypothetical protein DL546_003042 [Coniochaeta pulveracea],291,0.071,non-degrader
RKU49458.1 hypothetical protein DL546_007672 [Coniochaeta pulveracea],266,0.0708,non-degrader
RKU43100.1 hypothetical protein DL546_003928 [Coniochaeta pulveracea],162,0.0708,non-degrader
RKU40382.1 protein transport protein sft2 [Coniochaeta pulveracea],215,0.0706,non-degrader
RKU40814.1 hypothetical protein DL546_009931 [Coniochaeta pulveracea],298,0.0704,non-degrader
RKU44769.1 hypothetical protein DL546_006377 [Coniochaeta pulveracea],153,0.0703,non-degrader
RKU43439.1 hypothetical protein DL546_005957 [Coniochaeta pulveracea],261,0.0703,non-degrader
RKU44880.1 hypothetical protein DL546_007345 [Coniochaeta pulveracea],137,0.0702,non-degrader
RKU44558.1 hypothetical protein DL546_002279 [Coniochaeta pulveracea],226,0.0702,non-degrader
RKU39995.1 hypothetical protein DL546_001712 [Coniochaeta pulveracea],107,0.0702,non-degrader
RKU49054.1 hypothetical protein DL546_001956 [Coniochaeta pulveracea],294,0.07,non-degrader
RKU43408.1 hypothetical protein DL546_003541 [Coniochaeta pulveracea],113,0.0699,non-degrader
RKU40981.1 hypothetical protein DL546_001257 [Coniochaeta pulveracea],154,0.0698,non-degrader
RKU40165.1 hypothetical protein DL546_002593 [Coniochaeta pulveracea],212,0.0698,non-degrader
RKU46811.1 hypothetical protein DL546_007554 [Coniochaeta pulveracea],276,0.0697,non-degrader
RKU45311.1 hypothetical protein DL546_007143 [Coniochaeta pulveracea],222,0.0697,non-degrader
RKU45282.1 hypothetical protein DL546_006074 [Coniochaeta pulveracea],186,0.0697,non-degrader
RKU44377.1 hypothetical protein DL546_003254 [Coniochaeta pulveracea],102,0.0697,non-degrader
RKU47557.1 hypothetical protein DL546_006699 [Coniochaeta pulveracea],299,0.0696,non-degrader
RKU47008.1 hypothetical protein DL546_007968 [Coniochaeta pulveracea],235,0.0696,non-degrader
RKU44206.1 hypothetical protein DL546_002487 [Coniochaeta pulveracea],245,0.0696,non-degrader
RKU49193.1 hypothetical protein DL546_008913 [Coniochaeta pulveracea],130,0.0694,non-degrader
"RKU46933.1 tRNA methyltransferase, has a role in tRNA modification [Coniochaeta pulveracea]",259,0.0694,non-degrader
RKU42237.1 hypothetical protein DL546_002505 [Coniochaeta pulveracea],273,0.0694,non-degrader
RKU47276.1 hypothetical protein DL546_009101 [Coniochaeta pulveracea],96,0.0693,non-degrader
RKU45476.1 hypothetical protein DL546_008074 [Coniochaeta pulveracea],192,0.0693,non-degrader
RKU44994.1 hypothetical protein DL546_007691 [Coniochaeta pulveracea],148,0.0693,non-degrader
RKU41541.1 hypothetical protein DL546_000881 [Coniochaeta pulveracea],254,0.0693,non-degrader
RKU48000.1 hypothetical protein DL546_005950 [Coniochaeta pulveracea],258,0.0692,non-degrader
RKU45805.1 hypothetical protein DL546_005426 [Coniochaeta pulveracea],118,0.0692,non-degrader
RKU40349.1 hypothetical protein DL546_000501 [Coniochaeta pulveracea],260,0.0692,non-degrader
RKU40110.1 hypothetical protein DL546_000888 [Coniochaeta pulveracea],286,0.0692,non-degrader
RKU46941.1 hypothetical protein DL546_005295 [Coniochaeta pulveracea],126,0.069,non-degrader
RKU44520.1 hypothetical protein DL546_006664 [Coniochaeta pulveracea],278,0.069,non-degrader
RKU43891.1 hypothetical protein DL546_006126 [Coniochaeta pulveracea],200,0.069,non-degrader
RKU49320.1 hypothetical protein DL546_009840 [Coniochaeta pulveracea],133,0.0689,non-degrader
RKU49531.1 hypothetical protein DL546_008966 [Coniochaeta pulveracea],87,0.0688,non-degrader
RKU47978.1 hypothetical protein DL546_004495 [Coniochaeta pulveracea],106,0.0688,non-degrader
RKU45792.1 hypothetical protein DL546_004221 [Coniochaeta pulveracea],298,0.0688,non-degrader
RKU41918.1 hypothetical protein DL546_001324 [Coniochaeta pulveracea],288,0.0687,non-degrader
RKU40553.1 hypothetical protein DL546_003040 [Coniochaeta pulveracea],256,0.0687,non-degrader
RKU48273.1 Vacuolar protein sorting-associated protein 8 [Coniochaeta pulveracea],286,0.0686,non-degrader
RKU41493.1 hypothetical protein DL546_000972 [Coniochaeta pulveracea],187,0.0686,non-degrader
RKU48082.1 hypothetical protein DL546_008440 [Coniochaeta pulveracea],136,0.0685,non-degrader
RKU42136.1 hypothetical protein DL546_004749 [Coniochaeta pulveracea],273,0.0685,non-degrader
RKU39803.1 hypothetical protein DL546_001051 [Coniochaeta pulveracea],109,0.0685,non-degrader
RKU49270.1 hypothetical protein DL546_009709 [Coniochaeta pulveracea],90,0.0684,non-degrader
RKU48614.1 hypothetical protein DL546_008817 [Coniochaeta pulveracea],227,0.0684,non-degrader
RKU47578.1 hypothetical protein DL546_007419 [Coniochaeta pulveracea],148,0.0684,non-degrader
RKU48939.1 hypothetical protein DL546_009271 [Coniochaeta pulveracea],125,0.0683,non-degrader
RKU42170.1 hypothetical protein DL546_001994 [Coniochaeta pulveracea],176,0.0683,non-degrader
RKU41226.1 hypothetical protein DL546_000350 [Coniochaeta pulveracea],213,0.0683,non-degrader
RKU48336.1 hypothetical protein DL546_008543 [Coniochaeta pulveracea],81,0.0682,non-degrader
RKU44652.1 hypothetical protein DL546_002295 [Coniochaeta pulveracea],274,0.0682,non-degrader
RKU40344.1 hypothetical protein DL546_003085 [Coniochaeta pulveracea],253,0.0682,non-degrader
RKU47050.1 hypothetical protein DL546_008786 [Coniochaeta pulveracea],145,0.0681,non-degrader
RKU45053.1 hypothetical protein DL546_006738 [Coniochaeta pulveracea],200,0.0681,non-degrader
RKU43761.1 hypothetical protein DL546_000376 [Coniochaeta pulveracea],216,0.0679,non-degrader
RKU47985.1 Mitochondrial inner membrane protease atp23 [Coniochaeta pulveracea],271,0.0678,non-degrader
RKU47760.1 hypothetical protein DL546_005275 [Coniochaeta pulveracea],272,0.0678,non-degrader
RKU43488.1 hypothetical protein DL546_003561 [Coniochaeta pulveracea],132,0.0678,non-degrader
RKU41846.1 hypothetical protein DL546_000157 [Coniochaeta pulveracea],70,0.0678,non-degrader
RKU48815.1 hypothetical protein DL546_006653 [Coniochaeta pulveracea],231,0.0677,non-degrader
RKU41791.1 hypothetical protein DL546_000502 [Coniochaeta pulveracea],299,0.0676,non-degrader
RKU41332.1 hypothetical protein DL546_003737 [Coniochaeta pulveracea],295,0.0676,non-degrader
RKU40870.1 hypothetical protein DL546_000006 [Coniochaeta pulveracea],253,0.0676,non-degrader
RKU42692.1 hypothetical protein DL546_005674 [Coniochaeta pulveracea],257,0.0674,non-degrader
RKU49328.1 hypothetical protein DL546_009850 [Coniochaeta pulveracea],99,0.0673,non-degrader
"RKU44445.1 hypothetical protein DL546_000010, partial [Coniochaeta pulveracea]",63,0.0673,non-degrader
RKU41812.1 hypothetical protein DL546_002948 [Coniochaeta pulveracea],283,0.0673,non-degrader
RKU41343.1 hypothetical protein DL546_009929 [Coniochaeta pulveracea],67,0.0673,non-degrader
RKU47265.1 hypothetical protein DL546_009001 [Coniochaeta pulveracea],235,0.0672,non-degrader
RKU45218.1 hypothetical protein DL546_000666 [Coniochaeta pulveracea],225,0.0672,non-degrader
RKU44517.1 hypothetical protein DL546_006517 [Coniochaeta pulveracea],278,0.0672,non-degrader
RKU47139.1 hypothetical protein DL546_005924 [Coniochaeta pulveracea],78,0.0671,non-degrader
RKU39732.1 hypothetical protein DL546_000684 [Coniochaeta pulveracea],238,0.0671,non-degrader
RKU43503.1 hypothetical protein DL546_004448 [Coniochaeta pulveracea],279,0.067,non-degrader
RKU49020.1 hypothetical protein DL546_009723 [Coniochaeta pulveracea],215,0.0669,non-degrader
RKU46240.1 hypothetical protein DL546_005349 [Coniochaeta pulveracea],257,0.0668,non-degrader
RKU41885.1 40S ribosomal protein S29 [Coniochaeta pulveracea],77,0.0668,non-degrader
"RKU47087.1 hypothetical protein DL546_000033, partial [Coniochaeta pulveracea]",290,0.0667,non-degrader
RKU43159.1 hypothetical protein DL546_003244 [Coniochaeta pulveracea],192,0.0667,non-degrader
RKU42299.1 hypothetical protein DL546_002314 [Coniochaeta pulveracea],236,0.0667,non-degrader
RKU41285.1 hypothetical protein DL546_001464 [Coniochaeta pulveracea],202,0.0667,non-degrader
RKU40378.1 hypothetical protein DL546_000446 [Coniochaeta pulveracea],287,0.0667,non-degrader
RKU44048.1 hypothetical protein DL546_005712 [Coniochaeta pulveracea],210,0.0666,non-degrader
RKU41843.1 hypothetical protein DL546_005485 [Coniochaeta pulveracea],161,0.0666,non-degrader
RKU49405.1 hypothetical protein DL546_005626 [Coniochaeta pulveracea],238,0.0665,non-degrader
RKU45305.1 hypothetical protein DL546_006851 [Coniochaeta pulveracea],151,0.0664,non-degrader
RKU48295.1 nuclease [Coniochaeta pulveracea],222,0.0663,non-degrader
RKU43928.1 40S ribosomal protein S23 [Coniochaeta pulveracea],145,0.0663,non-degrader
RKU47739.1 hypothetical protein DL546_003496 [Coniochaeta pulveracea],115,0.0662,non-degrader
RKU46651.1 hypothetical protein DL546_007978 [Coniochaeta pulveracea],175,0.0661,non-degrader
RKU45143.1 hypothetical protein DL546_005171 [Coniochaeta pulveracea],237,0.066,non-degrader
RKU41162.1 hypothetical protein DL546_003512 [Coniochaeta pulveracea],221,0.0659,non-degrader
RKU45978.1 hypothetical protein DL546_006815 [Coniochaeta pulveracea],110,0.0658,non-degrader
RKU46117.1 hypothetical protein DL546_006722 [Coniochaeta pulveracea],226,0.0657,non-degrader
RKU40226.1 hypothetical protein DL546_002164 [Coniochaeta pulveracea],202,0.0657,non-degrader
RKU44818.1 hypothetical protein DL546_002039 [Coniochaeta pulveracea],103,0.0656,non-degrader
RKU42378.1 hypothetical protein DL546_002883 [Coniochaeta pulveracea],144,0.0656,non-degrader
RKU49178.1 Phosphatidyl-N-methylethanolamine N-methyltransferase [Coniochaeta pulveracea],229,0.0655,non-degrader
RKU41209.1 hypothetical protein DL546_003491 [Coniochaeta pulveracea],299,0.0655,non-degrader
RKU47226.1 hypothetical protein DL546_008457 [Coniochaeta pulveracea],116,0.0654,non-degrader
RKU45284.1 hypothetical protein DL546_006109 [Coniochaeta pulveracea],279,0.0654,non-degrader
RKU40866.1 ribosomal protein S15 [Coniochaeta pulveracea],152,0.0654,non-degrader
RKU49374.1 D-tyrosyl-tRNA(Tyr) deacylase [Coniochaeta pulveracea],165,0.0653,non-degrader
RKU48619.1 hypothetical protein DL546_008861 [Coniochaeta pulveracea],160,0.0653,non-degrader
RKU47248.1 hypothetical protein DL546_008810 [Coniochaeta pulveracea],158,0.0652,non-degrader
RKU46313.1 hypothetical protein DL546_007993 [Coniochaeta pulveracea],297,0.0652,non-degrader
RKU48342.1 hypothetical protein DL546_008660 [Coniochaeta pulveracea],209,0.0651,non-degrader
RKU47757.1 hypothetical protein DL546_005092 [Coniochaeta pulveracea],134,0.0651,non-degrader
RKU46529.1 hypothetical protein DL546_008864 [Coniochaeta pulveracea],179,0.0651,non-degrader
RKU45878.1 hypothetical protein DL546_008069 [Coniochaeta pulveracea],278,0.0651,non-degrader
RKU44357.1 hypothetical protein DL546_000291 [Coniochaeta pulveracea],216,0.0651,non-degrader
"RKU41939.1 hypothetical protein DL546_004480, partial [Coniochaeta pulveracea]",98,0.0651,non-degrader
RKU47256.1 hypothetical protein DL546_008907 [Coniochaeta pulveracea],278,0.0648,non-degrader
RKU46934.1 hypothetical protein DL546_004396 [Coniochaeta pulveracea],119,0.0648,non-degrader
RKU45909.1 hypothetical protein DL546_000481 [Coniochaeta pulveracea],121,0.0648,non-degrader
RKU45606.1 hypothetical protein DL546_008045 [Coniochaeta pulveracea],255,0.0648,non-degrader
RKU45552.1 hypothetical protein DL546_005974 [Coniochaeta pulveracea],221,0.0648,non-degrader
RKU44373.1 hypothetical protein DL546_002845 [Coniochaeta pulveracea],276,0.0648,non-degrader
RKU43649.1 hypothetical protein DL546_005739 [Coniochaeta pulveracea],284,0.0648,non-degrader
RKU43323.1 hypothetical protein DL546_003627 [Coniochaeta pulveracea],131,0.0648,non-degrader
RKU45278.1 hypothetical protein DL546_005845 [Coniochaeta pulveracea],235,0.0647,non-degrader
RKU41154.1 hypothetical protein DL546_002789 [Coniochaeta pulveracea],100,0.0645,non-degrader
RKU49166.1 hypothetical protein DL546_008596 [Coniochaeta pulveracea],203,0.0644,non-degrader
RKU48523.1 hypothetical protein DL546_006778 [Coniochaeta pulveracea],89,0.0644,non-degrader
RKU48251.1 Transcription initiation factor TFIID subunit 9 [Coniochaeta pulveracea],271,0.0644,non-degrader
RKU45708.1 hypothetical protein DL546_007359 [Coniochaeta pulveracea],91,0.0644,non-degrader
RKU41960.1 hypothetical protein DL546_005259 [Coniochaeta pulveracea],196,0.0644,non-degrader
RKU40154.1 hypothetical protein DL546_001305 [Coniochaeta pulveracea],272,0.0643,non-degrader
RKU47540.1 hypothetical protein DL546_005944 [Coniochaeta pulveracea],180,0.0642,non-degrader
RKU45523.1 hypothetical protein DL546_003436 [Coniochaeta pulveracea],119,0.0642,non-degrader
RKU41317.1 hypothetical protein DL546_004449 [Coniochaeta pulveracea],225,0.0642,non-degrader
RKU49181.1 hypothetical protein DL546_008800 [Coniochaeta pulveracea],163,0.0641,non-degrader
RKU48897.1 hypothetical protein DL546_008697 [Coniochaeta pulveracea],231,0.0641,non-degrader
RKU47461.1 hypothetical protein DL546_009213 [Coniochaeta pulveracea],281,0.0641,non-degrader
RKU40329.1 hypothetical protein DL546_001049 [Coniochaeta pulveracea],99,0.0641,non-degrader
RKU47693.1 hypothetical protein DL546_009278 [Coniochaeta pulveracea],193,0.064,non-degrader
RKU46955.1 hypothetical protein DL546_006027 [Coniochaeta pulveracea],203,0.064,non-degrader
RKU49143.1 hypothetical protein DL546_008149 [Coniochaeta pulveracea],171,0.0639,non-degrader
RKU47301.1 hypothetical protein DL546_000293 [Coniochaeta pulveracea],115,0.0639,non-degrader
RKU45378.1 hypothetical protein DL546_003308 [Coniochaeta pulveracea],295,0.0639,non-degrader
RKU49349.1 hypothetical protein DL546_009889 [Coniochaeta pulveracea],284,0.0638,non-degrader
RKU42628.1 hypothetical protein DL546_006024 [Coniochaeta pulveracea],185,0.0638,non-degrader
RKU46559.1 hypothetical protein DL546_002979 [Coniochaeta pulveracea],195,0.0637,non-degrader
RKU44302.1 hypothetical protein DL546_004569 [Coniochaeta pulveracea],122,0.0637,non-degrader
RKU43030.1 hypothetical protein DL546_004960 [Coniochaeta pulveracea],196,0.0637,non-degrader
RKU42291.1 hypothetical protein DL546_001470 [Coniochaeta pulveracea],283,0.0637,non-degrader
RKU39756.1 hypothetical protein DL546_000127 [Coniochaeta pulveracea],173,0.0637,non-degrader
RKU49358.1 hypothetical protein DL546_000838 [Coniochaeta pulveracea],249,0.0636,non-degrader
RKU48140.1 hypothetical protein DL546_009925 [Coniochaeta pulveracea],122,0.0635,non-degrader
RKU43180.1 hypothetical protein DL546_004773 [Coniochaeta pulveracea],206,0.0635,non-degrader
RKU46764.1 hypothetical protein DL546_005273 [Coniochaeta pulveracea],126,0.0634,non-degrader
RKU39723.1 hypothetical protein DL546_000323 [Coniochaeta pulveracea],183,0.0634,non-degrader
RKU42265.1 hypothetical protein DL546_004991 [Coniochaeta pulveracea],165,0.0631,non-degrader
RKU41679.1 hypothetical protein DL546_005065 [Coniochaeta pulveracea],155,0.0631,non-degrader
RKU47730.1 hypothetical protein DL546_002313 [Coniochaeta pulveracea],134,0.0629,non-degrader
RKU43186.1 hypothetical protein DL546_005056 [Coniochaeta pulveracea],275,0.0628,non-degrader
RKU41489.1 hypothetical protein DL546_000347 [Coniochaeta pulveracea],101,0.0628,non-degrader
RKU40124.1 hypothetical protein DL546_000201 [Coniochaeta pulveracea],102,0.0628,non-degrader
RKU42880.1 hypothetical protein DL546_005706 [Coniochaeta pulveracea],88,0.0627,non-degrader
RKU40163.1 hypothetical protein DL546_002455 [Coniochaeta pulveracea],130,0.0627,non-degrader
RKU48061.1 hypothetical protein DL546_008131 [Coniochaeta pulveracea],249,0.0626,non-degrader
RKU46291.1 hypothetical protein DL546_007432 [Coniochaeta pulveracea],196,0.0625,non-degrader
RKU45236.1 hypothetical protein DL546_002588 [Coniochaeta pulveracea],242,0.0625,non-degrader
RKU43545.1 60S ribosomal protein L2A [Coniochaeta pulveracea],254,0.0625,non-degrader
RKU43308.1 hypothetical protein DL546_001924 [Coniochaeta pulveracea],245,0.0625,non-degrader
RKU42489.1 hypothetical protein DL546_006161 [Coniochaeta pulveracea],105,0.0625,non-degrader
RKU42146.1 hypothetical protein DL546_005439 [Coniochaeta pulveracea],143,0.0625,non-degrader
RKU45460.1 hypothetical protein DL546_007778 [Coniochaeta pulveracea],180,0.0624,non-degrader
RKU43634.1 hypothetical protein DL546_004298 [Coniochaeta pulveracea],124,0.0623,non-degrader
RKU41901.1 hypothetical protein DL546_004908 [Coniochaeta pulveracea],130,0.0623,non-degrader
RKU39758.1 hypothetical protein DL546_000387 [Coniochaeta pulveracea],252,0.0623,non-degrader
RKU47648.1 hypothetical protein DL546_008797 [Coniochaeta pulveracea],239,0.0622,non-degrader
RKU43510.1 hypothetical protein DL546_005192 [Coniochaeta pulveracea],223,0.0622,non-degrader
RKU40687.1 hypothetical protein DL546_000798 [Coniochaeta pulveracea],216,0.0622,non-degrader
RKU48747.1 hypothetical protein DL546_001838 [Coniochaeta pulveracea],287,0.0621,non-degrader
RKU40425.1 hypothetical protein DL546_002616 [Coniochaeta pulveracea],186,0.0621,non-degrader
RKU44385.1 hypothetical protein DL546_003740 [Coniochaeta pulveracea],279,0.0619,non-degrader
RKU44083.1 hypothetical protein DL546_007239 [Coniochaeta pulveracea],242,0.0619,non-degrader
RKU43732.1 hypothetical protein DL546_005354 [Coniochaeta pulveracea],284,0.0619,non-degrader
RKU42336.1 hypothetical protein DL546_005375 [Coniochaeta pulveracea],98,0.0619,non-degrader
RKU41956.1 hypothetical protein DL546_004928 [Coniochaeta pulveracea],200,0.0618,non-degrader
RKU48312.1 hypothetical protein DL546_008005 [Coniochaeta pulveracea],102,0.0616,non-degrader
RKU41950.1 hypothetical protein DL546_005404 [Coniochaeta pulveracea],273,0.0616,non-degrader
RKU45526.1 hypothetical protein DL546_003819 [Coniochaeta pulveracea],176,0.0615,non-degrader
RKU40975.1 hypothetical protein DL546_000114 [Coniochaeta pulveracea],100,0.0615,non-degrader
RKU40206.1 hypothetical protein DL546_001677 [Coniochaeta pulveracea],238,0.0615,non-degrader
RKU42460.1 hypothetical protein DL546_004068 [Coniochaeta pulveracea],257,0.0613,non-degrader
RKU40114.1 hypothetical protein DL546_001591 [Coniochaeta pulveracea],298,0.0613,non-degrader
RKU47709.1 hypothetical protein DL546_000073 [Coniochaeta pulveracea],289,0.0611,non-degrader
RKU41088.1 hypothetical protein DL546_004333 [Coniochaeta pulveracea],101,0.0611,non-degrader
RKU44227.1 hypothetical protein DL546_005435 [Coniochaeta pulveracea],190,0.061,non-degrader
RKU42647.1 hypothetical protein DL546_001630 [Coniochaeta pulveracea],104,0.061,non-degrader
RKU41883.1 hypothetical protein DL546_003892 [Coniochaeta pulveracea],202,0.061,non-degrader
RKU46670.1 hypothetical protein DL546_008330 [Coniochaeta pulveracea],199,0.0609,non-degrader
RKU42210.1 hypothetical protein DL546_005640 [Coniochaeta pulveracea],103,0.0609,non-degrader
RKU46984.1 hypothetical protein DL546_007455 [Coniochaeta pulveracea],117,0.0607,non-degrader
RKU45557.1 hypothetical protein DL546_006252 [Coniochaeta pulveracea],264,0.0607,non-degrader
RKU46492.1 p24 complex component [Coniochaeta pulveracea],203,0.0605,non-degrader
RKU43341.1 hypothetical protein DL546_004741 [Coniochaeta pulveracea],294,0.0605,non-degrader
RKU41017.1 hypothetical protein DL546_001183 [Coniochaeta pulveracea],247,0.0605,non-degrader
RKU46722.1 hypothetical protein DL546_001315 [Coniochaeta pulveracea],236,0.0604,non-degrader
RKU46334.1 hypothetical protein DL546_008498 [Coniochaeta pulveracea],128,0.0604,non-degrader
RKU42530.1 hypothetical protein DL546_004795 [Coniochaeta pulveracea],93,0.0604,non-degrader
RKU39785.1 hypothetical protein DL546_000863 [Coniochaeta pulveracea],289,0.0604,non-degrader
RKU44255.1 hypothetical protein DL546_007046 [Coniochaeta pulveracea],197,0.0603,non-degrader
RKU39708.1 hypothetical protein DL546_000270 [Coniochaeta pulveracea],280,0.0603,non-degrader
RKU49702.1 40s ribosomal protein L44e [Coniochaeta pulveracea],106,0.0602,non-degrader
"RKU44444.1 hypothetical protein DL546_007585, partial [Coniochaeta pulveracea]",84,0.0602,non-degrader
RKU40509.1 hypothetical protein DL546_000301 [Coniochaeta pulveracea],142,0.0602,non-degrader
RKU40115.1 hypothetical protein DL546_001695 [Coniochaeta pulveracea],152,0.0602,non-degrader
RKU48293.1 hypothetical protein DL546_007516 [Coniochaeta pulveracea],125,0.0601,non-degrader
RKU43642.1 hypothetical protein DL546_005134 [Coniochaeta pulveracea],161,0.0601,non-degrader
RKU41135.1 hypothetical protein DL546_000842 [Coniochaeta pulveracea],219,0.0601,non-degrader
RKU40921.1 hypothetical protein DL546_001295 [Coniochaeta pulveracea],296,0.0601,non-degrader
RKU43910.1 hypothetical protein DL546_007015 [Coniochaeta pulveracea],176,0.06,non-degrader
RKU42145.1 hypothetical protein DL546_005310 [Coniochaeta pulveracea],124,0.06,non-degrader
RKU41129.1 hypothetical protein DL546_004695 [Coniochaeta pulveracea],282,0.06,non-degrader
RKU47305.1 hypothetical protein DL546_000896 [Coniochaeta pulveracea],229,0.0599,non-degrader
RKU41500.1 hypothetical protein DL546_002265 [Coniochaeta pulveracea],176,0.0599,non-degrader
RKU46072.1 hypothetical protein DL546_003972 [Coniochaeta pulveracea],104,0.0598,non-degrader
RKU42518.1 hypothetical protein DL546_003887 [Coniochaeta pulveracea],267,0.0598,non-degrader
RKU48862.1 hypothetical protein DL546_008053 [Coniochaeta pulveracea],123,0.0597,non-degrader
RKU41817.1 hypothetical protein DL546_003788 [Coniochaeta pulveracea],173,0.0597,non-degrader
"RKU46536.1 hypothetical protein DL546_008963, partial [Coniochaeta pulveracea]",132,0.0596,non-degrader
RKU45869.1 hypothetical protein DL546_007894 [Coniochaeta pulveracea],212,0.0596,non-degrader
RKU44332.1 hypothetical protein DL546_006608 [Coniochaeta pulveracea],117,0.0596,non-degrader
RKU47551.1 hypothetical protein DL546_006496 [Coniochaeta pulveracea],270,0.0595,non-degrader
RKU47146.1 hypothetical protein DL546_006388 [Coniochaeta pulveracea],162,0.0595,non-degrader
RKU46866.1 hypothetical protein DL546_008945 [Coniochaeta pulveracea],257,0.0595,non-degrader
RKU40375.1 hypothetical protein DL546_000198 [Coniochaeta pulveracea],300,0.0595,non-degrader
RKU39861.1 hypothetical protein DL546_000308 [Coniochaeta pulveracea],110,0.0595,non-degrader
RKU49059.1 hypothetical protein DL546_002457 [Coniochaeta pulveracea],126,0.0594,non-degrader
RKU46200.1 hypothetical protein DL546_000946 [Coniochaeta pulveracea],221,0.0594,non-degrader
"RKU45656.1 putrescine aminopropyltransferase, variant 2 [Coniochaeta pulveracea]",204,0.0594,non-degrader
RKU43912.1 hypothetical protein DL546_007059 [Coniochaeta pulveracea],101,0.0594,non-degrader
RKU42191.1 hypothetical protein DL546_003784 [Coniochaeta pulveracea],216,0.0594,non-degrader
RKU47952.1 Copper Transporter integral membrane protein that functions in high affinity copper transport [Coniochaeta pulveracea],208,0.0593,non-degrader
RKU47976.1 hypothetical protein DL546_004376 [Coniochaeta pulveracea],243,0.0592,non-degrader
RKU41980.1 hypothetical protein DL546_001722 [Coniochaeta pulveracea],121,0.0592,non-degrader
RKU45984.1 hypothetical protein DL546_007127 [Coniochaeta pulveracea],231,0.0591,non-degrader
RKU44943.1 hypothetical protein DL546_005509 [Coniochaeta pulveracea],100,0.0591,non-degrader
RKU40963.1 hypothetical protein DL546_003154 [Coniochaeta pulveracea],289,0.0591,non-degrader
RKU49263.1 hypothetical protein DL546_009686 [Coniochaeta pulveracea],216,0.059,non-degrader
RKU43466.1 hypothetical protein DL546_001514 [Coniochaeta pulveracea],193,0.059,non-degrader
RKU43171.1 hypothetical protein DL546_004193 [Coniochaeta pulveracea],257,0.059,non-degrader
RKU47337.1 hypothetical protein DL546_004344 [Coniochaeta pulveracea],185,0.0589,non-degrader
RKU46733.1 hypothetical protein DL546_002535 [Coniochaeta pulveracea],194,0.0589,non-degrader
RKU48736.1 hypothetical protein DL546_000751 [Coniochaeta pulveracea],276,0.0588,non-degrader
RKU40441.1 ubiquitin-protein ligase Anaphase Promoting Complex [Coniochaeta pulveracea],96,0.0588,non-degrader
RKU49240.1 hypothetical protein DL546_009601 [Coniochaeta pulveracea],130,0.0587,non-degrader
RKU45760.1 hypothetical protein DL546_000016 [Coniochaeta pulveracea],227,0.0587,non-degrader
RKU49364.1 hypothetical protein DL546_001456 [Coniochaeta pulveracea],174,0.0586,non-degrader
RKU43266.1 hypothetical protein DL546_005344 [Coniochaeta pulveracea],154,0.0586,non-degrader
RKU48346.1 Cyclin-dependent kinases regulatory subunit (Cell division control protein cks1) [Coniochaeta pulveracea],118,0.0585,non-degrader
RKU44182.1 hypothetical protein DL546_007138 [Coniochaeta pulveracea],259,0.0585,non-degrader
RKU49695.1 hypothetical protein DL546_009831 [Coniochaeta pulveracea],128,0.0584,non-degrader
RKU44980.1 hypothetical protein DL546_007357 [Coniochaeta pulveracea],101,0.0584,non-degrader
RKU43733.1 hypothetical protein DL546_005418 [Coniochaeta pulveracea],224,0.0584,non-degrader
RKU47704.1 hypothetical protein DL546_009379 [Coniochaeta pulveracea],195,0.0583,non-degrader
RKU46270.1 hypothetical protein DL546_006732 [Coniochaeta pulveracea],217,0.0583,non-degrader
RKU43489.1 hypothetical protein DL546_003582 [Coniochaeta pulveracea],286,0.0583,non-degrader
RKU49025.1 acid phosphatase pho5 [Coniochaeta pulveracea],246,0.0582,non-degrader
RKU48446.1 hypothetical protein DL546_001333 [Coniochaeta pulveracea],185,0.0582,non-degrader
RKU46996.1 hypothetical protein DL546_007719 [Coniochaeta pulveracea],106,0.0582,non-degrader
RKU44692.1 hypothetical protein DL546_005552 [Coniochaeta pulveracea],161,0.0582,non-degrader
RKU44380.1 hypothetical protein DL546_003509 [Coniochaeta pulveracea],140,0.0582,non-degrader
RKU42261.1 hypothetical protein DL546_004838 [Coniochaeta pulveracea],268,0.0582,non-degrader
RKU41802.1 hypothetical protein DL546_002162 [Coniochaeta pulveracea],230,0.0582,non-degrader
RKU48702.1 tRNA (guanine-N(7)-)-methyltransferase [Coniochaeta pulveracea],294,0.0581,non-degrader
RKU44035.1 hypothetical protein DL546_005142 [Coniochaeta pulveracea],191,0.058,non-degrader
RKU47644.1 hypothetical protein DL546_008766 [Coniochaeta pulveracea],231,0.0579,non-degrader
RKU44967.1 N-terminal acetyltransferase [Coniochaeta pulveracea],190,0.0579,non-degrader
RKU44183.1 hypothetical protein DL546_007177 [Coniochaeta pulveracea],257,0.0579,non-degrader
RKU48382.1 Arf guanine nucleotide exchange factor sbh1 [Coniochaeta pulveracea],112,0.0578,non-degrader
RKU44043.1 hypothetical protein DL546_005536 [Coniochaeta pulveracea],106,0.0578,non-degrader
RKU46378.1 hypothetical protein DL546_004003 [Coniochaeta pulveracea],208,0.0577,non-degrader
RKU43707.1 hypothetical protein DL546_002992 [Coniochaeta pulveracea],119,0.0577,non-degrader
RKU43434.1 hypothetical protein DL546_005807 [Coniochaeta pulveracea],87,0.0577,non-degrader
RKU42984.1 hypothetical protein DL546_001074 [Coniochaeta pulveracea],185,0.0577,non-degrader
RKU49650.1 vesicle coat component [Coniochaeta pulveracea],220,0.0576,non-degrader
RKU48020.1 hypothetical protein DL546_007168 [Coniochaeta pulveracea],90,0.0576,non-degrader
RKU43524.1 hypothetical protein DL546_006332 [Coniochaeta pulveracea],103,0.0576,non-degrader
"RKU43328.1 39S ribosomal protein L24, mitochondrial [Coniochaeta pulveracea]",249,0.0576,non-degrader
RKU42519.1 hypothetical protein DL546_003929 [Coniochaeta pulveracea],269,0.0576,non-degrader
RKU40128.1 hypothetical protein DL546_000632 [Coniochaeta pulveracea],195,0.0576,non-degrader
RKU48477.1 hypothetical protein DL546_004102 [Coniochaeta pulveracea],125,0.0575,non-degrader
RKU47999.1 hypothetical protein DL546_005916 [Coniochaeta pulveracea],118,0.0575,non-degrader
RKU43739.1 hypothetical protein DL546_005786 [Coniochaeta pulveracea],236,0.0575,non-degrader
RKU46288.1 hypothetical protein DL546_007392 [Coniochaeta pulveracea],108,0.0574,non-degrader
RKU46179.1 hypothetical protein DL546_008495 [Coniochaeta pulveracea],213,0.0574,non-degrader
"RKU40027.1 60S ribosomal protein L15, variant 2 [Coniochaeta pulveracea]",203,0.0574,non-degrader
RKU40026.1 60S ribosomal protein L15 [Coniochaeta pulveracea],203,0.0574,non-degrader
RKU49088.1 hypothetical protein DL546_005150 [Coniochaeta pulveracea],120,0.0573,non-degrader
RKU47660.1 hypothetical protein DL546_008956 [Coniochaeta pulveracea],221,0.0573,non-degrader
RKU41435.1 hypothetical protein DL546_000916 [Coniochaeta pulveracea],75,0.0573,non-degrader
RKU40396.1 hypothetical protein DL546_002951 [Coniochaeta pulveracea],73,0.0573,non-degrader
RKU49693.1 Ureidoglycolate lyase [Coniochaeta pulveracea],271,0.0572,non-degrader
RKU46302.1 hypothetical protein DL546_007805 [Coniochaeta pulveracea],263,0.0572,non-degrader
RKU49340.1 hypothetical protein DL546_009875 [Coniochaeta pulveracea],235,0.0571,non-degrader
RKU47802.1 hypothetical protein DL546_007329 [Coniochaeta pulveracea],289,0.0571,non-degrader
RKU45098.1 hypothetical protein DL546_001516 [Coniochaeta pulveracea],273,0.0571,non-degrader
RKU48495.1 hypothetical protein DL546_005516 [Coniochaeta pulveracea],286,0.057,non-degrader
RKU47558.1 hypothetical protein DL546_006717 [Coniochaeta pulveracea],170,0.057,non-degrader
RKU43765.1 hypothetical protein DL546_001055 [Coniochaeta pulveracea],105,0.057,non-degrader
RKU40663.1 hypothetical protein DL546_002079 [Coniochaeta pulveracea],213,0.057,non-degrader
RKU40490.1 hypothetical protein DL546_001806 [Coniochaeta pulveracea],268,0.057,non-degrader
RKU40464.1 hypothetical protein DL546_002238 [Coniochaeta pulveracea],247,0.057,non-degrader
RKU47781.1 hypothetical protein DL546_006473 [Coniochaeta pulveracea],198,0.0569,non-degrader
RKU45655.1 putrescine aminopropyltransferase [Coniochaeta pulveracea],291,0.0569,non-degrader
RKU43737.1 hypothetical protein DL546_005745 [Coniochaeta pulveracea],105,0.0569,non-degrader
RKU42165.1 hypothetical protein DL546_001556 [Coniochaeta pulveracea],257,0.0569,non-degrader
RKU40957.1 hypothetical protein DL546_002805 [Coniochaeta pulveracea],265,0.0569,non-degrader
RKU49697.1 hypothetical protein DL546_009836 [Coniochaeta pulveracea],103,0.0567,non-degrader
RKU48605.1 hypothetical protein DL546_008735 [Coniochaeta pulveracea],238,0.0567,non-degrader
RKU45015.1 hypothetical protein DL546_003789 [Coniochaeta pulveracea],208,0.0567,non-degrader
RKU43264.1 hypothetical protein DL546_005225 [Coniochaeta pulveracea],190,0.0567,non-degrader
RKU42736.1 hypothetical protein DL546_004761 [Coniochaeta pulveracea],269,0.0567,non-degrader
RKU41717.1 hypothetical protein DL546_003813 [Coniochaeta pulveracea],266,0.0567,non-degrader
RKU49219.1 hypothetical protein DL546_009252 [Coniochaeta pulveracea],219,0.0566,non-degrader
RKU42318.1 U2 snRNP complex subunit msl1 [Coniochaeta pulveracea],195,0.0566,non-degrader
RKU41557.1 hypothetical protein DL546_003100 [Coniochaeta pulveracea],137,0.0566,non-degrader
RKU49445.1 hypothetical protein DL546_007340 [Coniochaeta pulveracea],163,0.0565,non-degrader
RKU46925.1 hypothetical protein DL546_003903 [Coniochaeta pulveracea],98,0.0565,non-degrader
RKU42026.1 hypothetical protein DL546_005243 [Coniochaeta pulveracea],290,0.0565,non-degrader
RKU49699.1 hypothetical protein DL546_009838 [Coniochaeta pulveracea],268,0.0564,non-degrader
RKU47599.1 hypothetical protein DL546_007873 [Coniochaeta pulveracea],130,0.0564,non-degrader
RKU45265.1 hypothetical protein DL546_004892 [Coniochaeta pulveracea],176,0.0564,non-degrader
RKU44133.1 hypothetical protein DL546_004285 [Coniochaeta pulveracea],257,0.0564,non-degrader
RKU42985.1 hypothetical protein DL546_001117 [Coniochaeta pulveracea],190,0.0564,non-degrader
RKU49273.1 hypothetical protein DL546_009719 [Coniochaeta pulveracea],254,0.0563,non-degrader
RKU47545.1 hypothetical protein DL546_006264 [Coniochaeta pulveracea],279,0.0563,non-degrader
RKU46290.1 hypothetical protein DL546_007426 [Coniochaeta pulveracea],53,0.0563,non-degrader
"RKU45326.1 hypothetical protein DL546_007543, partial [Coniochaeta pulveracea]",265,0.0563,non-degrader
RKU48883.1 hypothetical protein DL546_008480 [Coniochaeta pulveracea],277,0.0562,non-degrader
RKU47251.1 hypothetical protein DL546_008842 [Coniochaeta pulveracea],263,0.0562,non-degrader
RKU44449.1 putative rhomboid protease [Coniochaeta pulveracea],263,0.0562,non-degrader
RKU39846.1 hypothetical protein DL546_000516 [Coniochaeta pulveracea],193,0.0562,non-degrader
RKU43927.1 hypothetical protein DL546_001112 [Coniochaeta pulveracea],296,0.056,non-degrader
RKU49377.1 hypothetical protein DL546_002680 [Coniochaeta pulveracea],270,0.0559,non-degrader
RKU47331.1 hypothetical protein DL546_003953 [Coniochaeta pulveracea],176,0.0559,non-degrader
RKU47346.1 hypothetical protein DL546_005068 [Coniochaeta pulveracea],284,0.0558,non-degrader
RKU47269.1 hypothetical protein DL546_009047 [Coniochaeta pulveracea],102,0.0558,non-degrader
RKU44764.1 hypothetical protein DL546_006218 [Coniochaeta pulveracea],144,0.0558,non-degrader
RKU41603.1 Cytochrome c oxidase copper chaperone [Coniochaeta pulveracea],77,0.0558,non-degrader
RKU41559.1 hypothetical protein DL546_003219 [Coniochaeta pulveracea],258,0.0558,non-degrader
RKU48782.1 hypothetical protein DL546_005198 [Coniochaeta pulveracea],147,0.0557,non-degrader
"RKU48707.1 NADH-ubiquinone oxidoreductase 30.4 kDa subunit, mitochondrial [Coniochaeta pulveracea]",289,0.0557,non-degrader
RKU48541.1 hypothetical protein DL546_007279 [Coniochaeta pulveracea],105,0.0557,non-degrader
RKU47889.1 60S ribosomal protein L29 [Coniochaeta pulveracea],65,0.0557,non-degrader
RKU47330.1 hypothetical protein DL546_003953 [Coniochaeta pulveracea],166,0.0557,non-degrader
RKU47182.1 hypothetical protein DL546_007690 [Coniochaeta pulveracea],152,0.0557,non-degrader
RKU41972.1 hypothetical protein DL546_000804 [Coniochaeta pulveracea],252,0.0557,non-degrader
RKU48548.1 hypothetical protein DL546_007473 [Coniochaeta pulveracea],281,0.0556,non-degrader
RKU44820.1 hypothetical protein DL546_002223 [Coniochaeta pulveracea],250,0.0556,non-degrader
RKU42126.1 hypothetical protein DL546_004039 [Coniochaeta pulveracea],237,0.0556,non-degrader
RKU49259.1 hypothetical protein DL546_009670 [Coniochaeta pulveracea],235,0.0555,non-degrader
RKU45625.1 hypothetical protein DL546_008435 [Coniochaeta pulveracea],263,0.0555,non-degrader
RKU42222.1 hypothetical protein DL546_001073 [Coniochaeta pulveracea],258,0.0555,non-degrader
RKU49226.1 hypothetical protein DL546_009310 [Coniochaeta pulveracea],125,0.0554,non-degrader
RKU47025.1 YmL10 [Coniochaeta pulveracea],300,0.0554,non-degrader
RKU45196.1 hypothetical protein DL546_007912 [Coniochaeta pulveracea],106,0.0554,non-degrader
RKU43617.1 hypothetical protein DL546_002119 [Coniochaeta pulveracea],241,0.0554,non-degrader
RKU43405.1 hypothetical protein DL546_003053 [Coniochaeta pulveracea],82,0.0554,non-degrader
RKU39953.1 hypothetical protein DL546_001259 [Coniochaeta pulveracea],190,0.0554,non-degrader
RKU47005.1 hypothetical protein DL546_007896 [Coniochaeta pulveracea],159,0.0553,non-degrader
RKU46574.1 hypothetical protein DL546_004528 [Coniochaeta pulveracea],155,0.0552,non-degrader
RKU45621.1 hypothetical protein DL546_008364 [Coniochaeta pulveracea],100,0.0552,non-degrader
RKU42827.1 hypothetical protein DL546_006340 [Coniochaeta pulveracea],229,0.0552,non-degrader
RKU42300.1 hypothetical protein DL546_002367 [Coniochaeta pulveracea],137,0.0552,non-degrader
RKU39713.1 hypothetical protein DL546_000490 [Coniochaeta pulveracea],105,0.0552,non-degrader
RKU48005.1 hypothetical protein DL546_006245 [Coniochaeta pulveracea],156,0.055,non-degrader
RKU47100.1 hypothetical protein DL546_003415 [Coniochaeta pulveracea],184,0.055,non-degrader
RKU45185.1 60S ribosomal protein L39 [Coniochaeta pulveracea],110,0.055,non-degrader
RKU41450.1 hypothetical protein DL546_002115 [Coniochaeta pulveracea],243,0.055,non-degrader
RKU47313.1 hypothetical protein DL546_002410 [Coniochaeta pulveracea],167,0.0549,non-degrader
RKU45541.1 hypothetical protein DL546_005115 [Coniochaeta pulveracea],178,0.0548,non-degrader
RKU44359.1 hypothetical protein DL546_000444 [Coniochaeta pulveracea],213,0.0548,non-degrader
RKU41786.1 complexed with cef1p [Coniochaeta pulveracea],235,0.0548,non-degrader
RKU43224.1 hypothetical protein DL546_001948 [Coniochaeta pulveracea],113,0.0547,non-degrader
RKU40492.1 hypothetical protein DL546_001920 [Coniochaeta pulveracea],154,0.0547,non-degrader
RKU47192.1 hypothetical protein DL546_007875 [Coniochaeta pulveracea],219,0.0546,non-degrader
RKU43831.1 hypothetical protein DL546_000251 [Coniochaeta pulveracea],261,0.0546,non-degrader
RKU42442.1 hypothetical protein DL546_002622 [Coniochaeta pulveracea],122,0.0546,non-degrader
RKU41656.1 hypothetical protein DL546_002916 [Coniochaeta pulveracea],209,0.0546,non-degrader
RKU48763.1 hypothetical protein DL546_003573 [Coniochaeta pulveracea],291,0.0545,non-degrader
RKU47294.1 hypothetical protein DL546_009301 [Coniochaeta pulveracea],79,0.0545,non-degrader
RKU49282.1 hypothetical protein DL546_009744 [Coniochaeta pulveracea],208,0.0544,non-degrader
RKU43196.1 hypothetical protein DL546_005588 [Coniochaeta pulveracea],207,0.0544,non-degrader
RKU43178.1 hypothetical protein DL546_004652 [Coniochaeta pulveracea],290,0.0544,non-degrader
RKU41042.1 hypothetical protein DL546_003775 [Coniochaeta pulveracea],171,0.0544,non-degrader
"RKU40000.1 hypothetical protein DL546_002108, partial [Coniochaeta pulveracea]",77,0.0544,non-degrader
RKU47485.1 hypothetical protein DL546_001380 [Coniochaeta pulveracea],141,0.0543,non-degrader
RKU42439.1 hypothetical protein DL546_002403 [Coniochaeta pulveracea],261,0.0543,non-degrader
RKU44902.1 hypothetical protein DL546_001762 [Coniochaeta pulveracea],278,0.0542,non-degrader
RKU43423.1 hypothetical protein DL546_005297 [Coniochaeta pulveracea],123,0.0542,non-degrader
RKU42033.1 hypothetical protein DL546_005607 [Coniochaeta pulveracea],149,0.0542,non-degrader
RKU40914.1 hypothetical protein DL546_000595 [Coniochaeta pulveracea],281,0.0542,non-degrader
RKU48906.1 hypothetical protein DL546_008852 [Coniochaeta pulveracea],105,0.0541,non-degrader
RKU46410.1 hypothetical protein DL546_005589 [Coniochaeta pulveracea],286,0.0541,non-degrader
RKU44729.1 hypothetical protein DL546_007371 [Coniochaeta pulveracea],271,0.0541,non-degrader
RKU42742.1 hypothetical protein DL546_009920 [Coniochaeta pulveracea],262,0.0541,non-degrader
RKU48329.1 hypothetical protein DL546_008381 [Coniochaeta pulveracea],294,0.054,non-degrader
RKU44648.1 hypothetical protein DL546_001683 [Coniochaeta pulveracea],102,0.054,non-degrader
RKU41117.1 hypothetical protein DL546_003303 [Coniochaeta pulveracea],175,0.054,non-degrader
RKU39832.1 hypothetical protein DL546_000560 [Coniochaeta pulveracea],293,0.054,non-degrader
RKU46994.1 hypothetical protein DL546_007674 [Coniochaeta pulveracea],161,0.0539,non-degrader
RKU41973.1 hypothetical protein DL546_001014 [Coniochaeta pulveracea],280,0.0539,non-degrader
RKU40680.1 hypothetical protein DL546_003916 [Coniochaeta pulveracea],166,0.0539,non-degrader
RKU39695.1 hypothetical protein DL546_000065 [Coniochaeta pulveracea],233,0.0539,non-degrader
RKU48794.1 hypothetical protein DL546_005833 [Coniochaeta pulveracea],271,0.0538,non-degrader
RKU42731.1 hypothetical protein DL546_004494 [Coniochaeta pulveracea],102,0.0538,non-degrader
RKU49493.1 iron-binding protein [Coniochaeta pulveracea],158,0.0537,non-degrader
RKU48353.1 hypothetical protein DL546_008809 [Coniochaeta pulveracea],123,0.0537,non-degrader
RKU48116.1 hypothetical protein DL546_008965 [Coniochaeta pulveracea],130,0.0537,non-degrader
RKU45062.1 replication factor A protein 2 [Coniochaeta pulveracea],286,0.0537,non-degrader
RKU39826.1 hypothetical protein DL546_001253 [Coniochaeta pulveracea],143,0.0537,non-degrader
RKU49194.1 hypothetical protein DL546_008920 [Coniochaeta pulveracea],220,0.0536,non-degrader
RKU48868.1 hypothetical protein DL546_008157 [Coniochaeta pulveracea],171,0.0536,non-degrader
RKU46750.1 hypothetical protein DL546_004248 [Coniochaeta pulveracea],218,0.0536,non-degrader
RKU42185.1 hypothetical protein DL546_003423 [Coniochaeta pulveracea],203,0.0536,non-degrader
RKU49471.1 hypothetical protein DL546_009901 [Coniochaeta pulveracea],101,0.0535,non-degrader
RKU48348.1 L-arabinitol 4-dehydrogenase [Coniochaeta pulveracea],296,0.0535,non-degrader
RKU48280.1 hypothetical protein DL546_007083 [Coniochaeta pulveracea],139,0.0535,non-degrader
RKU49621.1 ubiquinol--cytochrome-c reductase subunit 8 [Coniochaeta pulveracea],108,0.0534,non-degrader
RKU46698.1 hypothetical protein DL546_008878 [Coniochaeta pulveracea],219,0.0534,non-degrader
RKU49725.1 hypothetical protein DL546_009900 [Coniochaeta pulveracea],184,0.0533,non-degrader
RKU46346.1 hypothetical protein DL546_008707 [Coniochaeta pulveracea],258,0.0533,non-degrader
RKU45842.1 hypothetical protein DL546_007107 [Coniochaeta pulveracea],198,0.0533,non-degrader
RKU42702.1 hypothetical protein DL546_006287 [Coniochaeta pulveracea],231,0.0533,non-degrader
RKU49548.1 hypothetical protein DL546_009155 [Coniochaeta pulveracea],222,0.0532,non-degrader
RKU40624.1 hypothetical protein DL546_003253 [Coniochaeta pulveracea],233,0.0532,non-degrader
RKU39733.1 hypothetical protein DL546_000684 [Coniochaeta pulveracea],210,0.0532,non-degrader
RKU45988.1 hypothetical protein DL546_007222 [Coniochaeta pulveracea],233,0.0531,non-degrader
RKU45114.1 hypothetical protein DL546_003091 [Coniochaeta pulveracea],91,0.0531,non-degrader
RKU40119.1 hypothetical protein DL546_002014 [Coniochaeta pulveracea],237,0.0531,non-degrader
RKU47942.1 hypothetical protein DL546_000750 [Coniochaeta pulveracea],284,0.053,non-degrader
RKU43164.1 hypothetical protein DL546_003632 [Coniochaeta pulveracea],300,0.053,non-degrader
RKU48460.1 hypothetical protein DL546_002720 [Coniochaeta pulveracea],211,0.0528,non-degrader
RKU44361.1 hypothetical protein DL546_001254 [Coniochaeta pulveracea],280,0.0528,non-degrader
RKU41771.1 hypothetical protein DL546_003485 [Coniochaeta pulveracea],155,0.0528,non-degrader
RKU41630.1 hypothetical protein DL546_009928 [Coniochaeta pulveracea],183,0.0528,non-degrader
RKU48949.1 hypothetical protein DL546_009361 [Coniochaeta pulveracea],283,0.0527,non-degrader
RKU47253.1 hypothetical protein DL546_008865 [Coniochaeta pulveracea],177,0.0527,non-degrader
RKU46451.1 hypothetical protein DL546_007215 [Coniochaeta pulveracea],240,0.0527,non-degrader
RKU45031.1 CCR4-NOT regulatory complex component [Coniochaeta pulveracea],287,0.0527,non-degrader
RKU41966.1 hypothetical protein DL546_005656 [Coniochaeta pulveracea],113,0.0527,non-degrader
RKU39919.1 hypothetical protein DL546_000613 [Coniochaeta pulveracea],171,0.0527,non-degrader
RKU49573.1 hypothetical protein DL546_009368 [Coniochaeta pulveracea],194,0.0526,non-degrader
RKU48795.1 hypothetical protein DL546_005860 [Coniochaeta pulveracea],164,0.0526,non-degrader
RKU44396.1 hypothetical protein DL546_004902 [Coniochaeta pulveracea],166,0.0526,non-degrader
RKU41899.1 hypothetical protein DL546_004853 [Coniochaeta pulveracea],175,0.0526,non-degrader
RKU44455.1 CDP-diacylglycerol-serine O-phosphatidyltransferase [Coniochaeta pulveracea],248,0.0525,non-degrader
RKU47188.1 hypothetical protein DL546_007816 [Coniochaeta pulveracea],173,0.0524,non-degrader
RKU45306.1 hypothetical protein DL546_006890 [Coniochaeta pulveracea],123,0.0524,non-degrader
RKU42727.1 hypothetical protein DL546_004202 [Coniochaeta pulveracea],148,0.0524,non-degrader
RKU41504.1 hypothetical protein DL546_002648 [Coniochaeta pulveracea],139,0.0524,non-degrader
RKU40341.1 hypothetical protein DL546_002396 [Coniochaeta pulveracea],247,0.0524,non-degrader
RKU48404.1 hypothetical protein DL546_009482 [Coniochaeta pulveracea],278,0.0523,non-degrader
RKU46880.1 hypothetical protein DL546_009118 [Coniochaeta pulveracea],109,0.0523,non-degrader
RKU43012.1 hypothetical protein DL546_003397 [Coniochaeta pulveracea],255,0.0522,non-degrader
RKU41355.1 hypothetical protein DL546_001862 [Coniochaeta pulveracea],284,0.0522,non-degrader
RKU40237.1 hypothetical protein DL546_000712 [Coniochaeta pulveracea],103,0.0521,non-degrader
RKU46294.1 hypothetical protein DL546_007633 [Coniochaeta pulveracea],193,0.052,non-degrader
RKU40316.1 NuA4 histone H4 acetyltransferase complex and the SWR1 complex subunit [Coniochaeta pulveracea],261,0.0519,non-degrader
RKU45734.1 NADH:ubiquinone oxidoreductase 24 [Coniochaeta pulveracea],267,0.0518,non-degrader
RKU43754.1 hypothetical protein DL546_006338 [Coniochaeta pulveracea],277,0.0518,non-degrader
RKU43007.1 Ubiquitin-conjugating enzyme E2 6 [Coniochaeta pulveracea],266,0.0517,non-degrader
RKU48518.1 hypothetical protein DL546_006622 [Coniochaeta pulveracea],267,0.0516,non-degrader
RKU46907.1 N-acetylglucosaminyl-phosphatidylinositol de-N-acetylase [Coniochaeta pulveracea],293,0.0516,non-degrader
RKU40782.1 hypothetical protein DL546_000872 [Coniochaeta pulveracea],264,0.0516,non-degrader
RKU39715.1 hypothetical protein DL546_000123 [Coniochaeta pulveracea],282,0.0516,non-degrader
RKU48847.1 hypothetical protein DL546_007599 [Coniochaeta pulveracea],272,0.0515,non-degrader
RKU47617.1 hypothetical protein DL546_008333 [Coniochaeta pulveracea],118,0.0515,non-degrader
RKU44025.1 hypothetical protein DL546_004398 [Coniochaeta pulveracea],179,0.0515,non-degrader
RKU47823.1 hypothetical protein DL546_007847 [Coniochaeta pulveracea],275,0.0514,non-degrader
RKU45694.1 hypothetical protein DL546_006676 [Coniochaeta pulveracea],108,0.0514,non-degrader
RKU41614.1 hypothetical protein DL546_003035 [Coniochaeta pulveracea],261,0.0514,non-degrader
RKU41357.1 hypothetical protein DL546_002103 [Coniochaeta pulveracea],112,0.0514,non-degrader
RKU47449.1 hypothetical protein DL546_008967 [Coniochaeta pulveracea],90,0.0512,non-degrader
RKU46369.1 hypothetical protein DL546_003258 [Coniochaeta pulveracea],279,0.0511,non-degrader
RKU46113.1 hypothetical protein DL546_006554 [Coniochaeta pulveracea],145,0.0511,non-degrader
RKU42973.1 hypothetical protein DL546_006524 [Coniochaeta pulveracea],238,0.0511,non-degrader
RKU40833.1 hypothetical protein DL546_003247 [Coniochaeta pulveracea],260,0.0511,non-degrader
RKU39986.1 hypothetical protein DL546_000375 [Coniochaeta pulveracea],196,0.0511,non-degrader
RKU47037.1 hypothetical protein DL546_008622 [Coniochaeta pulveracea],202,0.051,non-degrader
RKU44922.1 aprataxin-like protein [Coniochaeta pulveracea],239,0.051,non-degrader
RKU48161.1 hypothetical protein DL546_009380 [Coniochaeta pulveracea],259,0.0509,non-degrader
RKU46354.1 hypothetical protein DL546_001778 [Coniochaeta pulveracea],146,0.0509,non-degrader
RKU43108.1 hypothetical protein DL546_004546 [Coniochaeta pulveracea],147,0.0509,non-degrader
RKU40287.1 hypothetical protein DL546_001187 [Coniochaeta pulveracea],156,0.0509,non-degrader
RKU45939.1 hypothetical protein DL546_004064 [Coniochaeta pulveracea],72,0.0508,non-degrader
RKU43375.1 mitochondrial ribosomal small subunit component [Coniochaeta pulveracea],90,0.0508,non-degrader
RKU49148.1 hypothetical protein DL546_008244 [Coniochaeta pulveracea],171,0.0507,non-degrader
RKU47286.1 hypothetical protein DL546_009208 [Coniochaeta pulveracea],119,0.0507,non-degrader
RKU46506.1 hypothetical protein DL546_008525 [Coniochaeta pulveracea],294,0.0507,non-degrader
RKU42588.1 hypothetical protein DL546_003853 [Coniochaeta pulveracea],255,0.0507,non-degrader
RKU40252.1 hypothetical protein DL546_000306 [Coniochaeta pulveracea],119,0.0507,non-degrader
RKU44507.1 hypothetical protein DL546_005780 [Coniochaeta pulveracea],297,0.0506,non-degrader
RKU42343.1 hypothetical protein DL546_005554 [Coniochaeta pulveracea],187,0.0506,non-degrader
RKU45086.1 hypothetical protein DL546_007848 [Coniochaeta pulveracea],241,0.0505,non-degrader
RKU48333.1 hypothetical protein DL546_008450 [Coniochaeta pulveracea],220,0.0504,non-degrader
RKU40305.1 hypothetical protein DL546_000989 [Coniochaeta pulveracea],192,0.0503,non-degrader
RKU48173.1 hypothetical protein DL546_009432 [Coniochaeta pulveracea],292,0.0502,non-degrader
RKU43660.1 hypothetical protein DL546_006237 [Coniochaeta pulveracea],183,0.0502,non-degrader
RKU40450.1 F-actin-capping protein subunit beta [Coniochaeta pulveracea],265,0.0502,non-degrader
RKU40333.1 hypothetical protein DL546_001432 [Coniochaeta pulveracea],106,0.0502,non-degrader
RKU40092.1 hypothetical protein DL546_002347 [Coniochaeta pulveracea],171,0.0502,non-degrader
RKU46189.1 hypothetical protein DL546_008708 [Coniochaeta pulveracea],120,0.0501,non-degrader
RKU40966.1 hypothetical protein DL546_003376 [Coniochaeta pulveracea],99,0.0501,non-degrader
RKU49097.1 Golgi apparatus membrane protein tvp18 [Coniochaeta pulveracea],149,0.05,non-degrader
RKU47957.1 hypothetical protein DL546_002474 [Coniochaeta pulveracea],274,0.05,non-degrader
RKU42887.1 hypothetical protein DL546_006051 [Coniochaeta pulveracea],108,0.05,non-degrader
RKU42160.1 hypothetical protein DL546_001056 [Coniochaeta pulveracea],120,0.05,non-degrader
RKU40551.1 hypothetical protein DL546_002918 [Coniochaeta pulveracea],133,0.05,non-degrader
RKU48124.1 hypothetical protein DL546_009064 [Coniochaeta pulveracea],217,0.0499,non-degrader
RKU45919.1 hypothetical protein DL546_002070 [Coniochaeta pulveracea],255,0.0499,non-degrader
RKU41857.1 hypothetical protein DL546_001144 [Coniochaeta pulveracea],294,0.0498,non-degrader
RKU40267.1 hypothetical protein DL546_001860 [Coniochaeta pulveracea],291,0.0498,non-degrader
RKU46589.1 hypothetical protein DL546_005686 [Coniochaeta pulveracea],236,0.0497,non-degrader
RKU43374.1 hypothetical protein DL546_006652 [Coniochaeta pulveracea],112,0.0497,non-degrader
RKU47565.1 hypothetical protein DL546_006926 [Coniochaeta pulveracea],248,0.0496,non-degrader
RKU47403.1 hypothetical protein DL546_007649 [Coniochaeta pulveracea],160,0.0496,non-degrader
RKU49485.1 hypothetical protein DL546_008214 [Coniochaeta pulveracea],245,0.0495,non-degrader
"RKU42634.1 hypothetical protein DL546_000011, partial [Coniochaeta pulveracea]",92,0.0495,non-degrader
RKU41048.1 hypothetical protein DL546_004220 [Coniochaeta pulveracea],271,0.0495,non-degrader
RKU40757.1 hypothetical protein DL546_001129 [Coniochaeta pulveracea],126,0.0495,non-degrader
RKU48044.1 hypothetical protein DL546_007794 [Coniochaeta pulveracea],157,0.0494,non-degrader
RKU41187.1 hypothetical protein DL546_001455 [Coniochaeta pulveracea],242,0.0494,non-degrader
RKU40676.1 hypothetical protein DL546_003623 [Coniochaeta pulveracea],200,0.0494,non-degrader
RKU46920.1 hypothetical protein DL546_003562 [Coniochaeta pulveracea],243,0.0493,non-degrader
RKU46817.1 hypothetical protein DL546_007701 [Coniochaeta pulveracea],289,0.0493,non-degrader
RKU46453.1 hypothetical protein DL546_007269 [Coniochaeta pulveracea],257,0.0493,non-degrader
RKU45327.1 hypothetical protein DL546_007552 [Coniochaeta pulveracea],229,0.0493,non-degrader
RKU43198.1 hypothetical protein DL546_005690 [Coniochaeta pulveracea],268,0.0493,non-degrader
RKU43028.1 hypothetical protein DL546_004827 [Coniochaeta pulveracea],282,0.0493,non-degrader
RKU42443.1 imidazoleglycerol-phosphate dehydratase [Coniochaeta pulveracea],232,0.0493,non-degrader
RKU40733.1 hypothetical protein DL546_002706 [Coniochaeta pulveracea],222,0.0493,non-degrader
RKU49502.1 hypothetical protein DL546_008519 [Coniochaeta pulveracea],175,0.0492,non-degrader
RKU48247.1 hypothetical protein DL546_005004 [Coniochaeta pulveracea],280,0.0492,non-degrader
RKU46563.1 hypothetical protein DL546_003457 [Coniochaeta pulveracea],165,0.0492,non-degrader
RKU40982.1 hypothetical protein DL546_001444 [Coniochaeta pulveracea],88,0.0492,non-degrader
RKU48646.1 hypothetical protein DL546_009226 [Coniochaeta pulveracea],228,0.0491,non-degrader
RKU47768.1 hypothetical protein DL546_005733 [Coniochaeta pulveracea],223,0.0491,non-degrader
RKU45966.1 hypothetical protein DL546_005551 [Coniochaeta pulveracea],136,0.0491,non-degrader
RKU42942.1 hypothetical protein DL546_004863 [Coniochaeta pulveracea],299,0.0491,non-degrader
RKU42367.1 hypothetical protein DL546_001426 [Coniochaeta pulveracea],108,0.0491,non-degrader
RKU41983.1 hypothetical protein DL546_002009 [Coniochaeta pulveracea],225,0.0491,non-degrader
RKU48180.1 hypothetical protein DL546_009470 [Coniochaeta pulveracea],296,0.049,non-degrader
RKU45416.1 hypothetical protein DL546_006013 [Coniochaeta pulveracea],232,0.049,non-degrader
RKU43870.1 hypothetical protein DL546_004544 [Coniochaeta pulveracea],153,0.049,non-degrader
RKU42738.1 hypothetical protein DL546_004884 [Coniochaeta pulveracea],179,0.049,non-degrader
RKU49559.1 hypothetical protein DL546_009263 [Coniochaeta pulveracea],166,0.0489,non-degrader
RKU48732.1 hypothetical protein DL546_000286 [Coniochaeta pulveracea],227,0.0489,non-degrader
RKU47963.1 hypothetical protein DL546_002958 [Coniochaeta pulveracea],281,0.0489,non-degrader
RKU45175.1 hypothetical protein DL546_006841 [Coniochaeta pulveracea],273,0.0488,non-degrader
RKU42068.1 hypothetical protein DL546_003841 [Coniochaeta pulveracea],151,0.0488,non-degrader
RKU40013.1 hypothetical protein DL546_001149 [Coniochaeta pulveracea],174,0.0488,non-degrader
RKU44979.1 TRAPP subunit trs31 [Coniochaeta pulveracea],222,0.0487,non-degrader
RKU44349.1 hypothetical protein DL546_007265 [Coniochaeta pulveracea],285,0.0487,non-degrader
RKU42843.1 hypothetical protein DL546_001913 [Coniochaeta pulveracea],270,0.0487,non-degrader
RKU49257.1 Peroxisomal membrane protein PMP27 [Coniochaeta pulveracea],235,0.0486,non-degrader
RKU47868.1 hypothetical protein DL546_008662 [Coniochaeta pulveracea],148,0.0486,non-degrader
RKU45432.1 hypothetical protein DL546_006620 [Coniochaeta pulveracea],161,0.0486,non-degrader
RKU44085.1 hypothetical protein DL546_007278 [Coniochaeta pulveracea],146,0.0485,non-degrader
RKU41401.1 hypothetical protein DL546_001593 [Coniochaeta pulveracea],221,0.0485,non-degrader
RKU48623.1 hypothetical protein DL546_008903 [Coniochaeta pulveracea],186,0.0484,non-degrader
RKU44143.1 hypothetical protein DL546_004964 [Coniochaeta pulveracea],266,0.0484,non-degrader
RKU42003.1 hypothetical protein DL546_003754 [Coniochaeta pulveracea],86,0.0484,non-degrader
RKU39913.1 hypothetical protein DL546_001865 [Coniochaeta pulveracea],270,0.0484,non-degrader
RKU49549.1 hypothetical protein DL546_009166 [Coniochaeta pulveracea],273,0.0483,non-degrader
RKU48673.1 hypothetical protein DL546_009436 [Coniochaeta pulveracea],58,0.0483,non-degrader
"RKU48142.1 54S ribosomal protein L23, mitochondrial [Coniochaeta pulveracea]",183,0.0483,non-degrader
RKU46088.1 hypothetical protein DL546_004961 [Coniochaeta pulveracea],242,0.0483,non-degrader
RKU43477.1 hypothetical protein DL546_002682 [Coniochaeta pulveracea],135,0.0483,non-degrader
RKU46904.1 hypothetical protein DL546_001850 [Coniochaeta pulveracea],158,0.0482,non-degrader
RKU46138.1 hypothetical protein DL546_007339 [Coniochaeta pulveracea],216,0.0482,non-degrader
RKU45350.1 hypothetical protein DL546_008109 [Coniochaeta pulveracea],230,0.0482,non-degrader
RKU45272.1 hypothetical protein DL546_005442 [Coniochaeta pulveracea],152,0.0482,non-degrader
RKU44285.1 hypothetical protein DL546_002382 [Coniochaeta pulveracea],101,0.0482,non-degrader
RKU43682.1 hypothetical protein DL546_000099 [Coniochaeta pulveracea],85,0.0482,non-degrader
RKU48943.1 hypothetical protein DL546_009297 [Coniochaeta pulveracea],105,0.0481,non-degrader
RKU43570.1 hypothetical protein DL546_004233 [Coniochaeta pulveracea],105,0.0481,non-degrader
RKU40342.1 hypothetical protein DL546_002448 [Coniochaeta pulveracea],271,0.0481,non-degrader
RKU48115.1 hypothetical protein DL546_008949 [Coniochaeta pulveracea],292,0.048,non-degrader
RKU47463.1 hypothetical protein DL546_009255 [Coniochaeta pulveracea],100,0.048,non-degrader
RKU41016.1 hypothetical protein DL546_001122 [Coniochaeta pulveracea],197,0.048,non-degrader
RKU47533.1 hypothetical protein DL546_005579 [Coniochaeta pulveracea],99,0.0479,non-degrader
RKU43569.1 hypothetical protein DL546_004144 [Coniochaeta pulveracea],105,0.0479,non-degrader
RKU40755.1 hypothetical protein DL546_000968 [Coniochaeta pulveracea],268,0.0479,non-degrader
RKU40169.1 hypothetical protein DL546_000933 [Coniochaeta pulveracea],135,0.0479,non-degrader
RKU48637.1 hypothetical protein DL546_009108 [Coniochaeta pulveracea],123,0.0478,non-degrader
RKU43592.1 hypothetical protein DL546_005997 [Coniochaeta pulveracea],273,0.0478,non-degrader
RKU43250.1 hypothetical protein DL546_004255 [Coniochaeta pulveracea],175,0.0478,non-degrader
RKU43187.1 hypothetical protein DL546_005105 [Coniochaeta pulveracea],137,0.0478,non-degrader
RKU41109.1 hypothetical protein DL546_002539 [Coniochaeta pulveracea],211,0.0478,non-degrader
RKU46648.1 hypothetical protein DL546_007954 [Coniochaeta pulveracea],114,0.0477,non-degrader
"RKU42761.1 hypothetical protein DL546_006507, partial [Coniochaeta pulveracea]",168,0.0477,non-degrader
RKU46626.1 N-acetylglucosaminyldiphosphodolichol N-acetylglucosaminyltransferase catalytic subunit alg13 [Coniochaeta pulveracea],250,0.0476,non-degrader
RKU41447.1 hypothetical protein DL546_001881 [Coniochaeta pulveracea],154,0.0476,non-degrader
RKU47199.1 hypothetical protein DL546_008025 [Coniochaeta pulveracea],155,0.0475,non-degrader
RKU44931.1 hypothetical protein DL546_004375 [Coniochaeta pulveracea],288,0.0475,non-degrader
RKU43220.1 hypothetical protein DL546_001271 [Coniochaeta pulveracea],295,0.0475,non-degrader
RKU49409.1 DNAj domain protein [Coniochaeta pulveracea],279,0.0474,non-degrader
RKU49298.1 hypothetical protein DL546_009795 [Coniochaeta pulveracea],245,0.0474,non-degrader
RKU45299.1 hypothetical protein DL546_006684 [Coniochaeta pulveracea],82,0.0474,non-degrader
RKU46037.1 hypothetical protein DL546_000170 [Coniochaeta pulveracea],298,0.0473,non-degrader
RKU43557.1 hypothetical protein DL546_002611 [Coniochaeta pulveracea],231,0.0473,non-degrader
RKU42423.1 hypothetical protein DL546_005817 [Coniochaeta pulveracea],110,0.0473,non-degrader
RKU48514.1 Protein required for ethanol metabolism [Coniochaeta pulveracea],225,0.0472,non-degrader
RKU48141.1 hypothetical protein DL546_009202 [Coniochaeta pulveracea],295,0.0472,non-degrader
RKU47416.1 hypothetical protein DL546_008106 [Coniochaeta pulveracea],137,0.0472,non-degrader
RKU47108.1 hypothetical protein DL546_004101 [Coniochaeta pulveracea],194,0.0472,non-degrader
RKU45883.1 hypothetical protein DL546_008229 [Coniochaeta pulveracea],138,0.0472,non-degrader
RKU40919.1 hypothetical protein DL546_001100 [Coniochaeta pulveracea],142,0.0472,non-degrader
RKU40324.1 hypothetical protein DL546_002922 [Coniochaeta pulveracea],216,0.0472,non-degrader
RKU44942.1 hypothetical protein DL546_005433 [Coniochaeta pulveracea],100,0.0471,non-degrader
RKU48824.1 hypothetical protein DL546_006947 [Coniochaeta pulveracea],280,0.047,non-degrader
RKU48444.1 hypothetical protein DL546_001157 [Coniochaeta pulveracea],284,0.047,non-degrader
RKU46175.1 hypothetical protein DL546_008444 [Coniochaeta pulveracea],184,0.047,non-degrader
RKU45182.1 hypothetical protein DL546_007097 [Coniochaeta pulveracea],211,0.047,non-degrader
RKU44522.1 kinase-regulated stress-responsive transcription factor skn7 [Coniochaeta pulveracea],201,0.047,non-degrader
RKU43616.1 hypothetical protein DL546_001498 [Coniochaeta pulveracea],169,0.047,non-degrader
RKU43474.1 hypothetical protein DL546_002365 [Coniochaeta pulveracea],240,0.047,non-degrader
RKU42533.1 hypothetical protein DL546_004944 [Coniochaeta pulveracea],124,0.047,non-degrader
RKU42138.1 hypothetical protein DL546_004956 [Coniochaeta pulveracea],246,0.047,non-degrader
RKU41912.1 hypothetical protein DL546_005623 [Coniochaeta pulveracea],167,0.047,non-degrader
RKU41902.1 hypothetical protein DL546_004908 [Coniochaeta pulveracea],130,0.047,non-degrader
RKU39996.1 hypothetical protein DL546_001785 [Coniochaeta pulveracea],111,0.047,non-degrader
RKU46872.1 hypothetical protein DL546_009014 [Coniochaeta pulveracea],219,0.0469,non-degrader
RKU45001.1 hypothetical protein DL546_002328 [Coniochaeta pulveracea],232,0.0469,non-degrader
RKU43976.1 hypothetical protein DL546_005208 [Coniochaeta pulveracea],125,0.0469,non-degrader
RKU43253.1 hypothetical protein DL546_004472 [Coniochaeta pulveracea],154,0.0469,non-degrader
RKU40887.1 hypothetical protein DL546_002354 [Coniochaeta pulveracea],139,0.0469,non-degrader
RKU49710.1 hypothetical protein DL546_009870 [Coniochaeta pulveracea],232,0.0468,non-degrader
RKU43088.1 hypothetical protein DL546_003095 [Coniochaeta pulveracea],51,0.0468,non-degrader
RKU41268.1 hypothetical protein DL546_004666 [Coniochaeta pulveracea],257,0.0468,non-degrader
RKU47360.1 mitochondral 37S ribosomal protein S27 [Coniochaeta pulveracea],108,0.0467,non-degrader
RKU46219.1 hypothetical protein DL546_003329 [Coniochaeta pulveracea],157,0.0467,non-degrader
RKU44473.1 hypothetical protein DL546_002909 [Coniochaeta pulveracea],130,0.0467,non-degrader
RKU49400.1 hypothetical protein DL546_005368 [Coniochaeta pulveracea],188,0.0466,non-degrader
RKU48219.1 hypothetical protein DL546_002737 [Coniochaeta pulveracea],123,0.0466,non-degrader
RKU45631.1 hypothetical protein DL546_000731 [Coniochaeta pulveracea],287,0.0466,non-degrader
RKU41790.1 hypothetical protein DL546_005207 [Coniochaeta pulveracea],297,0.0466,non-degrader
RKU41295.1 hypothetical protein DL546_002497 [Coniochaeta pulveracea],247,0.0466,non-degrader
RKU40036.1 3-oxo-5a-steroid 4-dehydrogenase [Coniochaeta pulveracea],226,0.0466,non-degrader
RKU45183.1 hypothetical protein DL546_007125 [Coniochaeta pulveracea],264,0.0465,non-degrader
RKU43719.1 Peptide-methionine (S)-S-oxide reductase [Coniochaeta pulveracea],206,0.0465,non-degrader
RKU43460.1 hypothetical protein DL546_000951 [Coniochaeta pulveracea],286,0.0465,non-degrader
RKU48745.1 hypothetical protein DL546_001734 [Coniochaeta pulveracea],110,0.0464,non-degrader
RKU43096.1 hypothetical protein DL546_003684 [Coniochaeta pulveracea],164,0.0464,non-degrader
RKU42094.1 hypothetical protein DL546_000437 [Coniochaeta pulveracea],99,0.0464,non-degrader
RKU48060.1 hypothetical protein DL546_008126 [Coniochaeta pulveracea],260,0.0463,non-degrader
RKU42552.1 hypothetical protein DL546_006029 [Coniochaeta pulveracea],221,0.0463,non-degrader
RKU40126.1 hypothetical protein DL546_000453 [Coniochaeta pulveracea],225,0.0463,non-degrader
RKU46913.1 hypothetical protein DL546_002808 [Coniochaeta pulveracea],193,0.0462,non-degrader
RKU46730.1 hypothetical protein DL546_002310 [Coniochaeta pulveracea],199,0.0462,non-degrader
RKU43726.1 hypothetical protein DL546_004707 [Coniochaeta pulveracea],147,0.0462,non-degrader
RKU40889.1 Required for respiratory growth protein 9 mitochondrial [Coniochaeta pulveracea],295,0.0462,non-degrader
RKU40765.1 hypothetical protein DL546_002050 [Coniochaeta pulveracea],290,0.0462,non-degrader
RKU40030.1 hypothetical protein DL546_001281 [Coniochaeta pulveracea],187,0.0462,non-degrader
RKU49675.1 hypothetical protein DL546_009789 [Coniochaeta pulveracea],274,0.0461,non-degrader
RKU49515.1 hypothetical protein DL546_008805 [Coniochaeta pulveracea],213,0.0461,non-degrader
RKU46714.1 hypothetical protein DL546_009083 [Coniochaeta pulveracea],290,0.0461,non-degrader
RKU44238.1 hypothetical protein DL546_006199 [Coniochaeta pulveracea],192,0.0461,non-degrader
RKU42691.1 hypothetical protein DL546_005648 [Coniochaeta pulveracea],293,0.0461,non-degrader
RKU39795.1 hypothetical protein DL546_000265 [Coniochaeta pulveracea],201,0.0461,non-degrader
RKU44150.1 hypothetical protein DL546_005359 [Coniochaeta pulveracea],99,0.046,non-degrader
"RKU43681.1 hypothetical protein DL546_000047, partial [Coniochaeta pulveracea]",89,0.046,non-degrader
RKU40111.1 hypothetical protein DL546_000936 [Coniochaeta pulveracea],131,0.046,non-degrader
RKU49268.1 hypothetical protein DL546_009701 [Coniochaeta pulveracea],175,0.0459,non-degrader
RKU47234.1 hypothetical protein DL546_008625 [Coniochaeta pulveracea],291,0.0459,non-degrader
RKU45372.1 hypothetical protein DL546_002674 [Coniochaeta pulveracea],90,0.0459,non-degrader
RKU42812.1 casein kinase 2 regulatory subunit [Coniochaeta pulveracea],273,0.0459,non-degrader
RKU41655.1 hypothetical protein DL546_002868 [Coniochaeta pulveracea],98,0.0459,non-degrader
RKU41545.1 hypothetical protein DL546_001377 [Coniochaeta pulveracea],284,0.0459,non-degrader
RKU47411.1 hypothetical protein DL546_007951 [Coniochaeta pulveracea],249,0.0458,non-degrader
RKU46351.1 hypothetical protein DL546_001644 [Coniochaeta pulveracea],150,0.0458,non-degrader
RKU45997.1 hypothetical protein DL546_007582 [Coniochaeta pulveracea],151,0.0458,non-degrader
RKU45877.1 orotate phosphoribosyltransferase [Coniochaeta pulveracea],234,0.0458,non-degrader
RKU43813.1 hypothetical protein DL546_006602 [Coniochaeta pulveracea],295,0.0458,non-degrader
RKU42714.1 hypothetical protein DL546_003160 [Coniochaeta pulveracea],143,0.0458,non-degrader
RKU43170.1 hypothetical protein DL546_004132 [Coniochaeta pulveracea],126,0.0457,non-degrader
RKU45581.1 hypothetical protein DL546_007433 [Coniochaeta pulveracea],189,0.0456,non-degrader
RKU45195.1 hypothetical protein DL546_007898 [Coniochaeta pulveracea],279,0.0456,non-degrader
RKU39950.1 hypothetical protein DL546_000554 [Coniochaeta pulveracea],157,0.0456,non-degrader
RKU49086.1 hypothetical protein DL546_005053 [Coniochaeta pulveracea],188,0.0455,non-degrader
RKU48356.1 hypothetical protein DL546_008859 [Coniochaeta pulveracea],285,0.0455,non-degrader
RKU46252.1 hypothetical protein DL546_005955 [Coniochaeta pulveracea],108,0.0455,non-degrader
RKU45499.1 hypothetical protein DL546_000748 [Coniochaeta pulveracea],160,0.0455,non-degrader
RKU44019.1 hypothetical protein DL546_003998 [Coniochaeta pulveracea],259,0.0455,non-degrader
RKU43901.1 hypothetical protein DL546_006644 [Coniochaeta pulveracea],242,0.0455,non-degrader
RKU41573.1 hypothetical protein DL546_004251 [Coniochaeta pulveracea],289,0.0455,non-degrader
RKU44508.1 hypothetical protein DL546_005866 [Coniochaeta pulveracea],259,0.0454,non-degrader
RKU41833.1 hypothetical protein DL546_004686 [Coniochaeta pulveracea],183,0.0454,non-degrader
RKU40486.1 hypothetical protein DL546_001329 [Coniochaeta pulveracea],160,0.0454,non-degrader
RKU48783.1 hypothetical protein DL546_005249 [Coniochaeta pulveracea],166,0.0453,non-degrader
RKU48002.1 hypothetical protein DL546_006016 [Coniochaeta pulveracea],231,0.0453,non-degrader
RKU40714.1 Mitochondrial import inner membrane translocase subunit tim22 [Coniochaeta pulveracea],170,0.0453,non-degrader
RKU47367.1 hypothetical protein DL546_006266 [Coniochaeta pulveracea],220,0.0452,non-degrader
RKU44664.1 Cytochrome c1 heme lyase [Coniochaeta pulveracea],286,0.0452,non-degrader
RKU44056.1 hypothetical protein DL546_006069 [Coniochaeta pulveracea],103,0.0452,non-degrader
RKU40937.1 hypothetical protein DL546_003030 [Coniochaeta pulveracea],211,0.0452,non-degrader
RKU45826.1 hypothetical protein DL546_006579 [Coniochaeta pulveracea],134,0.0451,non-degrader
RKU43218.1 hypothetical protein DL546_001103 [Coniochaeta pulveracea],250,0.0451,non-degrader
RKU42532.1 hypothetical protein DL546_004895 [Coniochaeta pulveracea],116,0.0451,non-degrader
RKU42268.1 hypothetical protein DL546_005099 [Coniochaeta pulveracea],204,0.0451,non-degrader
"RKU40056.1 hypothetical protein DL546_002366, partial [Coniochaeta pulveracea]",136,0.0451,non-degrader
RKU42661.1 hypothetical protein DL546_003297 [Coniochaeta pulveracea],191,0.045,non-degrader
RKU42339.1 hypothetical protein DL546_005420 [Coniochaeta pulveracea],298,0.045,non-degrader
RKU47961.1 hypothetical protein DL546_002831 [Coniochaeta pulveracea],176,0.0449,non-degrader
RKU47763.1 Fungal hydrophobin [Coniochaeta pulveracea],121,0.0449,non-degrader
RKU45345.1 hypothetical protein DL546_008003 [Coniochaeta pulveracea],263,0.0449,non-degrader
RKU41921.1 hypothetical protein DL546_001582 [Coniochaeta pulveracea],138,0.0449,non-degrader
RKU41911.1 hypothetical protein DL546_005580 [Coniochaeta pulveracea],242,0.0449,non-degrader
RKU41580.1 hypothetical protein DL546_004457 [Coniochaeta pulveracea],161,0.0449,non-degrader
RKU39896.1 hypothetical protein DL546_001607 [Coniochaeta pulveracea],195,0.0449,non-degrader
RKU46530.1 hypothetical protein DL546_008880 [Coniochaeta pulveracea],258,0.0448,non-degrader
RKU43778.1 hypothetical protein DL546_004126 [Coniochaeta pulveracea],269,0.0448,non-degrader
RKU41654.1 hypothetical protein DL546_002868 [Coniochaeta pulveracea],85,0.0448,non-degrader
RKU48472.1 hypothetical protein DL546_003832 [Coniochaeta pulveracea],280,0.0447,non-degrader
RKU44755.1 hypothetical protein DL546_005634 [Coniochaeta pulveracea],282,0.0447,non-degrader
RKU42340.1 hypothetical protein DL546_005460 [Coniochaeta pulveracea],157,0.0447,non-degrader
RKU46034.1 hypothetical protein DL546_008676 [Coniochaeta pulveracea],101,0.0446,non-degrader
RKU44113.1 hypothetical protein DL546_002694 [Coniochaeta pulveracea],216,0.0446,non-degrader
"RKU43678.1 Arp complex subunit, variant 2 [Coniochaeta pulveracea]",209,0.0446,non-degrader
"RKU49205.1 3,4-dihydroxy 2-butanone 4-phosphate synthase [Coniochaeta pulveracea]",233,0.0445,non-degrader
RKU47852.1 hypothetical protein DL546_008416 [Coniochaeta pulveracea],73,0.0445,non-degrader
RKU47473.1 hypothetical protein DL546_009370 [Coniochaeta pulveracea],201,0.0445,non-degrader
RKU46406.1 hypothetical protein DL546_005505 [Coniochaeta pulveracea],211,0.0445,non-degrader
RKU41696.1 DASH complex subunit dam1 [Coniochaeta pulveracea],216,0.0445,non-degrader
RKU41247.1 hypothetical protein DL546_002840 [Coniochaeta pulveracea],192,0.0445,non-degrader
RKU45571.1 hypothetical protein DL546_006966 [Coniochaeta pulveracea],204,0.0444,non-degrader
RKU40956.1 hypothetical protein DL546_002763 [Coniochaeta pulveracea],269,0.0444,non-degrader
RKU40076.1 Nucleolar protein 16 [Coniochaeta pulveracea],232,0.0444,non-degrader
RKU49050.1 hypothetical protein DL546_000931 [Coniochaeta pulveracea],243,0.0443,non-degrader
RKU46549.1 hypothetical protein DL546_001965 [Coniochaeta pulveracea],136,0.0442,non-degrader
RKU46259.1 hypothetical protein DL546_006354 [Coniochaeta pulveracea],233,0.0442,non-degrader
"RKU43760.1 hypothetical protein DL546_000008, partial [Coniochaeta pulveracea]",205,0.0442,non-degrader
RKU40854.1 S-adenosylmethionine-dependent methyltransferase [Coniochaeta pulveracea],250,0.0442,non-degrader
RKU49651.1 succinate dehydrogenase assembly factor 2 [Coniochaeta pulveracea],242,0.0441,non-degrader
RKU44691.1 hypothetical protein DL546_005504 [Coniochaeta pulveracea],204,0.0441,non-degrader
RKU49450.1 autophagy protein 5 [Coniochaeta pulveracea],270,0.044,non-degrader
RKU47826.1 hypothetical protein DL546_007880 [Coniochaeta pulveracea],159,0.044,non-degrader
RKU42618.1 hypothetical protein DL546_005539 [Coniochaeta pulveracea],184,0.044,non-degrader
RKU41782.1 hypothetical protein DL546_004796 [Coniochaeta pulveracea],118,0.044,non-degrader
RKU49121.1 hypothetical protein DL546_007594 [Coniochaeta pulveracea],217,0.0439,non-degrader
RKU47547.1 hypothetical protein DL546_006327 [Coniochaeta pulveracea],274,0.0439,non-degrader
RKU46808.1 hypothetical protein DL546_007383 [Coniochaeta pulveracea],124,0.0439,non-degrader
RKU44590.1 ribosomal 40S subunit protein S11A [Coniochaeta pulveracea],161,0.0439,non-degrader
RKU43881.1 hypothetical protein DL546_005328 [Coniochaeta pulveracea],191,0.0439,non-degrader
RKU41834.1 hypothetical protein DL546_004730 [Coniochaeta pulveracea],266,0.0439,non-degrader
RKU46502.1 hypothetical protein DL546_008466 [Coniochaeta pulveracea],181,0.0438,non-degrader
RKU45963.1 hypothetical protein DL546_005405 [Coniochaeta pulveracea],147,0.0438,non-degrader
RKU45430.1 hypothetical protein DL546_006577 [Coniochaeta pulveracea],152,0.0438,non-degrader
RKU44630.1 hypothetical protein DL546_007292 [Coniochaeta pulveracea],121,0.0438,non-degrader
RKU40283.1 ATPase-activating ribosome biosynthesis protein [Coniochaeta pulveracea],222,0.0438,non-degrader
RKU47703.1 hypothetical protein DL546_009371 [Coniochaeta pulveracea],153,0.0437,non-degrader
RKU46372.1 hypothetical protein DL546_003426 [Coniochaeta pulveracea],287,0.0437,non-degrader
RKU40197.1 hypothetical protein DL546_000785 [Coniochaeta pulveracea],122,0.0437,non-degrader
RKU49068.1 hypothetical protein DL546_003440 [Coniochaeta pulveracea],110,0.0436,non-degrader
RKU45178.1 hypothetical protein DL546_006925 [Coniochaeta pulveracea],153,0.0436,non-degrader
RKU42528.1 hypothetical protein DL546_004633 [Coniochaeta pulveracea],191,0.0436,non-degrader
RKU40520.1 hypothetical protein DL546_002270 [Coniochaeta pulveracea],252,0.0436,non-degrader
RKU39834.1 hypothetical protein DL546_000778 [Coniochaeta pulveracea],103,0.0436,non-degrader
RKU45267.1 hypothetical protein DL546_004963 [Coniochaeta pulveracea],193,0.0435,non-degrader
RKU41765.1 hypothetical protein DL546_003005 [Coniochaeta pulveracea],260,0.0435,non-degrader
RKU41163.1 hypothetical protein DL546_003608 [Coniochaeta pulveracea],137,0.0435,non-degrader
RKU48338.1 hypothetical protein DL546_008594 [Coniochaeta pulveracea],113,0.0433,non-degrader
RKU44833.1 hypothetical protein DL546_004242 [Coniochaeta pulveracea],191,0.0433,non-degrader
RKU43895.1 histone H2A.Z [Coniochaeta pulveracea],143,0.0433,non-degrader
RKU40134.1 hypothetical protein DL546_001378 [Coniochaeta pulveracea],164,0.0432,non-degrader
RKU47595.1 hypothetical protein DL546_007807 [Coniochaeta pulveracea],241,0.0431,non-degrader
RKU45703.1 hypothetical protein DL546_006969 [Coniochaeta pulveracea],255,0.0431,non-degrader
RKU44816.1 hypothetical protein DL546_001805 [Coniochaeta pulveracea],126,0.0431,non-degrader
RKU44639.1 hypothetical protein DL546_007612 [Coniochaeta pulveracea],126,0.0431,non-degrader
RKU43911.1 hypothetical protein DL546_007048 [Coniochaeta pulveracea],85,0.0431,non-degrader
RKU43878.1 hypothetical protein DL546_005140 [Coniochaeta pulveracea],99,0.0431,non-degrader
RKU43626.1 hypothetical protein DL546_003505 [Coniochaeta pulveracea],142,0.0431,non-degrader
"RKU41951.1 37S ribosomal protein S9, mitochondrial [Coniochaeta pulveracea]",267,0.0431,non-degrader
RKU40491.1 hypothetical protein DL546_001861 [Coniochaeta pulveracea],297,0.0431,non-degrader
RKU49348.1 hypothetical protein DL546_009888 [Coniochaeta pulveracea],220,0.043,non-degrader
RKU48631.1 hypothetical protein DL546_009032 [Coniochaeta pulveracea],223,0.043,non-degrader
RKU47692.1 hypothetical protein DL546_009276 [Coniochaeta pulveracea],205,0.043,non-degrader
RKU47679.1 hypothetical protein DL546_009163 [Coniochaeta pulveracea],185,0.043,non-degrader
RKU44333.1 hypothetical protein DL546_006649 [Coniochaeta pulveracea],170,0.043,non-degrader
RKU49722.1 hypothetical protein DL546_009895 [Coniochaeta pulveracea],286,0.0429,non-degrader
RKU44781.1 Cytochrome c oxidase subunit 5A [Coniochaeta pulveracea],170,0.0429,non-degrader
RKU44458.1 hypothetical protein DL546_001438 [Coniochaeta pulveracea],299,0.0429,non-degrader
RKU44278.1 hypothetical protein DL546_001445 [Coniochaeta pulveracea],293,0.0429,non-degrader
RKU44915.1 hypothetical protein DL546_003115 [Coniochaeta pulveracea],242,0.0428,non-degrader
RKU42147.1 hypothetical protein DL546_005486 [Coniochaeta pulveracea],119,0.0428,non-degrader
RKU41429.1 hypothetical protein DL546_004837 [Coniochaeta pulveracea],184,0.0428,non-degrader
RKU41368.1 hypothetical protein DL546_003093 [Coniochaeta pulveracea],286,0.0428,non-degrader
RKU47086.1 hypothetical protein DL546_009257 [Coniochaeta pulveracea],158,0.0427,non-degrader
RKU46946.1 hypothetical protein DL546_005522 [Coniochaeta pulveracea],235,0.0427,non-degrader
RKU45790.1 hypothetical protein DL546_004093 [Coniochaeta pulveracea],166,0.0427,non-degrader
RKU41160.1 hypothetical protein DL546_003206 [Coniochaeta pulveracea],295,0.0427,non-degrader
RKU48158.1 hypothetical protein DL546_009349 [Coniochaeta pulveracea],123,0.0426,non-degrader
RKU45435.1 hypothetical protein DL546_006745 [Coniochaeta pulveracea],103,0.0426,non-degrader
RKU42335.1 hypothetical protein DL546_005347 [Coniochaeta pulveracea],104,0.0426,non-degrader
"RKU40584.1 54S ribosomal protein L25, mitochondrial [Coniochaeta pulveracea]",163,0.0426,non-degrader
RKU48562.1 hypothetical protein DL546_008008 [Coniochaeta pulveracea],221,0.0425,non-degrader
RKU47895.1 putative tRNA-splicing endonuclease subunit tsp-1 [Coniochaeta pulveracea],159,0.0425,non-degrader
RKU46352.1 hypothetical protein DL546_001670 [Coniochaeta pulveracea],237,0.0425,non-degrader
RKU43491.1 hypothetical protein DL546_003705 [Coniochaeta pulveracea],297,0.0425,non-degrader
RKU43103.1 hypothetical protein DL546_004121 [Coniochaeta pulveracea],270,0.0425,non-degrader
RKU41896.1 hypothetical protein DL546_004566 [Coniochaeta pulveracea],257,0.0425,non-degrader
RKU48324.1 hypothetical protein DL546_008280 [Coniochaeta pulveracea],112,0.0424,non-degrader
RKU47177.1 hypothetical protein DL546_007557 [Coniochaeta pulveracea],153,0.0424,non-degrader
RKU46586.1 N-terminal acetyltransferase A complex catalytic subunit ard1 [Coniochaeta pulveracea],227,0.0424,non-degrader
RKU45762.1 hypothetical protein DL546_000164 [Coniochaeta pulveracea],271,0.0424,non-degrader
RKU44916.1 nucleoside diphosphate kinase [Coniochaeta pulveracea],251,0.0423,non-degrader
RKU43794.1 hypothetical protein DL546_005572 [Coniochaeta pulveracea],269,0.0423,non-degrader
RKU43625.1 hypothetical protein DL546_003453 [Coniochaeta pulveracea],254,0.0423,non-degrader
RKU41981.1 hypothetical protein DL546_001749 [Coniochaeta pulveracea],186,0.0423,non-degrader
RKU41073.1 hypothetical protein DL546_003120 [Coniochaeta pulveracea],239,0.0422,non-degrader
RKU40556.1 hypothetical protein DL546_003347 [Coniochaeta pulveracea],140,0.0422,non-degrader
RKU48909.1 hypothetical protein DL546_008899 [Coniochaeta pulveracea],148,0.0421,non-degrader
RKU47920.1 hypothetical protein DL546_009306 [Coniochaeta pulveracea],300,0.0421,non-degrader
RKU46413.1 hypothetical protein DL546_005731 [Coniochaeta pulveracea],140,0.0421,non-degrader
RKU43764.1 hypothetical protein DL546_001000 [Coniochaeta pulveracea],162,0.0421,non-degrader
RKU43194.1 hypothetical protein DL546_005477 [Coniochaeta pulveracea],271,0.0421,non-degrader
RKU42277.1 hypothetical protein DL546_009924 [Coniochaeta pulveracea],174,0.0421,non-degrader
RKU48380.1 hypothetical protein DL546_009158 [Coniochaeta pulveracea],141,0.042,non-degrader
RKU46598.1 hypothetical protein DL546_006118 [Coniochaeta pulveracea],127,0.042,non-degrader
RKU46123.1 hypothetical protein DL546_006814 [Coniochaeta pulveracea],167,0.0419,non-degrader
RKU44822.1 hypothetical protein DL546_002466 [Coniochaeta pulveracea],208,0.0419,non-degrader
RKU42529.1 hypothetical protein DL546_004727 [Coniochaeta pulveracea],223,0.0419,non-degrader
RKU41361.1 hypothetical protein DL546_002423 [Coniochaeta pulveracea],292,0.0419,non-degrader
RKU40179.1 hypothetical protein DL546_001231 [Coniochaeta pulveracea],294,0.0419,non-degrader
RKU39858.1 hypothetical protein DL546_000150 [Coniochaeta pulveracea],215,0.0419,non-degrader
RKU49672.1 hypothetical protein DL546_009782 [Coniochaeta pulveracea],283,0.0418,non-degrader
RKU49488.1 hypothetical protein DL546_008281 [Coniochaeta pulveracea],197,0.0418,non-degrader
RKU41877.1 hypothetical protein DL546_003343 [Coniochaeta pulveracea],100,0.0418,non-degrader
RKU39760.1 hypothetical protein DL546_000626 [Coniochaeta pulveracea],222,0.0418,non-degrader
RKU47432.1 protein transport protein bet1 [Coniochaeta pulveracea],165,0.0417,non-degrader
RKU44100.1 hypothetical protein DL546_001458 [Coniochaeta pulveracea],201,0.0417,non-degrader
"RKU43600.1 ssDNA-binding protein, mitochondrial [Coniochaeta pulveracea]",144,0.0417,non-degrader
RKU42966.1 Histone H4 [Coniochaeta pulveracea],103,0.0417,non-degrader
RKU41481.1 hypothetical protein DL546_004662 [Coniochaeta pulveracea],225,0.0417,non-degrader
RKU41265.1 Histone H4 [Coniochaeta pulveracea],103,0.0417,non-degrader
RKU41731.1 histone H2A [Coniochaeta pulveracea],136,0.0416,non-degrader
RKU41348.1 hypothetical protein DL546_000586 [Coniochaeta pulveracea],158,0.0416,non-degrader
RKU41267.1 hypothetical protein DL546_004635 [Coniochaeta pulveracea],160,0.0416,non-degrader
RKU40381.1 hypothetical protein DL546_009903 [Coniochaeta pulveracea],100,0.0416,non-degrader
RKU49175.1 hypothetical protein DL546_008731 [Coniochaeta pulveracea],280,0.0415,non-degrader
RKU47705.1 hypothetical protein DL546_009385 [Coniochaeta pulveracea],144,0.0415,non-degrader
RKU46822.1 hypothetical protein DL546_007779 [Coniochaeta pulveracea],153,0.0415,non-degrader
RKU46339.1 hypothetical protein DL546_008575 [Coniochaeta pulveracea],234,0.0415,non-degrader
RKU45841.1 hypothetical protein DL546_007107 [Coniochaeta pulveracea],241,0.0415,non-degrader
RKU44627.1 hypothetical protein DL546_007213 [Coniochaeta pulveracea],226,0.0415,non-degrader
"RKU41284.1 40S ribosomal protein, variant 2 [Coniochaeta pulveracea]",266,0.0415,non-degrader
RKU40146.1 hypothetical protein DL546_000106 [Coniochaeta pulveracea],227,0.0415,non-degrader
RKU40010.1 Glutathione S-transferase 2 [Coniochaeta pulveracea],221,0.0415,non-degrader
RKU48139.1 hypothetical protein DL546_009925 [Coniochaeta pulveracea],199,0.0414,non-degrader
RKU45524.1 hypothetical protein DL546_003559 [Coniochaeta pulveracea],279,0.0414,non-degrader
RKU43943.1 hypothetical protein DL546_002664 [Coniochaeta pulveracea],250,0.0414,non-degrader
RKU42556.1 hypothetical protein DL546_006225 [Coniochaeta pulveracea],83,0.0414,non-degrader
RKU42141.1 hypothetical protein DL546_005109 [Coniochaeta pulveracea],226,0.0414,non-degrader
RKU41379.1 hypothetical protein DL546_003947 [Coniochaeta pulveracea],296,0.0414,non-degrader
RKU46599.1 hypothetical protein DL546_006174 [Coniochaeta pulveracea],289,0.0413,non-degrader
RKU46194.1 hypothetical protein DL546_008760 [Coniochaeta pulveracea],271,0.0413,non-degrader
RKU45408.1 Peptidyl-prolyl cis-trans isomerase [Coniochaeta pulveracea],161,0.0413,non-degrader
RKU44716.1 hypothetical protein DL546_006852 [Coniochaeta pulveracea],216,0.0413,non-degrader
RKU43382.1 hypothetical protein DL546_000760 [Coniochaeta pulveracea],239,0.0413,non-degrader
RKU42701.1 Adenylyl-sulfate kinase [Coniochaeta pulveracea],291,0.0413,non-degrader
RKU46273.1 hypothetical protein DL546_006921 [Coniochaeta pulveracea],273,0.0412,non-degrader
RKU45428.1 hypothetical protein DL546_006534 [Coniochaeta pulveracea],255,0.0412,non-degrader
RKU42785.1 hypothetical protein DL546_003145 [Coniochaeta pulveracea],291,0.0412,non-degrader
RKU41837.1 hypothetical protein DL546_005024 [Coniochaeta pulveracea],226,0.0412,non-degrader
RKU41806.1 hypothetical protein DL546_002473 [Coniochaeta pulveracea],188,0.0412,non-degrader
RKU40760.1 ribosomal protein S5 [Coniochaeta pulveracea],213,0.0412,non-degrader
RKU39797.1 hypothetical protein DL546_000397 [Coniochaeta pulveracea],269,0.0412,non-degrader
RKU49576.1 hypothetical protein DL546_009393 [Coniochaeta pulveracea],166,0.0411,non-degrader
RKU47875.1 hypothetical protein DL546_008750 [Coniochaeta pulveracea],129,0.0411,non-degrader
RKU42192.1 hypothetical protein DL546_003827 [Coniochaeta pulveracea],149,0.0411,non-degrader
RKU41819.1 hypothetical protein DL546_003882 [Coniochaeta pulveracea],128,0.0411,non-degrader
RKU40756.1 hypothetical protein DL546_001034 [Coniochaeta pulveracea],208,0.0411,non-degrader
RKU39992.1 hypothetical protein DL546_001391 [Coniochaeta pulveracea],253,0.0411,non-degrader
RKU48788.1 DNA-directed RNA polymerase core subunit rpc10 [Coniochaeta pulveracea],74,0.041,non-degrader
RKU46473.1 hypothetical protein DL546_007882 [Coniochaeta pulveracea],276,0.041,non-degrader
RKU46444.1 hypothetical protein DL546_006894 [Coniochaeta pulveracea],118,0.041,non-degrader
RKU44422.1 hypothetical protein DL546_006730 [Coniochaeta pulveracea],199,0.041,non-degrader
RKU43972.1 hypothetical protein DL546_004993 [Coniochaeta pulveracea],250,0.041,non-degrader
RKU43473.1 hypothetical protein DL546_002301 [Coniochaeta pulveracea],176,0.041,non-degrader
RKU44403.1 hypothetical protein DL546_005735 [Coniochaeta pulveracea],127,0.0409,non-degrader
RKU44047.1 hypothetical protein DL546_005682 [Coniochaeta pulveracea],267,0.0409,non-degrader
RKU39954.1 hypothetical protein DL546_001294 [Coniochaeta pulveracea],234,0.0409,non-degrader
RKU49539.1 hypothetical protein DL546_009059 [Coniochaeta pulveracea],296,0.0408,non-degrader
RKU46663.1 hypothetical protein DL546_008227 [Coniochaeta pulveracea],229,0.0408,non-degrader
RKU45478.1 hypothetical protein DL546_008150 [Coniochaeta pulveracea],197,0.0408,non-degrader
RKU44180.1 hypothetical protein DL546_007069 [Coniochaeta pulveracea],217,0.0408,non-degrader
RKU40769.1 hypothetical protein DL546_002944 [Coniochaeta pulveracea],284,0.0408,non-degrader
RKU44896.1 hypothetical protein DL546_001114 [Coniochaeta pulveracea],266,0.0407,non-degrader
RKU44884.1 Ubiquitin-like protein [Coniochaeta pulveracea],110,0.0407,non-degrader
RKU44758.1 hypothetical protein DL546_005929 [Coniochaeta pulveracea],216,0.0407,non-degrader
RKU43905.1 hypothetical protein DL546_006781 [Coniochaeta pulveracea],87,0.0407,non-degrader
RKU40531.1 Ras-related protein rsr1 [Coniochaeta pulveracea],222,0.0407,non-degrader
RKU49004.1 hypothetical protein DL546_009664 [Coniochaeta pulveracea],166,0.0406,non-degrader
RKU48995.1 hypothetical protein DL546_009641 [Coniochaeta pulveracea],132,0.0406,non-degrader
RKU47092.1 hypothetical protein DL546_000728 [Coniochaeta pulveracea],271,0.0406,non-degrader
RKU45678.1 hypothetical protein DL546_005520 [Coniochaeta pulveracea],192,0.0406,non-degrader
RKU43611.1 hypothetical protein DL546_000717 [Coniochaeta pulveracea],224,0.0406,non-degrader
RKU40630.1 hypothetical protein DL546_001162 [Coniochaeta pulveracea],170,0.0406,non-degrader
RKU40617.1 atp3 gamma subunit of the F1 sector of mitochondrial F1F0 ATP synthase [Coniochaeta pulveracea],285,0.0406,non-degrader
RKU47665.1 hypothetical protein DL546_009008 [Coniochaeta pulveracea],180,0.0405,non-degrader
RKU46182.1 hypothetical protein DL546_008546 [Coniochaeta pulveracea],133,0.0405,non-degrader
RKU48872.1 hypothetical protein DL546_008238 [Coniochaeta pulveracea],275,0.0404,non-degrader
RKU48544.1 hypothetical protein DL546_007351 [Coniochaeta pulveracea],183,0.0404,non-degrader
RKU48371.1 hypothetical protein DL546_009044 [Coniochaeta pulveracea],199,0.0404,non-degrader
RKU47516.1 hypothetical protein DL546_004387 [Coniochaeta pulveracea],185,0.0404,non-degrader
RKU43013.1 hypothetical protein DL546_003397 [Coniochaeta pulveracea],220,0.0404,non-degrader
RKU42683.1 Adenylyl-sulfate kinase [Coniochaeta pulveracea],208,0.0404,non-degrader
RKU41008.1 hypothetical protein DL546_000325 [Coniochaeta pulveracea],248,0.0404,non-degrader
RKU47966.1 hypothetical protein DL546_003434 [Coniochaeta pulveracea],101,0.0403,non-degrader
RKU44720.1 hypothetical protein DL546_006993 [Coniochaeta pulveracea],137,0.0403,non-degrader
RKU44527.1 hypothetical protein DL546_007027 [Coniochaeta pulveracea],74,0.0403,non-degrader
RKU46927.1 hypothetical protein DL546_003987 [Coniochaeta pulveracea],64,0.0402,non-degrader
RKU43792.1 hypothetical protein DL546_005421 [Coniochaeta pulveracea],109,0.0402,non-degrader
RKU43386.1 hypothetical protein DL546_001224 [Coniochaeta pulveracea],107,0.0402,non-degrader
RKU43357.1 hypothetical protein DL546_005835 [Coniochaeta pulveracea],136,0.0402,non-degrader
RKU42437.1 hypothetical protein DL546_001586 [Coniochaeta pulveracea],204,0.0402,non-degrader
RKU42288.1 60S ribosomal protein L9B [Coniochaeta pulveracea],194,0.0402,non-degrader
RKU41732.1 hypothetical protein DL546_004882 [Coniochaeta pulveracea],99,0.0402,non-degrader
RKU40138.1 Cu-binding protein [Coniochaeta pulveracea],288,0.0402,non-degrader
RKU46456.1 hypothetical protein DL546_007388 [Coniochaeta pulveracea],81,0.0401,non-degrader
RKU45153.1 hypothetical protein DL546_005763 [Coniochaeta pulveracea],206,0.0401,non-degrader
RKU42356.1 hypothetical protein DL546_000327 [Coniochaeta pulveracea],101,0.0401,non-degrader
RKU42278.1 hypothetical protein DL546_005768 [Coniochaeta pulveracea],282,0.0401,non-degrader
RKU40255.1 60S ribosomal protein L28 [Coniochaeta pulveracea],149,0.0401,non-degrader
RKU40014.1 hypothetical protein DL546_001199 [Coniochaeta pulveracea],283,0.0401,non-degrader
RKU49711.1 hypothetical protein DL546_009873 [Coniochaeta pulveracea],225,0.04,non-degrader
RKU45121.1 hypothetical protein DL546_003516 [Coniochaeta pulveracea],255,0.04,non-degrader
"RKU42847.1 Tryptophan--tRNA ligase, mitochondrial, variant 3 [Coniochaeta pulveracea]",262,0.04,non-degrader
"RKU42845.1 Tryptophan--tRNA ligase, mitochondrial [Coniochaeta pulveracea]",262,0.04,non-degrader
RKU42515.1 hypothetical protein DL546_003659 [Coniochaeta pulveracea],67,0.04,non-degrader
RKU49406.1 hypothetical protein DL546_005655 [Coniochaeta pulveracea],200,0.0399,non-degrader
RKU48841.1 hypothetical protein DL546_007425 [Coniochaeta pulveracea],99,0.0399,non-degrader
RKU47955.1 hypothetical protein DL546_002316 [Coniochaeta pulveracea],185,0.0399,non-degrader
RKU44199.1 hypothetical protein DL546_001714 [Coniochaeta pulveracea],288,0.0399,non-degrader
"RKU41746.1 39S ribosomal protein L51, mitochondrial [Coniochaeta pulveracea]",165,0.0399,non-degrader
RKU47018.1 hypothetical protein DL546_008247 [Coniochaeta pulveracea],181,0.0398,non-degrader
RKU45956.1 hypothetical protein DL546_005104 [Coniochaeta pulveracea],150,0.0398,non-degrader
RKU42523.1 hypothetical protein DL546_004195 [Coniochaeta pulveracea],132,0.0398,non-degrader
"RKU41592.1 hypothetical protein DL546_000003, partial [Coniochaeta pulveracea]",65,0.0398,non-degrader
RKU40971.1 hypothetical protein DL546_003804 [Coniochaeta pulveracea],198,0.0398,non-degrader
RKU49649.1 hypothetical protein DL546_009717 [Coniochaeta pulveracea],211,0.0397,non-degrader
RKU45954.1 hypothetical protein DL546_004992 [Coniochaeta pulveracea],286,0.0397,non-degrader
RKU45170.1 hypothetical protein DL546_006539 [Coniochaeta pulveracea],270,0.0397,non-degrader
RKU44289.1 hypothetical protein DL546_002841 [Coniochaeta pulveracea],288,0.0397,non-degrader
RKU43318.1 hypothetical protein DL546_002902 [Coniochaeta pulveracea],115,0.0397,non-degrader
RKU41145.1 hypothetical protein DL546_002012 [Coniochaeta pulveracea],99,0.0397,non-degrader
RKU40980.1 hypothetical protein DL546_000978 [Coniochaeta pulveracea],234,0.0397,non-degrader
RKU46087.1 hypothetical protein DL546_004934 [Coniochaeta pulveracea],169,0.0396,non-degrader
RKU45078.1 hypothetical protein DL546_007561 [Coniochaeta pulveracea],182,0.0396,non-degrader
RKU48505.1 hypothetical protein DL546_006003 [Coniochaeta pulveracea],150,0.0395,non-degrader
RKU46672.1 hypothetical protein DL546_008377 [Coniochaeta pulveracea],125,0.0395,non-degrader
RKU42779.1 hypothetical protein DL546_002451 [Coniochaeta pulveracea],241,0.0395,non-degrader
RKU41861.1 rRNA-processing protein fcf1 [Coniochaeta pulveracea],197,0.0395,non-degrader
RKU44844.1 hypothetical protein DL546_005005 [Coniochaeta pulveracea],296,0.0394,non-degrader
RKU44008.1 hypothetical protein DL546_007202 [Coniochaeta pulveracea],138,0.0394,non-degrader
RKU43771.1 hypothetical protein DL546_003648 [Coniochaeta pulveracea],267,0.0394,non-degrader
RKU42558.1 hypothetical protein DL546_009922 [Coniochaeta pulveracea],114,0.0394,non-degrader
RKU40936.1 hypothetical protein DL546_002977 [Coniochaeta pulveracea],267,0.0394,non-degrader
RKU39829.1 hypothetical protein DL546_000087 [Coniochaeta pulveracea],288,0.0394,non-degrader
RKU48502.1 hypothetical protein DL546_005882 [Coniochaeta pulveracea],230,0.0393,non-degrader
RKU48334.1 hypothetical protein DL546_008450 [Coniochaeta pulveracea],286,0.0393,non-degrader
RKU47758.1 hypothetical protein DL546_005131 [Coniochaeta pulveracea],207,0.0393,non-degrader
RKU47315.1 hypothetical protein DL546_002578 [Coniochaeta pulveracea],69,0.0393,non-degrader
RKU46677.1 hypothetical protein DL546_008492 [Coniochaeta pulveracea],293,0.0393,non-degrader
RKU43526.1 hypothetical protein DL546_006374 [Coniochaeta pulveracea],269,0.0393,non-degrader
RKU43436.1 hypothetical protein DL546_005872 [Coniochaeta pulveracea],145,0.0393,non-degrader
RKU41204.1 hypothetical protein DL546_003214 [Coniochaeta pulveracea],122,0.0393,non-degrader
RKU41124.1 hypothetical protein DL546_004136 [Coniochaeta pulveracea],179,0.0393,non-degrader
RKU49354.1 hypothetical protein DL546_000094 [Coniochaeta pulveracea],194,0.0392,non-degrader
RKU49188.1 hypothetical protein DL546_008876 [Coniochaeta pulveracea],224,0.0392,non-degrader
RKU45745.1 hypothetical protein DL546_008219 [Coniochaeta pulveracea],156,0.0392,non-degrader
RKU42091.1 hypothetical protein DL546_005625 [Coniochaeta pulveracea],228,0.0392,non-degrader
RKU40805.1 hypothetical protein DL546_003299 [Coniochaeta pulveracea],173,0.0392,non-degrader
RKU46938.1 hypothetical protein DL546_005037 [Coniochaeta pulveracea],244,0.0391,non-degrader
RKU43292.1 hypothetical protein DL546_006725 [Coniochaeta pulveracea],180,0.0391,non-degrader
"RKU42846.1 Tryptophan--tRNA ligase, mitochondrial, variant 2 [Coniochaeta pulveracea]",182,0.0391,non-degrader
RKU45538.1 hypothetical protein DL546_004610 [Coniochaeta pulveracea],260,0.039,non-degrader
RKU45137.1 hypothetical protein DL546_004640 [Coniochaeta pulveracea],242,0.039,non-degrader
RKU48542.1 hypothetical protein DL546_007309 [Coniochaeta pulveracea],138,0.0389,non-degrader
RKU47706.1 hypothetical protein DL546_009390 [Coniochaeta pulveracea],252,0.0389,non-degrader
RKU47057.1 hypothetical protein DL546_008882 [Coniochaeta pulveracea],259,0.0389,non-degrader
RKU49048.1 hypothetical protein DL546_000818 [Coniochaeta pulveracea],290,0.0388,non-degrader
RKU48690.1 hypothetical protein DL546_009523 [Coniochaeta pulveracea],190,0.0388,non-degrader
RKU46075.1 hypothetical protein DL546_004087 [Coniochaeta pulveracea],238,0.0388,non-degrader
RKU41836.1 hypothetical protein DL546_004951 [Coniochaeta pulveracea],277,0.0388,non-degrader
RKU40460.1 Glucosamine-6-phosphate isomerase [Coniochaeta pulveracea],192,0.0388,non-degrader
RKU47408.1 hypothetical protein DL546_007815 [Coniochaeta pulveracea],190,0.0387,non-degrader
RKU45915.1 hypothetical protein DL546_001447 [Coniochaeta pulveracea],274,0.0387,non-degrader
RKU43829.1 Rho GTPase [Coniochaeta pulveracea],290,0.0387,non-degrader
RKU43716.1 hypothetical protein DL546_004028 [Coniochaeta pulveracea],269,0.0387,non-degrader
RKU40060.1 hypothetical protein DL546_000445 [Coniochaeta pulveracea],223,0.0387,non-degrader
RKU48791.1 hypothetical protein DL546_005711 [Coniochaeta pulveracea],244,0.0386,non-degrader
RKU48174.1 retention in endoplasmic reticulum protein 1 [Coniochaeta pulveracea],190,0.0386,non-degrader
RKU45361.1 hypothetical protein DL546_000733 [Coniochaeta pulveracea],181,0.0386,non-degrader
RKU43532.1 hypothetical protein DL546_006854 [Coniochaeta pulveracea],128,0.0386,non-degrader
RKU42150.1 GTP-binding nuclear protein gsp1/Ran [Coniochaeta pulveracea],220,0.0386,non-degrader
RKU41405.1 hypothetical protein DL546_002032 [Coniochaeta pulveracea],170,0.0386,non-degrader
RKU40861.1 RIBULOSE-phosphate 3-epimerase [Coniochaeta pulveracea],182,0.0386,non-degrader
RKU40810.1 hypothetical protein DL546_003633 [Coniochaeta pulveracea],230,0.0386,non-degrader
RKU40170.1 hypothetical protein DL546_001578 [Coniochaeta pulveracea],119,0.0386,non-degrader
RKU40042.1 hypothetical protein DL546_000703 [Coniochaeta pulveracea],129,0.0386,non-degrader
RKU49184.1 hypothetical protein DL546_008831 [Coniochaeta pulveracea],131,0.0385,non-degrader
RKU45112.1 hypothetical protein DL546_002995 [Coniochaeta pulveracea],108,0.0384,non-degrader
RKU41140.1 hypothetical protein DL546_001360 [Coniochaeta pulveracea],290,0.0384,non-degrader
RKU49619.1 hypothetical protein DL546_009580 [Coniochaeta pulveracea],150,0.0383,non-degrader
RKU49420.1 hypothetical protein DL546_006286 [Coniochaeta pulveracea],236,0.0383,non-degrader
RKU48826.1 hypothetical protein DL546_007011 [Coniochaeta pulveracea],223,0.0383,non-degrader
RKU47373.1 hypothetical protein DL546_006591 [Coniochaeta pulveracea],264,0.0383,non-degrader
RKU47115.1 hypothetical protein DL546_004473 [Coniochaeta pulveracea],232,0.0383,non-degrader
RKU45125.1 hypothetical protein DL546_003856 [Coniochaeta pulveracea],210,0.0383,non-degrader
RKU47246.1 hypothetical protein DL546_008779 [Coniochaeta pulveracea],145,0.0382,non-degrader
RKU43150.1 hypothetical protein DL546_002427 [Coniochaeta pulveracea],95,0.0382,non-degrader
RKU48545.1 hypothetical protein DL546_007367 [Coniochaeta pulveracea],281,0.0381,non-degrader
RKU47650.1 hypothetical protein DL546_008821 [Coniochaeta pulveracea],281,0.0381,non-degrader
RKU41172.1 ER membrane complex subunit 3 [Coniochaeta pulveracea],261,0.0381,non-degrader
RKU40608.1 hypothetical protein DL546_001646 [Coniochaeta pulveracea],105,0.0381,non-degrader
RKU49096.1 hypothetical protein DL546_006031 [Coniochaeta pulveracea],107,0.038,non-degrader
RKU46045.1 hypothetical protein DL546_001297 [Coniochaeta pulveracea],180,0.038,non-degrader
RKU40302.1 hypothetical protein DL546_000462 [Coniochaeta pulveracea],257,0.038,non-degrader
RKU46430.1 hypothetical protein DL546_006468 [Coniochaeta pulveracea],195,0.0379,non-degrader
"RKU45626.1 hypothetical protein DL546_000024, partial [Coniochaeta pulveracea]",171,0.0379,non-degrader
RKU42195.1 hypothetical protein DL546_004250 [Coniochaeta pulveracea],65,0.0379,non-degrader
RKU40718.1 hypothetical protein DL546_000903 [Coniochaeta pulveracea],226,0.0379,non-degrader
RKU40303.1 hypothetical protein DL546_000570 [Coniochaeta pulveracea],119,0.0379,non-degrader
RKU49683.1 hypothetical protein DL546_009807 [Coniochaeta pulveracea],127,0.0378,non-degrader
RKU48926.1 hypothetical protein DL546_009103 [Coniochaeta pulveracea],215,0.0378,non-degrader
RKU48917.1 Electron transfer flavoprotein alpha-subunit [Coniochaeta pulveracea],215,0.0378,non-degrader
RKU47849.1 hypothetical protein DL546_008372 [Coniochaeta pulveracea],269,0.0378,non-degrader
RKU47515.1 hypothetical protein DL546_004357 [Coniochaeta pulveracea],116,0.0378,non-degrader
RKU46161.1 hypothetical protein DL546_007996 [Coniochaeta pulveracea],270,0.0378,non-degrader
RKU45920.1 hypothetical protein DL546_002131 [Coniochaeta pulveracea],80,0.0378,non-degrader
RKU45029.1 hypothetical protein DL546_005027 [Coniochaeta pulveracea],79,0.0378,non-degrader
RKU43162.1 hypothetical protein DL546_003507 [Coniochaeta pulveracea],135,0.0378,non-degrader
RKU42526.1 hypothetical protein DL546_004498 [Coniochaeta pulveracea],212,0.0378,non-degrader
RKU42007.1 hypothetical protein DL546_004070 [Coniochaeta pulveracea],167,0.0378,non-degrader
RKU41190.1 hypothetical protein DL546_001744 [Coniochaeta pulveracea],90,0.0378,non-degrader
RKU46371.1 hypothetical protein DL546_003350 [Coniochaeta pulveracea],243,0.0377,non-degrader
RKU46078.1 hypothetical protein DL546_004256 [Coniochaeta pulveracea],181,0.0377,non-degrader
RKU45677.1 hypothetical protein DL546_005469 [Coniochaeta pulveracea],289,0.0377,non-degrader
RKU45579.1 hypothetical protein DL546_007387 [Coniochaeta pulveracea],123,0.0377,non-degrader
RKU43916.1 hypothetical protein DL546_007224 [Coniochaeta pulveracea],122,0.0377,non-degrader
RKU43653.1 hypothetical protein DL546_005905 [Coniochaeta pulveracea],287,0.0377,non-degrader
RKU47713.1 hypothetical protein DL546_000510 [Coniochaeta pulveracea],269,0.0376,non-degrader
RKU46031.1 hypothetical protein DL546_008616 [Coniochaeta pulveracea],206,0.0376,non-degrader
RKU42377.1 hypothetical protein DL546_002852 [Coniochaeta pulveracea],250,0.0376,non-degrader
RKU41283.1 40S ribosomal protein [Coniochaeta pulveracea],259,0.0376,non-degrader
RKU40851.1 hypothetical protein DL546_002848 [Coniochaeta pulveracea],105,0.0376,non-degrader
RKU40807.1 hypothetical protein DL546_003336 [Coniochaeta pulveracea],241,0.0376,non-degrader
RKU49686.1 hypothetical protein DL546_009812 [Coniochaeta pulveracea],287,0.0375,non-degrader
RKU48413.1 hypothetical protein DL546_009517 [Coniochaeta pulveracea],247,0.0375,non-degrader
RKU45107.1 hypothetical protein DL546_002274 [Coniochaeta pulveracea],275,0.0375,non-degrader
RKU40113.1 hypothetical protein DL546_001138 [Coniochaeta pulveracea],150,0.0375,non-degrader
RKU46590.1 hypothetical protein DL546_005747 [Coniochaeta pulveracea],94,0.0374,non-degrader
RKU45423.1 hypothetical protein DL546_006255 [Coniochaeta pulveracea],170,0.0374,non-degrader
RKU44634.1 hypothetical protein DL546_007401 [Coniochaeta pulveracea],182,0.0374,non-degrader
RKU49482.1 hypothetical protein DL546_008144 [Coniochaeta pulveracea],64,0.0373,non-degrader
RKU49069.1 hypothetical protein DL546_003519 [Coniochaeta pulveracea],165,0.0373,non-degrader
RKU44673.1 hypothetical protein DL546_004140 [Coniochaeta pulveracea],174,0.0373,non-degrader
RKU49211.1 hypothetical protein DL546_009171 [Coniochaeta pulveracea],251,0.0372,non-degrader
RKU47877.1 hypothetical protein DL546_008776 [Coniochaeta pulveracea],153,0.0372,non-degrader
RKU39762.1 hypothetical protein DL546_000088 [Coniochaeta pulveracea],129,0.0372,non-degrader
RKU47743.1 hypothetical protein DL546_003772 [Coniochaeta pulveracea],181,0.0371,non-degrader
RKU44103.1 hypothetical protein DL546_001886 [Coniochaeta pulveracea],107,0.0371,non-degrader
RKU41316.1 hypothetical protein DL546_004395 [Coniochaeta pulveracea],166,0.0371,non-degrader
RKU41099.1 hypothetical protein DL546_000996 [Coniochaeta pulveracea],181,0.0371,non-degrader
RKU48954.1 Ras GTPase [Coniochaeta pulveracea],213,0.037,non-degrader
RKU46642.1 hypothetical protein DL546_007826 [Coniochaeta pulveracea],207,0.037,non-degrader
RKU44070.1 hypothetical protein DL546_006733 [Coniochaeta pulveracea],98,0.037,non-degrader
RKU43271.1 hypothetical protein DL546_005671 [Coniochaeta pulveracea],113,0.037,non-degrader
RKU41944.1 hypothetical protein DL546_004974 [Coniochaeta pulveracea],295,0.037,non-degrader
RKU40440.1 hypothetical protein DL546_003025 [Coniochaeta pulveracea],249,0.037,non-degrader
RKU48524.1 hypothetical protein DL546_006778 [Coniochaeta pulveracea],74,0.0369,non-degrader
RKU46812.1 hypothetical protein DL546_007572 [Coniochaeta pulveracea],269,0.0369,non-degrader
RKU43998.1 hypothetical protein DL546_006706 [Coniochaeta pulveracea],245,0.0369,non-degrader
RKU42132.1 hypothetical protein DL546_004522 [Coniochaeta pulveracea],227,0.0369,non-degrader
RKU41420.1 hypothetical protein DL546_003669 [Coniochaeta pulveracea],216,0.0369,non-degrader
RKU40094.1 hypothetical protein DL546_000224 [Coniochaeta pulveracea],198,0.0369,non-degrader
RKU48081.1 hypothetical protein DL546_008431 [Coniochaeta pulveracea],244,0.0368,non-degrader
RKU47393.1 hypothetical protein DL546_007314 [Coniochaeta pulveracea],228,0.0368,non-degrader
RKU44218.1 hypothetical protein DL546_004185 [Coniochaeta pulveracea],164,0.0368,non-degrader
RKU43541.1 hypothetical protein DL546_000725 [Coniochaeta pulveracea],148,0.0368,non-degrader
RKU41313.1 hypothetical protein DL546_004190 [Coniochaeta pulveracea],183,0.0368,non-degrader
RKU40347.1 hypothetical protein DL546_000236 [Coniochaeta pulveracea],295,0.0368,non-degrader
RKU49618.1 hypothetical protein DL546_009580 [Coniochaeta pulveracea],168,0.0367,non-degrader
RKU48807.1 Transmembrane nucleoporin [Coniochaeta pulveracea],286,0.0367,non-degrader
RKU48066.1 hypothetical protein DL546_008217 [Coniochaeta pulveracea],76,0.0367,non-degrader
RKU46191.1 hypothetical protein DL546_008734 [Coniochaeta pulveracea],171,0.0367,non-degrader
RKU45501.1 Ubiquinone biosynthesis protein [Coniochaeta pulveracea],270,0.0367,non-degrader
RKU42051.1 Quinate dehydrogenase [Coniochaeta pulveracea],240,0.0367,non-degrader
RKU48532.1 hypothetical protein DL546_007014 [Coniochaeta pulveracea],169,0.0366,non-degrader
RKU47710.1 hypothetical protein DL546_000162 [Coniochaeta pulveracea],167,0.0366,non-degrader
RKU44687.1 endoplasmic reticulum retention protein [Coniochaeta pulveracea],215,0.0366,non-degrader
RKU44261.1 hypothetical protein DL546_007323 [Coniochaeta pulveracea],286,0.0366,non-degrader
RKU39944.1 hypothetical protein DL546_001528 [Coniochaeta pulveracea],111,0.0366,non-degrader
RKU39840.1 hypothetical protein DL546_000121 [Coniochaeta pulveracea],193,0.0366,non-degrader
"RKU39779.1 hypothetical protein DL546_000005, partial [Coniochaeta pulveracea]",124,0.0366,non-degrader
RKU48448.1 hypothetical protein DL546_001490 [Coniochaeta pulveracea],292,0.0365,non-degrader
RKU46514.1 hypothetical protein DL546_008643 [Coniochaeta pulveracea],243,0.0365,non-degrader
RKU43116.1 hypothetical protein DL546_005055 [Coniochaeta pulveracea],299,0.0365,non-degrader
RKU41639.1 hypothetical protein DL546_001342 [Coniochaeta pulveracea],235,0.0365,non-degrader
"RKU41430.1 hypothetical protein DL546_000027, partial [Coniochaeta pulveracea]",173,0.0365,non-degrader
RKU41025.1 hypothetical protein DL546_002237 [Coniochaeta pulveracea],132,0.0365,non-degrader
RKU39711.1 hypothetical protein DL546_009910 [Coniochaeta pulveracea],94,0.0365,non-degrader
RKU47610.1 hypothetical protein DL546_008249 [Coniochaeta pulveracea],297,0.0364,non-degrader
RKU44670.1 hypothetical protein DL546_003799 [Coniochaeta pulveracea],91,0.0364,non-degrader
RKU44501.1 hypothetical protein DL546_005362 [Coniochaeta pulveracea],120,0.0364,non-degrader
RKU42890.1 dihydrofolate reductase [Coniochaeta pulveracea],208,0.0364,non-degrader
RKU49524.1 hypothetical protein DL546_008893 [Coniochaeta pulveracea],172,0.0363,non-degrader
RKU48294.1 hypothetical protein DL546_007533 [Coniochaeta pulveracea],201,0.0363,non-degrader
RKU47943.1 hypothetical protein DL546_000803 [Coniochaeta pulveracea],298,0.0363,non-degrader
RKU47061.1 hypothetical protein DL546_008923 [Coniochaeta pulveracea],284,0.0363,non-degrader
RKU49217.1 hypothetical protein DL546_009239 [Coniochaeta pulveracea],295,0.0362,non-degrader
RKU48652.1 hypothetical protein DL546_009308 [Coniochaeta pulveracea],154,0.0362,non-degrader
RKU45687.1 hypothetical protein DL546_006360 [Coniochaeta pulveracea],133,0.0362,non-degrader
RKU40729.1 hypothetical protein DL546_002174 [Coniochaeta pulveracea],235,0.0362,non-degrader
RKU39725.1 hypothetical protein DL546_000467 [Coniochaeta pulveracea],166,0.0362,non-degrader
RKU48298.1 hypothetical protein DL546_007652 [Coniochaeta pulveracea],120,0.0361,non-degrader
RKU46198.1 mitochondrial import inner membrane translocase subunit tim21 [Coniochaeta pulveracea],227,0.0361,non-degrader
RKU43548.1 hypothetical protein DL546_001397 [Coniochaeta pulveracea],167,0.0361,non-degrader
RKU43393.1 hypothetical protein DL546_002192 [Coniochaeta pulveracea],86,0.0361,non-degrader
"RKU42669.1 Phosphomannomutase, variant 2 [Coniochaeta pulveracea]",266,0.0361,non-degrader
RKU42668.1 Phosphomannomutase [Coniochaeta pulveracea],266,0.0361,non-degrader
RKU49427.1 hypothetical protein DL546_006696 [Coniochaeta pulveracea],256,0.036,non-degrader
RKU49243.1 hypothetical protein DL546_009608 [Coniochaeta pulveracea],238,0.036,non-degrader
RKU47778.1 hypothetical protein DL546_006358 [Coniochaeta pulveracea],298,0.036,non-degrader
RKU45314.1 hypothetical protein DL546_007218 [Coniochaeta pulveracea],287,0.036,non-degrader
RKU44202.1 hypothetical protein DL546_001999 [Coniochaeta pulveracea],220,0.036,non-degrader
RKU42267.1 hypothetical protein DL546_005059 [Coniochaeta pulveracea],234,0.036,non-degrader
RKU42223.1 hypothetical protein DL546_001147 [Coniochaeta pulveracea],113,0.036,non-degrader
RKU48893.1 hypothetical protein DL546_008635 [Coniochaeta pulveracea],272,0.0359,non-degrader
RKU46998.1 hypothetical protein DL546_007737 [Coniochaeta pulveracea],243,0.0359,non-degrader
RKU46243.1 hypothetical protein DL546_005511 [Coniochaeta pulveracea],257,0.0359,non-degrader
RKU43354.1 60S ribosomal protein L26 [Coniochaeta pulveracea],138,0.0359,non-degrader
RKU42579.1 hypothetical protein DL546_003102 [Coniochaeta pulveracea],275,0.0359,non-degrader
RKU40896.1 hypothetical protein DL546_003074 [Coniochaeta pulveracea],236,0.0359,non-degrader
RKU49067.1 hypothetical protein DL546_003136 [Coniochaeta pulveracea],230,0.0358,non-degrader
RKU48555.1 hypothetical protein DL546_007901 [Coniochaeta pulveracea],216,0.0358,non-degrader
RKU47121.1 CDP-diacylglycerol-inositol 3-phosphatidyltransferase [Coniochaeta pulveracea],294,0.0358,non-degrader
RKU46020.1 hypothetical protein DL546_008276 [Coniochaeta pulveracea],158,0.0358,non-degrader
RKU44538.1 hypothetical protein DL546_007534 [Coniochaeta pulveracea],291,0.0358,non-degrader
RKU43467.1 hypothetical protein DL546_001687 [Coniochaeta pulveracea],263,0.0358,non-degrader
RKU42303.1 hypothetical protein DL546_002634 [Coniochaeta pulveracea],177,0.0358,non-degrader
RKU42076.1 Peptidyl-prolyl cis-trans isomerase B [Coniochaeta pulveracea],207,0.0358,non-degrader
RKU49694.1 hypothetical protein DL546_009829 [Coniochaeta pulveracea],89,0.0357,non-degrader
RKU49663.1 hypothetical protein DL546_009763 [Coniochaeta pulveracea],184,0.0357,non-degrader
RKU48604.1 hypothetical protein DL546_008724 [Coniochaeta pulveracea],222,0.0357,non-degrader
RKU47022.1 hypothetical protein DL546_008339 [Coniochaeta pulveracea],121,0.0357,non-degrader
RKU46556.1 Ras GTPase ras2 [Coniochaeta pulveracea],236,0.0357,non-degrader
RKU46147.1 60S ribosomal protein L35B [Coniochaeta pulveracea],109,0.0357,non-degrader
RKU44521.1 hypothetical protein DL546_006693 [Coniochaeta pulveracea],279,0.0357,non-degrader
RKU43539.1 hypothetical protein DL546_000665 [Coniochaeta pulveracea],144,0.0357,non-degrader
RKU40510.1 hypothetical protein DL546_000421 [Coniochaeta pulveracea],211,0.0357,non-degrader
RKU39742.1 hypothetical protein DL546_000336 [Coniochaeta pulveracea],100,0.0357,non-degrader
RKU46820.1 hypothetical protein DL546_007736 [Coniochaeta pulveracea],269,0.0356,non-degrader
RKU46640.1 hypothetical protein DL546_007797 [Coniochaeta pulveracea],256,0.0356,non-degrader
RKU44404.1 hypothetical protein DL546_005790 [Coniochaeta pulveracea],220,0.0356,non-degrader
RKU41620.1 Maintenance of ploidy protein mob2 [Coniochaeta pulveracea],273,0.0356,non-degrader
RKU43144.1 hypothetical protein DL546_001124 [Coniochaeta pulveracea],145,0.0355,non-degrader
RKU41635.1 hypothetical protein DL546_001150 [Coniochaeta pulveracea],102,0.0355,non-degrader
RKU40536.1 hypothetical protein DL546_001145 [Coniochaeta pulveracea],298,0.0355,non-degrader
RKU48812.1 hypothetical protein DL546_006532 [Coniochaeta pulveracea],192,0.0354,non-degrader
RKU48091.1 hypothetical protein DL546_008581 [Coniochaeta pulveracea],245,0.0354,non-degrader
RKU47051.1 hypothetical protein DL546_008792 [Coniochaeta pulveracea],291,0.0354,non-degrader
RKU46884.1 hypothetical protein DL546_009154 [Coniochaeta pulveracea],201,0.0354,non-degrader
RKU44492.1 hypothetical protein DL546_004782 [Coniochaeta pulveracea],109,0.0354,non-degrader
RKU47865.1 hypothetical protein DL546_008638 [Coniochaeta pulveracea],102,0.0353,non-degrader
RKU46990.1 DNA replication protein [Coniochaeta pulveracea],189,0.0353,non-degrader
RKU46463.1 putative endonuclease lcl3 [Coniochaeta pulveracea],191,0.0353,non-degrader
RKU46450.1 hypothetical protein DL546_007160 [Coniochaeta pulveracea],267,0.0353,non-degrader
RKU44277.1 hypothetical protein DL546_001373 [Coniochaeta pulveracea],199,0.0353,non-degrader
RKU44204.1 hypothetical protein DL546_002138 [Coniochaeta pulveracea],130,0.0353,non-degrader
RKU40131.1 hypothetical protein DL546_001176 [Coniochaeta pulveracea],209,0.0353,non-degrader
RKU47224.1 54S ribosomal protein L4 mitochondrial [Coniochaeta pulveracea],299,0.0352,non-degrader
RKU45779.1 proteasome component pup2 [Coniochaeta pulveracea],245,0.0352,non-degrader
RKU43032.1 hypothetical protein DL546_005019 [Coniochaeta pulveracea],296,0.0352,non-degrader
RKU42886.1 hypothetical protein DL546_006030 [Coniochaeta pulveracea],116,0.0352,non-degrader
RKU41618.1 hypothetical protein DL546_003281 [Coniochaeta pulveracea],247,0.0352,non-degrader
RKU49325.1 hypothetical protein DL546_009846 [Coniochaeta pulveracea],153,0.0351,non-degrader
RKU47873.1 protein kinase ssp1 [Coniochaeta pulveracea],179,0.0351,non-degrader
RKU49556.1 hypothetical protein DL546_009232 [Coniochaeta pulveracea],289,0.035,non-degrader
RKU48685.1 hypothetical protein DL546_009506 [Coniochaeta pulveracea],295,0.035,non-degrader
RKU47839.1 hypothetical protein DL546_008112 [Coniochaeta pulveracea],178,0.035,non-degrader
RKU42941.1 hypothetical protein DL546_004767 [Coniochaeta pulveracea],270,0.035,non-degrader
RKU41586.1 hypothetical protein DL546_005016 [Coniochaeta pulveracea],220,0.035,non-degrader
RKU41347.1 hypothetical protein DL546_000538 [Coniochaeta pulveracea],261,0.035,non-degrader
RKU48303.1 tRNA-His guanylyltransferase [Coniochaeta pulveracea],289,0.0349,non-degrader
RKU46823.1 hypothetical protein DL546_007788 [Coniochaeta pulveracea],196,0.0349,non-degrader
RKU43333.1 hypothetical protein DL546_004184 [Coniochaeta pulveracea],72,0.0349,non-degrader
RKU43082.1 hypothetical protein DL546_002324 [Coniochaeta pulveracea],270,0.0349,non-degrader
RKU43643.1 hypothetical protein DL546_005185 [Coniochaeta pulveracea],292,0.0348,non-degrader
RKU42516.1 hypothetical protein DL546_003708 [Coniochaeta pulveracea],220,0.0348,non-degrader
RKU41279.1 Peptidyl-prolyl cis-trans isomerase fpr2 [Coniochaeta pulveracea],200,0.0348,non-degrader
RKU43939.1 hypothetical protein DL546_002288 [Coniochaeta pulveracea],227,0.0347,non-degrader
RKU39941.1 hypothetical protein DL546_001108 [Coniochaeta pulveracea],267,0.0347,non-degrader
"RKU39759.1 Fructose-2,6-bisphosphatase [Coniochaeta pulveracea]",248,0.0347,non-degrader
RKU43880.1 hypothetical protein DL546_005276 [Coniochaeta pulveracea],220,0.0346,non-degrader
RKU43690.1 hypothetical protein DL546_001033 [Coniochaeta pulveracea],274,0.0346,non-degrader
RKU43225.1 hypothetical protein DL546_002051 [Coniochaeta pulveracea],218,0.0346,non-degrader
RKU43029.1 hypothetical protein DL546_004905 [Coniochaeta pulveracea],293,0.0346,non-degrader
RKU40749.1 hypothetical protein DL546_000427 [Coniochaeta pulveracea],129,0.0346,non-degrader
RKU49538.1 hypothetical protein DL546_009056 [Coniochaeta pulveracea],162,0.0345,non-degrader
RKU46071.1 hypothetical protein DL546_003941 [Coniochaeta pulveracea],156,0.0345,non-degrader
RKU43228.1 hypothetical protein DL546_002267 [Coniochaeta pulveracea],64,0.0345,non-degrader
RKU40790.1 hypothetical protein DL546_001711 [Coniochaeta pulveracea],178,0.0345,non-degrader
RKU48762.1 hypothetical protein DL546_003489 [Coniochaeta pulveracea],258,0.0344,non-degrader
RKU48761.1 hypothetical protein DL546_003489 [Coniochaeta pulveracea],258,0.0344,non-degrader
RKU44890.1 hypothetical protein DL546_007616 [Coniochaeta pulveracea],119,0.0344,non-degrader
RKU44270.1 hypothetical protein DL546_000618 [Coniochaeta pulveracea],272,0.0344,non-degrader
RKU42700.1 hypothetical protein DL546_006227 [Coniochaeta pulveracea],245,0.0344,non-degrader
RKU40899.1 hypothetical protein DL546_003324 [Coniochaeta pulveracea],194,0.0344,non-degrader
RKU49661.1 Protein ERP1 [Coniochaeta pulveracea],219,0.0343,non-degrader
RKU48998.1 Transcription initiation factor IIA small chain (TFIIA 13.5 kDa subunit) [Coniochaeta pulveracea],115,0.0343,non-degrader
RKU48569.1 hypothetical protein DL546_008174 [Coniochaeta pulveracea],167,0.0343,non-degrader
RKU48511.1 hypothetical protein DL546_006313 [Coniochaeta pulveracea],273,0.0343,non-degrader
RKU46965.1 hypothetical protein DL546_006597 [Coniochaeta pulveracea],111,0.0343,non-degrader
RKU41945.1 transcription elongation factor spt4 [Coniochaeta pulveracea],122,0.0343,non-degrader
RKU40190.1 hypothetical protein DL546_002173 [Coniochaeta pulveracea],127,0.0343,non-degrader
RKU39971.1 hypothetical protein DL546_000820 [Coniochaeta pulveracea],234,0.0343,non-degrader
RKU39855.1 hypothetical protein DL546_001371 [Coniochaeta pulveracea],254,0.0343,non-degrader
RKU49598.1 hypothetical protein DL546_009489 [Coniochaeta pulveracea],198,0.0342,non-degrader
RKU48630.1 hypothetical protein DL546_009027 [Coniochaeta pulveracea],137,0.0341,non-degrader
RKU47691.1 Rho GTPase [Coniochaeta pulveracea],201,0.0341,non-degrader
RKU47582.1 hypothetical protein DL546_007512 [Coniochaeta pulveracea],256,0.0341,non-degrader
RKU47381.1 kinetochore-associated Ndc80 complex subunit spc25 [Coniochaeta pulveracea],253,0.0341,non-degrader
RKU45961.1 hypothetical protein DL546_005302 [Coniochaeta pulveracea],208,0.0341,non-degrader
RKU45424.1 hypothetical protein DL546_006255 [Coniochaeta pulveracea],212,0.0341,non-degrader
RKU44647.1 hypothetical protein DL546_001561 [Coniochaeta pulveracea],290,0.0341,non-degrader
RKU43143.1 hypothetical protein DL546_001042 [Coniochaeta pulveracea],289,0.0341,non-degrader
RKU41609.1 hypothetical protein DL546_002482 [Coniochaeta pulveracea],232,0.0341,non-degrader
RKU44447.1 Bud site selection protein 20 [Coniochaeta pulveracea],117,0.034,non-degrader
RKU42867.1 40S ribosomal protein S3 [Coniochaeta pulveracea],263,0.034,non-degrader
RKU42060.1 hypothetical protein DL546_003000 [Coniochaeta pulveracea],262,0.034,non-degrader
RKU41494.1 hypothetical protein DL546_001032 [Coniochaeta pulveracea],240,0.034,non-degrader
RKU49617.1 snoRNA-binding protein [Coniochaeta pulveracea],265,0.0339,non-degrader
RKU49330.1 hypothetical protein DL546_009854 [Coniochaeta pulveracea],125,0.0339,non-degrader
RKU49092.1 hypothetical protein DL546_005773 [Coniochaeta pulveracea],235,0.0339,non-degrader
RKU47641.1 hypothetical protein DL546_008727 [Coniochaeta pulveracea],211,0.0339,non-degrader
RKU46854.1 hypothetical protein DL546_008433 [Coniochaeta pulveracea],286,0.0339,non-degrader
RKU45564.1 hypothetical protein DL546_006671 [Coniochaeta pulveracea],208,0.0339,non-degrader
RKU44226.1 hypothetical protein DL546_005373 [Coniochaeta pulveracea],178,0.0339,non-degrader
RKU47368.1 hypothetical protein DL546_006295 [Coniochaeta pulveracea],290,0.0338,non-degrader
RKU43991.1 hypothetical protein DL546_006335 [Coniochaeta pulveracea],146,0.0338,non-degrader
RKU43179.1 hypothetical protein DL546_004692 [Coniochaeta pulveracea],159,0.0338,non-degrader
RKU40639.1 hypothetical protein DL546_003718 [Coniochaeta pulveracea],248,0.0338,non-degrader
RKU39934.1 hypothetical protein DL546_000138 [Coniochaeta pulveracea],193,0.0338,non-degrader
RKU49191.1 hypothetical protein DL546_008898 [Coniochaeta pulveracea],233,0.0337,non-degrader
RKU48126.1 hypothetical protein DL546_009090 [Coniochaeta pulveracea],202,0.0337,non-degrader
RKU48062.1 hypothetical protein DL546_008147 [Coniochaeta pulveracea],72,0.0337,non-degrader
RKU44952.1 hypothetical protein DL546_006224 [Coniochaeta pulveracea],164,0.0337,non-degrader
RKU40292.1 hypothetical protein DL546_001698 [Coniochaeta pulveracea],228,0.0337,non-degrader
RKU45604.1 40S ribosomal protein S26 [Coniochaeta pulveracea],119,0.0336,non-degrader
RKU43359.1 hypothetical protein DL546_005891 [Coniochaeta pulveracea],172,0.0336,non-degrader
RKU48099.1 hypothetical protein DL546_008715 [Coniochaeta pulveracea],222,0.0335,non-degrader
RKU44058.1 60S ribosomal protein L16B [Coniochaeta pulveracea],202,0.0335,non-degrader
RKU39900.1 hypothetical protein DL546_000250 [Coniochaeta pulveracea],92,0.0335,non-degrader
RKU49665.1 hypothetical protein DL546_009767 [Coniochaeta pulveracea],197,0.0334,non-degrader
RKU49106.1 hypothetical protein DL546_006640 [Coniochaeta pulveracea],86,0.0334,non-degrader
RKU46680.1 hypothetical protein DL546_008532 [Coniochaeta pulveracea],187,0.0334,non-degrader
RKU41552.1 hypothetical protein DL546_002433 [Coniochaeta pulveracea],225,0.0334,non-degrader
RKU40592.1 hypothetical protein DL546_003283 [Coniochaeta pulveracea],115,0.0334,non-degrader
RKU47626.1 hypothetical protein DL546_008448 [Coniochaeta pulveracea],201,0.0333,non-degrader
RKU46550.1 multiprotein-bridging factor 1 [Coniochaeta pulveracea],156,0.0333,non-degrader
RKU44105.1 hypothetical protein DL546_002081 [Coniochaeta pulveracea],278,0.0333,non-degrader
RKU43920.1 adenylate kinase [Coniochaeta pulveracea],276,0.0333,non-degrader
RKU40865.1 hypothetical protein DL546_003807 [Coniochaeta pulveracea],174,0.0333,non-degrader
RKU47863.1 hypothetical protein DL546_008602 [Coniochaeta pulveracea],166,0.0332,non-degrader
RKU47309.1 hypothetical protein DL546_001385 [Coniochaeta pulveracea],132,0.0332,non-degrader
RKU46721.1 hypothetical protein DL546_001267 [Coniochaeta pulveracea],285,0.0332,non-degrader
RKU45212.1 hypothetical protein DL546_008260 [Coniochaeta pulveracea],270,0.0332,non-degrader
RKU44898.1 hypothetical protein DL546_001421 [Coniochaeta pulveracea],220,0.0332,non-degrader
RKU41263.1 hypothetical protein DL546_004406 [Coniochaeta pulveracea],110,0.0332,non-degrader
RKU49438.1 hypothetical protein DL546_007020 [Coniochaeta pulveracea],206,0.0331,non-degrader
RKU47031.1 hypothetical protein DL546_008538 [Coniochaeta pulveracea],168,0.0331,non-degrader
RKU44829.1 hypothetical protein DL546_003034 [Coniochaeta pulveracea],189,0.0331,non-degrader
RKU41538.1 hypothetical protein DL546_000384 [Coniochaeta pulveracea],204,0.0331,non-degrader
RKU49670.1 hypothetical protein DL546_009778 [Coniochaeta pulveracea],191,0.033,non-degrader
RKU49327.1 hypothetical protein DL546_009849 [Coniochaeta pulveracea],131,0.033,non-degrader
RKU49288.1 hypothetical protein DL546_009761 [Coniochaeta pulveracea],134,0.033,non-degrader
RKU45536.1 hypothetical protein DL546_004497 [Coniochaeta pulveracea],249,0.033,non-degrader
RKU44549.1 hypothetical protein DL546_001471 [Coniochaeta pulveracea],153,0.033,non-degrader
RKU44116.1 Cytochrome c oxidase subunit 4 [Coniochaeta pulveracea],192,0.033,non-degrader
RKU43637.1 hypothetical protein DL546_004627 [Coniochaeta pulveracea],290,0.033,non-degrader
RKU40978.1 putative kinase [Coniochaeta pulveracea],239,0.033,non-degrader
"RKU40145.1 hypothetical protein DL546_000012, partial [Coniochaeta pulveracea]",61,0.033,non-degrader
RKU47745.1 hypothetical protein DL546_003907 [Coniochaeta pulveracea],193,0.0329,non-degrader
RKU46767.1 hypothetical protein DL546_005367 [Coniochaeta pulveracea],260,0.0329,non-degrader
RKU45449.1 hypothetical protein DL546_007391 [Coniochaeta pulveracea],180,0.0329,non-degrader
RKU44244.1 hypothetical protein DL546_006452 [Coniochaeta pulveracea],237,0.0329,non-degrader
RKU42400.1 hypothetical protein DL546_004668 [Coniochaeta pulveracea],184,0.0329,non-degrader
RKU40466.1 hypothetical protein DL546_002443 [Coniochaeta pulveracea],224,0.0329,non-degrader
RKU48656.1 hypothetical protein DL546_009337 [Coniochaeta pulveracea],263,0.0328,non-degrader
RKU46212.1 hypothetical protein DL546_002823 [Coniochaeta pulveracea],292,0.0328,non-degrader
RKU45795.1 hypothetical protein DL546_004605 [Coniochaeta pulveracea],270,0.0328,non-degrader
"RKU43679.1 Arp complex subunit, variant 3 [Coniochaeta pulveracea]",192,0.0328,non-degrader
RKU40443.1 hypothetical protein DL546_003200 [Coniochaeta pulveracea],93,0.0328,non-degrader
RKU40402.1 hypothetical protein DL546_002322 [Coniochaeta pulveracea],216,0.0328,non-degrader
RKU48540.1 hypothetical protein DL546_007245 [Coniochaeta pulveracea],155,0.0327,non-degrader
RKU46954.1 hypothetical protein DL546_005971 [Coniochaeta pulveracea],267,0.0327,non-degrader
RKU46431.1 hypothetical protein DL546_006505 [Coniochaeta pulveracea],150,0.0327,non-degrader
RKU44982.1 hypothetical protein DL546_007393 [Coniochaeta pulveracea],255,0.0327,non-degrader
RKU43317.1 hypothetical protein DL546_002724 [Coniochaeta pulveracea],121,0.0327,non-degrader
RKU42989.1 hypothetical protein DL546_001634 [Coniochaeta pulveracea],141,0.0327,non-degrader
"RKU39694.1 hypothetical protein DL546_000009, partial [Coniochaeta pulveracea]",193,0.0327,non-degrader
RKU47466.1 hypothetical protein DL546_009296 [Coniochaeta pulveracea],113,0.0326,non-degrader
RKU46503.1 hypothetical protein DL546_008472 [Coniochaeta pulveracea],221,0.0326,non-degrader
RKU46245.1 hypothetical protein DL546_005616 [Coniochaeta pulveracea],162,0.0326,non-degrader
RKU44210.1 hypothetical protein DL546_003063 [Coniochaeta pulveracea],99,0.0326,non-degrader
RKU43326.1 hypothetical protein DL546_003713 [Coniochaeta pulveracea],190,0.0326,non-degrader
RKU41389.1 hypothetical protein DL546_004489 [Coniochaeta pulveracea],199,0.0326,non-degrader
RKU46765.1 hypothetical protein DL546_005309 [Coniochaeta pulveracea],122,0.0325,non-degrader
"RKU46557.1 Ras GTPase ras2, variant 2 [Coniochaeta pulveracea]",181,0.0325,non-degrader
RKU45676.1 serine/threonine-protein kinase bud32 [Coniochaeta pulveracea],294,0.0325,non-degrader
RKU45440.1 hypothetical protein DL546_007084 [Coniochaeta pulveracea],159,0.0325,non-degrader
RKU41392.1 hypothetical protein DL546_004712 [Coniochaeta pulveracea],264,0.0325,non-degrader
RKU41136.1 hypothetical protein DL546_000902 [Coniochaeta pulveracea],237,0.0325,non-degrader
RKU49481.1 hypothetical protein DL546_008134 [Coniochaeta pulveracea],121,0.0324,non-degrader
RKU49029.1 hypothetical protein DL546_009753 [Coniochaeta pulveracea],168,0.0324,non-degrader
RKU47827.1 hypothetical protein DL546_007886 [Coniochaeta pulveracea],235,0.0324,non-degrader
RKU43371.1 hypothetical protein DL546_006470 [Coniochaeta pulveracea],192,0.0324,non-degrader
RKU41602.1 hypothetical protein DL546_001198 [Coniochaeta pulveracea],205,0.0324,non-degrader
RKU41535.1 hypothetical protein DL546_000111 [Coniochaeta pulveracea],198,0.0324,non-degrader
RKU39910.1 protein transport protein bos1 [Coniochaeta pulveracea],262,0.0324,non-degrader
RKU45923.1 hypothetical protein DL546_002526 [Coniochaeta pulveracea],281,0.0323,non-degrader
RKU45129.1 hypothetical protein DL546_004096 [Coniochaeta pulveracea],134,0.0323,non-degrader
RKU40846.1 hypothetical protein DL546_001730 [Coniochaeta pulveracea],276,0.0323,non-degrader
RKU49478.1 hypothetical protein DL546_008038 [Coniochaeta pulveracea],222,0.0322,non-degrader
RKU49392.1 hypothetical protein DL546_004962 [Coniochaeta pulveracea],63,0.0322,non-degrader
RKU48953.1 hypothetical protein DL546_009386 [Coniochaeta pulveracea],224,0.0322,non-degrader
RKU47259.1 hypothetical protein DL546_008931 [Coniochaeta pulveracea],176,0.0322,non-degrader
RKU44574.1 hypothetical protein DL546_004089 [Coniochaeta pulveracea],252,0.0322,non-degrader
RKU42211.1 hypothetical protein DL546_005657 [Coniochaeta pulveracea],111,0.0322,non-degrader
RKU41236.1 hypothetical protein DL546_001993 [Coniochaeta pulveracea],269,0.0322,non-degrader
RKU46863.1 hypothetical protein DL546_008566 [Coniochaeta pulveracea],157,0.0321,non-degrader
RKU41594.1 hypothetical protein DL546_000223 [Coniochaeta pulveracea],290,0.0321,non-degrader
RKU40053.1 hypothetical protein DL546_002049 [Coniochaeta pulveracea],149,0.0321,non-degrader
RKU39907.1 hypothetical protein DL546_001446 [Coniochaeta pulveracea],211,0.0321,non-degrader
RKU47861.1 hypothetical protein DL546_008555 [Coniochaeta pulveracea],239,0.032,non-degrader
RKU45446.1 hypothetical protein DL546_007281 [Coniochaeta pulveracea],95,0.032,non-degrader
RKU43197.1 hypothetical protein DL546_005636 [Coniochaeta pulveracea],216,0.032,non-degrader
RKU42484.1 hypothetical protein DL546_005915 [Coniochaeta pulveracea],213,0.032,non-degrader
"RKU48582.1 splicing factor, variant 2 [Coniochaeta pulveracea]",219,0.0319,non-degrader
RKU46928.1 hypothetical protein DL546_004057 [Coniochaeta pulveracea],285,0.0319,non-degrader
RKU46643.1 Small subunit (SSU) processome component [Coniochaeta pulveracea],183,0.0319,non-degrader
RKU45637.1 hypothetical protein DL546_001571 [Coniochaeta pulveracea],237,0.0319,non-degrader
RKU41376.1 hypothetical protein DL546_003747 [Coniochaeta pulveracea],142,0.0319,non-degrader
RKU48617.1 hypothetical protein DL546_008837 [Coniochaeta pulveracea],177,0.0318,non-degrader
RKU48237.1 hypothetical protein DL546_004296 [Coniochaeta pulveracea],157,0.0318,non-degrader
RKU47771.1 hypothetical protein DL546_005832 [Coniochaeta pulveracea],147,0.0318,non-degrader
RKU45933.1 hypothetical protein DL546_003715 [Coniochaeta pulveracea],259,0.0318,non-degrader
RKU42616.1 hypothetical protein DL546_005500 [Coniochaeta pulveracea],134,0.0318,non-degrader
RKU48997.1 hypothetical protein DL546_009649 [Coniochaeta pulveracea],273,0.0317,non-degrader
RKU48507.1 hypothetical protein DL546_006151 [Coniochaeta pulveracea],228,0.0317,non-degrader
RKU48474.1 RNA-binding component of cleavage and polyadenylation factor [Coniochaeta pulveracea],272,0.0317,non-degrader
"RKU46090.1 succinate dehydrogenase complex, subunit B [Coniochaeta pulveracea]",202,0.0317,non-degrader
RKU45106.1 hypothetical protein DL546_002204 [Coniochaeta pulveracea],146,0.0317,non-degrader
RKU48447.1 hypothetical protein DL546_001386 [Coniochaeta pulveracea],132,0.0316,non-degrader
RKU47131.1 hypothetical protein DL546_005474 [Coniochaeta pulveracea],282,0.0316,non-degrader
RKU46582.1 hypothetical protein DL546_009906 [Coniochaeta pulveracea],219,0.0316,non-degrader
RKU45465.1 hypothetical protein DL546_007857 [Coniochaeta pulveracea],263,0.0316,non-degrader
RKU47719.1 hypothetical protein DL546_001155 [Coniochaeta pulveracea],153,0.0315,non-degrader
RKU47114.1 hypothetical protein DL546_004456 [Coniochaeta pulveracea],126,0.0315,non-degrader
RKU45508.1 NineTeen Complex (NTC) component [Coniochaeta pulveracea],248,0.0315,non-degrader
RKU45505.1 hypothetical protein DL546_001466 [Coniochaeta pulveracea],110,0.0315,non-degrader
RKU45283.1 erv26 super protein [Coniochaeta pulveracea],224,0.0315,non-degrader
RKU43396.1 hypothetical protein DL546_002485 [Coniochaeta pulveracea],173,0.0315,non-degrader
RKU42469.1 hypothetical protein DL546_004897 [Coniochaeta pulveracea],195,0.0315,non-degrader
RKU40506.1 hypothetical protein DL546_000163 [Coniochaeta pulveracea],213,0.0315,non-degrader
RKU48766.1 hypothetical protein DL546_003780 [Coniochaeta pulveracea],245,0.0314,non-degrader
RKU45593.1 hypothetical protein DL546_007766 [Coniochaeta pulveracea],234,0.0314,non-degrader
RKU40437.1 hypothetical protein DL546_002819 [Coniochaeta pulveracea],222,0.0314,non-degrader
RKU49410.1 hypothetical protein DL546_005813 [Coniochaeta pulveracea],100,0.0313,non-degrader
RKU47361.1 hypothetical protein DL546_005980 [Coniochaeta pulveracea],241,0.0313,non-degrader
RKU45330.1 hypothetical protein DL546_007628 [Coniochaeta pulveracea],185,0.0313,non-degrader
RKU43446.1 factor activating pos9 [Coniochaeta pulveracea],174,0.0313,non-degrader
RKU41340.1 hypothetical protein DL546_004408 [Coniochaeta pulveracea],121,0.0313,non-degrader
RKU47319.1 mitochondrial ribosomal large subunit component [Coniochaeta pulveracea],251,0.0312,non-degrader
RKU44556.1 RNA polymerase II subunit A C-terminal domain phosphatase [Coniochaeta pulveracea],267,0.0312,non-degrader
RKU43677.1 Arp complex subunit [Coniochaeta pulveracea],169,0.0312,non-degrader
RKU41627.1 hypothetical protein DL546_005339 [Coniochaeta pulveracea],114,0.0312,non-degrader
RKU40728.1 small nuclear ribonucleoprotein Sm D3 [Coniochaeta pulveracea],115,0.0312,non-degrader
RKU40673.1 hypothetical protein DL546_003345 [Coniochaeta pulveracea],69,0.0312,non-degrader
RKU49251.1 hypothetical protein DL546_009639 [Coniochaeta pulveracea],120,0.0311,non-degrader
RKU45429.1 hypothetical protein DL546_006534 [Coniochaeta pulveracea],282,0.0311,non-degrader
RKU43493.1 hypothetical protein DL546_003776 [Coniochaeta pulveracea],287,0.0311,non-degrader
RKU43238.1 subunit of TIM23 translocase complex [Coniochaeta pulveracea],104,0.0311,non-degrader
RKU41581.1 hypothetical protein DL546_004532 [Coniochaeta pulveracea],157,0.0311,non-degrader
RKU49176.1 hypothetical protein DL546_008742 [Coniochaeta pulveracea],111,0.031,non-degrader
RKU48576.1 terpene cyclase [Coniochaeta pulveracea],273,0.031,non-degrader
RKU45713.1 hypothetical protein DL546_007532 [Coniochaeta pulveracea],177,0.031,non-degrader
RKU45681.1 hypothetical protein DL546_005898 [Coniochaeta pulveracea],80,0.031,non-degrader
RKU43932.1 hypothetical protein DL546_001724 [Coniochaeta pulveracea],200,0.031,non-degrader
RKU43559.1 hypothetical protein DL546_002731 [Coniochaeta pulveracea],210,0.031,non-degrader
RKU42188.1 hypothetical protein DL546_003558 [Coniochaeta pulveracea],251,0.031,non-degrader
RKU41780.1 hypothetical protein DL546_004625 [Coniochaeta pulveracea],123,0.031,non-degrader
RKU41152.1 hypothetical protein DL546_002646 [Coniochaeta pulveracea],276,0.031,non-degrader
RKU40747.1 hypothetical protein DL546_000296 [Coniochaeta pulveracea],102,0.031,non-degrader
RKU39716.1 hypothetical protein DL546_000199 [Coniochaeta pulveracea],142,0.031,non-degrader
RKU47674.1 hypothetical protein DL546_009125 [Coniochaeta pulveracea],205,0.0309,non-degrader
RKU46710.1 hypothetical protein DL546_009033 [Coniochaeta pulveracea],88,0.0309,non-degrader
RKU46632.1 hypothetical protein DL546_007475 [Coniochaeta pulveracea],157,0.0309,non-degrader
RKU44211.1 hypothetical protein DL546_003104 [Coniochaeta pulveracea],185,0.0309,non-degrader
RKU44081.1 hypothetical protein DL546_007156 [Coniochaeta pulveracea],115,0.0309,non-degrader
RKU43112.1 hypothetical protein DL546_004813 [Coniochaeta pulveracea],79,0.0309,non-degrader
RKU42031.1 hypothetical protein DL546_005493 [Coniochaeta pulveracea],232,0.0309,non-degrader
RKU41567.1 hypothetical protein DL546_003900 [Coniochaeta pulveracea],277,0.0309,non-degrader
RKU40483.1 hypothetical protein DL546_000553 [Coniochaeta pulveracea],163,0.0309,non-degrader
RKU46798.1 hypothetical protein DL546_007006 [Coniochaeta pulveracea],101,0.0308,non-degrader
RKU46368.1 hypothetical protein DL546_003215 [Coniochaeta pulveracea],138,0.0308,non-degrader
RKU46263.1 hypothetical protein DL546_006483 [Coniochaeta pulveracea],112,0.0308,non-degrader
RKU45063.1 hypothetical protein DL546_007106 [Coniochaeta pulveracea],136,0.0308,non-degrader
RKU47314.1 hypothetical protein DL546_002533 [Coniochaeta pulveracea],189,0.0307,non-degrader
RKU46096.1 acetate non-utilizing protein 9 [Coniochaeta pulveracea],134,0.0307,non-degrader
RKU45722.1 hypothetical protein DL546_007754 [Coniochaeta pulveracea],232,0.0307,non-degrader
RKU41784.1 hypothetical protein DL546_004955 [Coniochaeta pulveracea],251,0.0307,non-degrader
RKU41718.1 hypothetical protein DL546_003883 [Coniochaeta pulveracea],294,0.0307,non-degrader
RKU41712.1 Histone chaperone asf1 [Coniochaeta pulveracea],285,0.0307,non-degrader
RKU40291.1 hypothetical protein DL546_001648 [Coniochaeta pulveracea],182,0.0307,non-degrader
RKU46047.1 hypothetical protein DL546_001682 [Coniochaeta pulveracea],73,0.0306,non-degrader
RKU49084.1 CDP-diacylglycerol-inositol 3-phosphatidyltransferase [Coniochaeta pulveracea],283,0.0305,non-degrader
RKU47637.1 hypothetical protein DL546_008629 [Coniochaeta pulveracea],244,0.0305,non-degrader
RKU47232.1 hypothetical protein DL546_008607 [Coniochaeta pulveracea],280,0.0305,non-degrader
RKU47089.1 hypothetical protein DL546_000246 [Coniochaeta pulveracea],284,0.0305,non-degrader
RKU46033.1 hypothetical protein DL546_008654 [Coniochaeta pulveracea],134,0.0305,non-degrader
RKU45051.1 hypothetical protein DL546_006513 [Coniochaeta pulveracea],254,0.0305,non-degrader
RKU43869.1 hypothetical protein DL546_004517 [Coniochaeta pulveracea],92,0.0305,non-degrader
RKU41171.1 DNA-directed RNA polymerase III subunit rpc25 [Coniochaeta pulveracea],196,0.0305,non-degrader
RKU40558.1 hypothetical protein DL546_003475 [Coniochaeta pulveracea],286,0.0305,non-degrader
RKU40241.1 hypothetical protein DL546_001319 [Coniochaeta pulveracea],179,0.0305,non-degrader
"RKU39914.1 hypothetical protein DL546_001933, partial [Coniochaeta pulveracea]",117,0.0305,non-degrader
RKU49417.1 hypothetical protein DL546_006205 [Coniochaeta pulveracea],250,0.0304,non-degrader
RKU46961.1 hypothetical protein DL546_006352 [Coniochaeta pulveracea],153,0.0304,non-degrader
RKU46311.1 dolichol-P-mannose synthesis [Coniochaeta pulveracea],244,0.0304,non-degrader
RKU45224.1 hypothetical protein DL546_001321 [Coniochaeta pulveracea],221,0.0304,non-degrader
RKU44990.1 hypothetical protein DL546_007623 [Coniochaeta pulveracea],186,0.0304,non-degrader
RKU42544.1 hypothetical protein DL546_005587 [Coniochaeta pulveracea],262,0.0304,non-degrader
RKU41466.1 subunit of the Arp2/3 complex [Coniochaeta pulveracea],192,0.0304,non-degrader
RKU41238.1 hypothetical protein DL546_002167 [Coniochaeta pulveracea],225,0.0304,non-degrader
RKU48894.1 hypothetical protein DL546_008642 [Coniochaeta pulveracea],276,0.0303,non-degrader
RKU48590.1 hypothetical protein DL546_008427 [Coniochaeta pulveracea],193,0.0303,non-degrader
RKU47161.1 hypothetical protein DL546_006988 [Coniochaeta pulveracea],299,0.0303,non-degrader
RKU48757.1 hypothetical protein DL546_002851 [Coniochaeta pulveracea],172,0.0302,non-degrader
RKU46983.1 hypothetical protein DL546_007428 [Coniochaeta pulveracea],128,0.0302,non-degrader
RKU46165.1 hypothetical protein DL546_008073 [Coniochaeta pulveracea],176,0.0302,non-degrader
RKU44887.1 Ubiquitin-conjugating enzyme E2 8 [Coniochaeta pulveracea],194,0.0302,non-degrader
RKU43691.1 hypothetical protein DL546_001094 [Coniochaeta pulveracea],263,0.0302,non-degrader
RKU41063.1 hypothetical protein DL546_002189 [Coniochaeta pulveracea],182,0.0302,non-degrader
RKU49274.1 hypothetical protein DL546_009722 [Coniochaeta pulveracea],179,0.0301,non-degrader
RKU43644.1 hypothetical protein DL546_005230 [Coniochaeta pulveracea],151,0.0301,non-degrader
RKU48817.1 Cytoplasmic thioredoxin isoenzyme 2 [Coniochaeta pulveracea],142,0.03,non-degrader
RKU46407.1 hypothetical protein DL546_005545 [Coniochaeta pulveracea],218,0.03,non-degrader
RKU42334.1 hypothetical protein DL546_005300 [Coniochaeta pulveracea],113,0.03,non-degrader
RKU41070.1 hypothetical protein DL546_002903 [Coniochaeta pulveracea],215,0.03,non-degrader
RKU39889.1 hypothetical protein DL546_001029 [Coniochaeta pulveracea],141,0.03,non-degrader
RKU48603.1 hypothetical protein DL546_008714 [Coniochaeta pulveracea],229,0.0299,non-degrader
RKU47418.1 hypothetical protein DL546_008155 [Coniochaeta pulveracea],109,0.0299,non-degrader
RKU46116.1 hypothetical protein DL546_006708 [Coniochaeta pulveracea],262,0.0299,non-degrader
RKU45973.1 60S ribosomal protein L12 [Coniochaeta pulveracea],165,0.0299,non-degrader
RKU44548.1 hypothetical protein DL546_001393 [Coniochaeta pulveracea],202,0.0299,non-degrader
RKU42263.1 hypothetical protein DL546_004878 [Coniochaeta pulveracea],107,0.0299,non-degrader
RKU48844.1 hypothetical protein DL546_007519 [Coniochaeta pulveracea],181,0.0298,non-degrader
RKU46289.1 hypothetical protein DL546_007415 [Coniochaeta pulveracea],206,0.0298,non-degrader
RKU46135.1 hypothetical protein DL546_007157 [Coniochaeta pulveracea],235,0.0298,non-degrader
RKU47190.1 hypothetical protein DL546_007852 [Coniochaeta pulveracea],151,0.0297,non-degrader
RKU42427.1 hypothetical protein DL546_006022 [Coniochaeta pulveracea],277,0.0297,non-degrader
RKU40853.1 mRNA splicing protein smd1 [Coniochaeta pulveracea],128,0.0297,non-degrader
RKU40353.1 hypothetical protein DL546_000897 [Coniochaeta pulveracea],108,0.0297,non-degrader
RKU49391.1 hypothetical protein DL546_004933 [Coniochaeta pulveracea],166,0.0296,non-degrader
RKU48890.1 hypothetical protein DL546_008605 [Coniochaeta pulveracea],97,0.0296,non-degrader
RKU46499.1 Golgi apparatus membrane protein tvp23 [Coniochaeta pulveracea],197,0.0296,non-degrader
RKU46089.1 hypothetical protein DL546_005017 [Coniochaeta pulveracea],198,0.0296,non-degrader
RKU46019.1 hypothetical protein DL546_008258 [Coniochaeta pulveracea],147,0.0296,non-degrader
RKU41055.1 hypothetical protein DL546_000710 [Coniochaeta pulveracea],135,0.0296,non-degrader
RKU40927.1 hypothetical protein DL546_002037 [Coniochaeta pulveracea],95,0.0296,non-degrader
RKU39848.1 hypothetical protein DL546_000742 [Coniochaeta pulveracea],276,0.0296,non-degrader
RKU48120.1 hypothetical protein DL546_008997 [Coniochaeta pulveracea],296,0.0295,non-degrader
RKU43233.1 hypothetical protein DL546_002630 [Coniochaeta pulveracea],116,0.0295,non-degrader
RKU43049.1 hypothetical protein DL546_006092 [Coniochaeta pulveracea],179,0.0295,non-degrader
RKU42227.1 hypothetical protein DL546_001583 [Coniochaeta pulveracea],220,0.0295,non-degrader
RKU41039.1 RNA polymerase II mediator complex subunit [Coniochaeta pulveracea],184,0.0295,non-degrader
RKU49637.1 hypothetical protein DL546_009673 [Coniochaeta pulveracea],140,0.0294,non-degrader
RKU47229.1 ribose-5-phosphate isomerase rki1 [Coniochaeta pulveracea],285,0.0294,non-degrader
RKU46725.1 hypothetical protein DL546_001755 [Coniochaeta pulveracea],143,0.0294,non-degrader
RKU42811.1 hypothetical protein DL546_005341 [Coniochaeta pulveracea],146,0.0294,non-degrader
RKU42551.1 hypothetical protein DL546_005952 [Coniochaeta pulveracea],147,0.0294,non-degrader
RKU41087.1 hypothetical protein DL546_004326 [Coniochaeta pulveracea],127,0.0294,non-degrader
RKU49009.1 U2 snRNP complex subunit [Coniochaeta pulveracea],247,0.0293,non-degrader
RKU45881.1 hypothetical protein DL546_008177 [Coniochaeta pulveracea],270,0.0293,non-degrader
"RKU45497.1 surf-like protein, variant 2 [Coniochaeta pulveracea]",279,0.0293,non-degrader
RKU40791.1 Ubiquitin-conjugating enzyme 13 [Coniochaeta pulveracea],150,0.0293,non-degrader
RKU40719.1 hypothetical protein DL546_000973 [Coniochaeta pulveracea],214,0.0293,non-degrader
RKU49141.1 hypothetical protein DL546_008121 [Coniochaeta pulveracea],238,0.0292,non-degrader
RKU47103.1 Long chronological lifespan protein 2 [Coniochaeta pulveracea],120,0.0292,non-degrader
RKU46304.1 hypothetical protein DL546_007820 [Coniochaeta pulveracea],159,0.0292,non-degrader
RKU41445.1 hypothetical protein DL546_001782 [Coniochaeta pulveracea],117,0.0292,non-degrader
RKU41436.1 hypothetical protein DL546_000956 [Coniochaeta pulveracea],81,0.0292,non-degrader
RKU40085.1 hypothetical protein DL546_001825 [Coniochaeta pulveracea],206,0.0292,non-degrader
RKU46277.1 hypothetical protein DL546_007044 [Coniochaeta pulveracea],164,0.0291,non-degrader
RKU44877.1 hypothetical protein DL546_007275 [Coniochaeta pulveracea],102,0.0291,non-degrader
RKU41730.1 histone H2B [Coniochaeta pulveracea],138,0.0291,non-degrader
RKU41169.1 hypothetical protein DL546_004001 [Coniochaeta pulveracea],217,0.0291,non-degrader
RKU48746.1 hypothetical protein DL546_001808 [Coniochaeta pulveracea],101,0.029,non-degrader
RKU46749.1 hypothetical protein DL546_004214 [Coniochaeta pulveracea],245,0.029,non-degrader
RKU40915.1 hypothetical protein DL546_000679 [Coniochaeta pulveracea],126,0.029,non-degrader
RKU49414.1 hypothetical protein DL546_006020 [Coniochaeta pulveracea],248,0.0289,non-degrader
RKU48903.1 hypothetical protein DL546_008811 [Coniochaeta pulveracea],176,0.0289,non-degrader
RKU46048.1 hypothetical protein DL546_001682 [Coniochaeta pulveracea],66,0.0289,non-degrader
RKU45835.1 hypothetical protein DL546_006941 [Coniochaeta pulveracea],203,0.0289,non-degrader
RKU45698.1 hypothetical protein DL546_006853 [Coniochaeta pulveracea],265,0.0289,non-degrader
RKU45657.1 hypothetical protein DL546_004080 [Coniochaeta pulveracea],99,0.0289,non-degrader
RKU44847.1 centrin [Coniochaeta pulveracea],179,0.0289,non-degrader
RKU41537.1 hypothetical protein DL546_000433 [Coniochaeta pulveracea],290,0.0289,non-degrader
RKU40748.1 hypothetical protein DL546_000353 [Coniochaeta pulveracea],113,0.0289,non-degrader
RKU39892.1 hypothetical protein DL546_001285 [Coniochaeta pulveracea],122,0.0289,non-degrader
RKU47404.1 hypothetical protein DL546_007686 [Coniochaeta pulveracea],152,0.0288,non-degrader
RKU46803.1 hypothetical protein DL546_007237 [Coniochaeta pulveracea],201,0.0288,non-degrader
RKU45980.1 hypothetical protein DL546_006954 [Coniochaeta pulveracea],119,0.0288,non-degrader
RKU42948.1 hypothetical protein DL546_005284 [Coniochaeta pulveracea],279,0.0288,non-degrader
RKU46874.1 hypothetical protein DL546_009042 [Coniochaeta pulveracea],95,0.0287,non-degrader
RKU46705.1 hypothetical protein DL546_008988 [Coniochaeta pulveracea],121,0.0287,non-degrader
RKU46308.1 Translation initiation factor 3 subunit J component [Coniochaeta pulveracea],283,0.0287,non-degrader
RKU42662.1 Methylthioribulose-1-phosphate dehydratase [Coniochaeta pulveracea],249,0.0287,non-degrader
RKU41841.1 hypothetical protein DL546_005401 [Coniochaeta pulveracea],162,0.0287,non-degrader
RKU45615.1 hypothetical protein DL546_008272 [Coniochaeta pulveracea],125,0.0286,non-degrader
RKU45596.1 hypothetical protein DL546_007811 [Coniochaeta pulveracea],87,0.0286,non-degrader
RKU44470.1 hypothetical protein DL546_002672 [Coniochaeta pulveracea],297,0.0286,non-degrader
RKU44362.1 hypothetical protein DL546_001410 [Coniochaeta pulveracea],181,0.0286,non-degrader
RKU43376.1 Transcription initiation factor TFIID subunit 10 [Coniochaeta pulveracea],209,0.0286,non-degrader
RKU42956.1 hypothetical protein DL546_005811 [Coniochaeta pulveracea],187,0.0286,non-degrader
RKU41508.1 hypothetical protein DL546_003139 [Coniochaeta pulveracea],105,0.0286,non-degrader
RKU40637.1 hypothetical protein DL546_002208 [Coniochaeta pulveracea],153,0.0286,non-degrader
RKU39949.1 hypothetical protein DL546_002000 [Coniochaeta pulveracea],136,0.0286,non-degrader
RKU48266.1 hypothetical protein DL546_006329 [Coniochaeta pulveracea],177,0.0285,non-degrader
RKU45719.1 hypothetical protein DL546_007692 [Coniochaeta pulveracea],277,0.0285,non-degrader
RKU41560.1 hypothetical protein DL546_003293 [Coniochaeta pulveracea],300,0.0285,non-degrader
RKU49447.1 RNA polymerase-associated protein rtf1 [Coniochaeta pulveracea],72,0.0284,non-degrader
RKU48352.1 hypothetical protein DL546_008803 [Coniochaeta pulveracea],107,0.0284,non-degrader
RKU47398.1 hypothetical protein DL546_007513 [Coniochaeta pulveracea],139,0.0284,non-degrader
RKU45417.1 hypothetical protein DL546_006047 [Coniochaeta pulveracea],211,0.0284,non-degrader
RKU45095.1 hypothetical protein DL546_000941 [Coniochaeta pulveracea],271,0.0284,non-degrader
RKU43450.1 GTP-binding protein [Coniochaeta pulveracea],185,0.0284,non-degrader
RKU41022.1 hypothetical protein DL546_001961 [Coniochaeta pulveracea],289,0.0284,non-degrader
RKU40593.1 hypothetical protein DL546_003283 [Coniochaeta pulveracea],83,0.0284,non-degrader
RKU39897.1 hypothetical protein DL546_001676 [Coniochaeta pulveracea],236,0.0284,non-degrader
RKU44497.1 hypothetical protein DL546_005106 [Coniochaeta pulveracea],184,0.0283,non-degrader
RKU44321.1 Superoxide dismutase [Cu-Zn] [Coniochaeta pulveracea],154,0.0283,non-degrader
RKU43263.1 hypothetical protein DL546_005197 [Coniochaeta pulveracea],84,0.0283,non-degrader
RKU42620.1 hypothetical protein DL546_005642 [Coniochaeta pulveracea],225,0.0283,non-degrader
RKU40883.1 hypothetical protein DL546_001756 [Coniochaeta pulveracea],250,0.0283,non-degrader
RKU48658.1 nicotinamide n-methyltransferase [Coniochaeta pulveracea],269,0.0282,non-degrader
RKU41685.1 hypothetical protein DL546_000292 [Coniochaeta pulveracea],242,0.0282,non-degrader
"RKU40618.1 atp3 gamma subunit of the F1 sector of mitochondrial F1F0 ATP synthase, variant 2 [Coniochaeta pulveracea]",295,0.0282,non-degrader
RKU48032.1 hypothetical protein DL546_007569 [Coniochaeta pulveracea],249,0.0281,non-degrader
RKU47555.1 hypothetical protein DL546_006628 [Coniochaeta pulveracea],288,0.0281,non-degrader
RKU44646.1 hypothetical protein DL546_001416 [Coniochaeta pulveracea],203,0.0281,non-degrader
RKU44144.1 Scytalone dehydratase [Coniochaeta pulveracea],189,0.0281,non-degrader
RKU42337.1 hypothetical protein DL546_005394 [Coniochaeta pulveracea],222,0.0281,non-degrader
RKU41808.1 hypothetical protein DL546_002660 [Coniochaeta pulveracea],149,0.0281,non-degrader
RKU40739.1 hypothetical protein DL546_003378 [Coniochaeta pulveracea],97,0.0281,non-degrader
RKU39854.1 hypothetical protein DL546_001371 [Coniochaeta pulveracea],285,0.0281,non-degrader
RKU48321.1 hypothetical protein DL546_008231 [Coniochaeta pulveracea],221,0.028,non-degrader
RKU47243.1 hypothetical protein DL546_008749 [Coniochaeta pulveracea],149,0.028,non-degrader
RKU45623.1 hypothetical protein DL546_008409 [Coniochaeta pulveracea],109,0.028,non-degrader
RKU43540.1 hypothetical protein DL546_000665 [Coniochaeta pulveracea],97,0.028,non-degrader
RKU42648.1 hypothetical protein DL546_001656 [Coniochaeta pulveracea],80,0.028,non-degrader
RKU41826.1 hypothetical protein DL546_004341 [Coniochaeta pulveracea],182,0.028,non-degrader
RKU41491.1 hypothetical protein DL546_000563 [Coniochaeta pulveracea],294,0.028,non-degrader
RKU49421.1 hypothetical protein DL546_006561 [Coniochaeta pulveracea],190,0.0279,non-degrader
RKU49008.1 hypothetical protein DL546_009680 [Coniochaeta pulveracea],190,0.0279,non-degrader
RKU46178.1 hypothetical protein DL546_008482 [Coniochaeta pulveracea],267,0.0279,non-degrader
RKU44765.1 hypothetical protein DL546_006253 [Coniochaeta pulveracea],191,0.0279,non-degrader
RKU43583.1 hypothetical protein DL546_005521 [Coniochaeta pulveracea],84,0.0279,non-degrader
RKU42194.1 hypothetical protein DL546_004108 [Coniochaeta pulveracea],117,0.0279,non-degrader
RKU42177.1 Protein mago nashi [Coniochaeta pulveracea],153,0.0279,non-degrader
RKU41069.1 Iron-sulfur assembly protein 1 [Coniochaeta pulveracea],248,0.0279,non-degrader
RKU46262.1 hypothetical protein DL546_006451 [Coniochaeta pulveracea],173,0.0278,non-degrader
RKU43182.1 hypothetical protein DL546_004870 [Coniochaeta pulveracea],273,0.0278,non-degrader
"RKU41999.1 Cytochrome c oxidase subunit 6A, mitochondrial [Coniochaeta pulveracea]",131,0.0278,non-degrader
RKU40726.1 Ubiquitin-conjugating enzyme E2 7 [Coniochaeta pulveracea],165,0.0278,non-degrader
RKU47886.1 hypothetical protein DL546_008874 [Coniochaeta pulveracea],118,0.0277,non-degrader
RKU47060.1 hypothetical protein DL546_008918 [Coniochaeta pulveracea],182,0.0277,non-degrader
RKU45944.1 hypothetical protein DL546_004325 [Coniochaeta pulveracea],138,0.0277,non-degrader
"RKU45837.1 DNA-directed RNA polymerases I, II, and III subunit RPABC3 [Coniochaeta pulveracea]",149,0.0277,non-degrader
RKU44792.1 hypothetical protein DL546_007476 [Coniochaeta pulveracea],276,0.0277,non-degrader
RKU43868.1 Cytochrome c oxidase subunit 6B [Coniochaeta pulveracea],89,0.0277,non-degrader
RKU42496.1 hypothetical protein DL546_000963 [Coniochaeta pulveracea],222,0.0277,non-degrader
RKU42142.1 hypothetical protein DL546_005144 [Coniochaeta pulveracea],198,0.0277,non-degrader
RKU41938.1 hypothetical protein DL546_003414 [Coniochaeta pulveracea],195,0.0277,non-degrader
RKU40960.1 hypothetical protein DL546_003013 [Coniochaeta pulveracea],153,0.0277,non-degrader
RKU40097.1 hypothetical protein DL546_000410 [Coniochaeta pulveracea],84,0.0277,non-degrader
RKU49645.1 hypothetical protein DL546_009698 [Coniochaeta pulveracea],230,0.0276,non-degrader
RKU49321.1 hypothetical protein DL546_009842 [Coniochaeta pulveracea],247,0.0276,non-degrader
RKU48296.1 hypothetical protein DL546_007573 [Coniochaeta pulveracea],103,0.0276,non-degrader
RKU47490.1 hypothetical protein DL546_002036 [Coniochaeta pulveracea],177,0.0276,non-degrader
RKU45901.1 hypothetical protein DL546_008536 [Coniochaeta pulveracea],105,0.0276,non-degrader
"RKU45547.1 40S ribosomal protein mrp2, mitochondrial [Coniochaeta pulveracea]",113,0.0276,non-degrader
RKU44171.1 Rho GTPase [Coniochaeta pulveracea],194,0.0276,non-degrader
RKU44155.1 hypothetical protein DL546_005870 [Coniochaeta pulveracea],255,0.0276,non-degrader
RKU43667.1 hypothetical protein DL546_006464 [Coniochaeta pulveracea],156,0.0276,non-degrader
RKU40191.1 hypothetical protein DL546_002280 [Coniochaeta pulveracea],248,0.0276,non-degrader
RKU39749.1 hypothetical protein DL546_000233 [Coniochaeta pulveracea],100,0.0276,non-degrader
RKU49276.1 hypothetical protein DL546_009728 [Coniochaeta pulveracea],285,0.0275,non-degrader
RKU44707.1 hypothetical protein DL546_006503 [Coniochaeta pulveracea],297,0.0275,non-degrader
RKU44014.1 hypothetical protein DL546_003763 [Coniochaeta pulveracea],236,0.0275,non-degrader
RKU43887.1 structural constituent of ribosome [Coniochaeta pulveracea],294,0.0275,non-degrader
RKU42467.1 Cytoplasmic glyoxalase II [Coniochaeta pulveracea],288,0.0275,non-degrader
RKU40626.1 hypothetical protein DL546_003406 [Coniochaeta pulveracea],159,0.0275,non-degrader
RKU48451.1 hypothetical protein DL546_001800 [Coniochaeta pulveracea],129,0.0274,non-degrader
RKU47371.1 hypothetical protein DL546_006529 [Coniochaeta pulveracea],228,0.0274,non-degrader
RKU45039.1 hypothetical protein DL546_005547 [Coniochaeta pulveracea],125,0.0274,non-degrader
RKU43942.1 hypothetical protein DL546_002598 [Coniochaeta pulveracea],90,0.0274,non-degrader
RKU42617.1 hypothetical protein DL546_005512 [Coniochaeta pulveracea],190,0.0274,non-degrader
RKU41165.1 Ribosome bioproteinsis protein [Coniochaeta pulveracea],261,0.0274,non-degrader
RKU40857.1 hypothetical protein DL546_003441 [Coniochaeta pulveracea],156,0.0274,non-degrader
RKU47364.1 Mitotic exit network component [Coniochaeta pulveracea],220,0.0273,non-degrader
RKU47055.1 hypothetical protein DL546_008850 [Coniochaeta pulveracea],200,0.0273,non-degrader
RKU45301.1 hypothetical protein DL546_006728 [Coniochaeta pulveracea],280,0.0273,non-degrader
RKU44901.1 hypothetical protein DL546_001717 [Coniochaeta pulveracea],161,0.0273,non-degrader
RKU40195.1 hypothetical protein DL546_002557 [Coniochaeta pulveracea],193,0.0273,non-degrader
RKU39965.1 hypothetical protein DL546_000210 [Coniochaeta pulveracea],263,0.0273,non-degrader
RKU49597.1 hypothetical protein DL546_009485 [Coniochaeta pulveracea],269,0.0272,non-degrader
RKU48856.1 hypothetical protein DL546_007775 [Coniochaeta pulveracea],145,0.0272,non-degrader
RKU48168.1 hypothetical protein DL546_009404 [Coniochaeta pulveracea],222,0.0272,non-degrader
RKU46826.1 RNA processing protein [Coniochaeta pulveracea],130,0.0272,non-degrader
RKU44529.1 hypothetical protein DL546_007092 [Coniochaeta pulveracea],178,0.0272,non-degrader
RKU42266.1 hypothetical protein DL546_005035 [Coniochaeta pulveracea],178,0.0272,non-degrader
RKU41262.1 nuclear cap binding complex subunit [Coniochaeta pulveracea],187,0.0272,non-degrader
RKU40787.1 hypothetical protein DL546_001411 [Coniochaeta pulveracea],202,0.0272,non-degrader
RKU40475.1 hypothetical protein DL546_000741 [Coniochaeta pulveracea],232,0.0272,non-degrader
RKU47434.1 hypothetical protein DL546_008673 [Coniochaeta pulveracea],260,0.0271,non-degrader
RKU46583.1 60S ribosomal protein L30 [Coniochaeta pulveracea],109,0.0271,non-degrader
RKU46441.1 hypothetical protein DL546_006844 [Coniochaeta pulveracea],112,0.0271,non-degrader
RKU46234.1 hypothetical protein DL546_004938 [Coniochaeta pulveracea],164,0.0271,non-degrader
RKU45990.1 hypothetical protein DL546_007276 [Coniochaeta pulveracea],190,0.0271,non-degrader
RKU45895.1 hypothetical protein DL546_008434 [Coniochaeta pulveracea],198,0.0271,non-degrader
RKU45711.1 3'-phosphoadenosine 5'-phosphosulfate sulfotransferase [Coniochaeta pulveracea],290,0.0271,non-degrader
RKU46918.1 hypothetical protein DL546_003461 [Coniochaeta pulveracea],111,0.027,non-degrader
RKU46760.1 hypothetical protein DL546_004900 [Coniochaeta pulveracea],91,0.027,non-degrader
RKU44484.1 hypothetical protein DL546_004072 [Coniochaeta pulveracea],130,0.027,non-degrader
RKU48267.1 Peptidyl-prolyl cis-trans isomerase H [Coniochaeta pulveracea],182,0.0269,non-degrader
RKU47800.1 hypothetical protein DL546_007263 [Coniochaeta pulveracea],160,0.0269,non-degrader
RKU47202.1 hypothetical protein DL546_008104 [Coniochaeta pulveracea],207,0.0269,non-degrader
RKU45669.1 hypothetical protein DL546_005076 [Coniochaeta pulveracea],235,0.0269,non-degrader
RKU43401.1 hypothetical protein DL546_002771 [Coniochaeta pulveracea],246,0.0269,non-degrader
RKU42063.1 hypothetical protein DL546_003342 [Coniochaeta pulveracea],233,0.0269,non-degrader
RKU39815.1 hypothetical protein DL546_000108 [Coniochaeta pulveracea],114,0.0269,non-degrader
RKU49042.1 hypothetical protein DL546_009779 [Coniochaeta pulveracea],275,0.0268,non-degrader
RKU47552.1 hypothetical protein DL546_006508 [Coniochaeta pulveracea],190,0.0268,non-degrader
RKU46842.1 hypothetical protein DL546_008133 [Coniochaeta pulveracea],121,0.0268,non-degrader
RKU45584.1 hypothetical protein DL546_007504 [Coniochaeta pulveracea],154,0.0268,non-degrader
RKU44817.1 hypothetical protein DL546_001847 [Coniochaeta pulveracea],146,0.0268,non-degrader
RKU43048.1 hypothetical protein DL546_006092 [Coniochaeta pulveracea],141,0.0268,non-degrader
RKU41421.1 hypothetical protein DL546_003748 [Coniochaeta pulveracea],219,0.0268,non-degrader
RKU40895.1 hypothetical protein DL546_003044 [Coniochaeta pulveracea],146,0.0268,non-degrader
RKU49160.1 hypothetical protein DL546_008485 [Coniochaeta pulveracea],185,0.0267,non-degrader
"RKU44642.1 PX domain-containing protein ypt35, partial [Coniochaeta pulveracea]",191,0.0267,non-degrader
RKU44023.1 hypothetical protein DL546_004246 [Coniochaeta pulveracea],274,0.0267,non-degrader
RKU41978.1 hypothetical protein DL546_001488 [Coniochaeta pulveracea],285,0.0267,non-degrader
RKU40248.1 hypothetical protein DL546_002345 [Coniochaeta pulveracea],60,0.0267,non-degrader
RKU40095.1 TIM23 complex component [Coniochaeta pulveracea],248,0.0267,non-degrader
RKU47112.1 hypothetical protein DL546_004335 [Coniochaeta pulveracea],191,0.0266,non-degrader
RKU43258.1 assembly factor cbp4 [Coniochaeta pulveracea],125,0.0266,non-degrader
"RKU39700.1 hypothetical protein DL546_000171, partial [Coniochaeta pulveracea]",211,0.0266,non-degrader
RKU43257.1 Nascent polypeptide-associated complex subunit beta [Coniochaeta pulveracea],161,0.0265,non-degrader
RKU42844.1 hypothetical protein DL546_001998 [Coniochaeta pulveracea],209,0.0265,non-degrader
RKU42224.1 hypothetical protein DL546_001200 [Coniochaeta pulveracea],262,0.0265,non-degrader
RKU40271.1 hypothetical protein DL546_002329 [Coniochaeta pulveracea],265,0.0265,non-degrader
RKU40049.1 hypothetical protein DL546_001649 [Coniochaeta pulveracea],152,0.0265,non-degrader
RKU45639.1 hypothetical protein DL546_002126 [Coniochaeta pulveracea],121,0.0264,non-degrader
RKU45147.1 hypothetical protein DL546_005436 [Coniochaeta pulveracea],102,0.0264,non-degrader
RKU44810.1 hypothetical protein DL546_000877 [Coniochaeta pulveracea],175,0.0264,non-degrader
RKU43898.1 hypothetical protein DL546_006535 [Coniochaeta pulveracea],170,0.0264,non-degrader
RKU42740.1 hypothetical protein DL546_005010 [Coniochaeta pulveracea],294,0.0264,non-degrader
RKU42251.1 hypothetical protein DL546_003693 [Coniochaeta pulveracea],295,0.0264,non-degrader
RKU48150.1 [4Fe-4S] proteins maturation [Coniochaeta pulveracea],250,0.0263,non-degrader
RKU47280.1 hypothetical protein DL546_009128 [Coniochaeta pulveracea],109,0.0263,non-degrader
RKU43254.1 hypothetical protein DL546_004511 [Coniochaeta pulveracea],167,0.0263,non-degrader
RKU41766.1 hypothetical protein DL546_003043 [Coniochaeta pulveracea],108,0.0263,non-degrader
"RKU41175.1 NAD-dependent 5,10-methylenetetrahydrafolate dehydrogenase [Coniochaeta pulveracea]",254,0.0263,non-degrader
RKU49596.1 hypothetical protein DL546_009483 [Coniochaeta pulveracea],144,0.0262,non-degrader
RKU45962.1 ribosomal 40S subunit protein S1B [Coniochaeta pulveracea],256,0.0262,non-degrader
RKU49280.1 hypothetical protein DL546_009737 [Coniochaeta pulveracea],120,0.0261,non-degrader
RKU48584.1 E2 ubiquitin-conjugating protein mms2 [Coniochaeta pulveracea],159,0.0261,non-degrader
RKU47374.1 hypothetical protein DL546_006619 [Coniochaeta pulveracea],169,0.0261,non-degrader
RKU46527.1 hypothetical protein DL546_008846 [Coniochaeta pulveracea],105,0.0261,non-degrader
RKU43350.1 hypothetical protein DL546_005304 [Coniochaeta pulveracea],145,0.0261,non-degrader
RKU42930.1 hypothetical protein DL546_003879 [Coniochaeta pulveracea],88,0.0261,non-degrader
RKU40362.1 hypothetical protein DL546_001750 [Coniochaeta pulveracea],224,0.0261,non-degrader
RKU49714.1 hypothetical protein DL546_009876 [Coniochaeta pulveracea],245,0.026,non-degrader
RKU48610.1 hypothetical protein DL546_008775 [Coniochaeta pulveracea],137,0.026,non-degrader
"RKU48435.1 Respiratory supercomplex factor 1, mitochondrial [Coniochaeta pulveracea]",219,0.026,non-degrader
RKU47506.1 hypothetical protein DL546_003595 [Coniochaeta pulveracea],255,0.026,non-degrader
RKU46244.1 hypothetical protein DL546_005586 [Coniochaeta pulveracea],175,0.026,non-degrader
RKU45947.1 hypothetical protein DL546_004459 [Coniochaeta pulveracea],104,0.026,non-degrader
RKU45142.1 enolase-phosphatase E1 [Coniochaeta pulveracea],212,0.026,non-degrader
RKU44317.1 hypothetical protein DL546_005801 [Coniochaeta pulveracea],130,0.026,non-degrader
RKU44093.1 hypothetical protein DL546_009916 [Coniochaeta pulveracea],73,0.026,non-degrader
RKU43090.1 hypothetical protein DL546_003187 [Coniochaeta pulveracea],170,0.026,non-degrader
RKU42743.1 hypothetical protein DL546_005274 [Coniochaeta pulveracea],217,0.026,non-degrader
RKU41772.1 hypothetical protein DL546_003527 [Coniochaeta pulveracea],149,0.026,non-degrader
RKU39747.1 hypothetical protein DL546_000025 [Coniochaeta pulveracea],280,0.026,non-degrader
RKU49393.1 hypothetical protein DL546_004988 [Coniochaeta pulveracea],120,0.0259,non-degrader
RKU47501.1 H(+)-transporting V1 sector ATPase subunit F [Coniochaeta pulveracea],122,0.0259,non-degrader
RKU47500.1 Phosphatidylglycerol/phosphatidylinositol transfer protein [Coniochaeta pulveracea],177,0.0259,non-degrader
RKU45230.1 hypothetical protein DL546_001872 [Coniochaeta pulveracea],240,0.0259,non-degrader
RKU44561.1 GTP-binding protein of the rab/ypt [Coniochaeta pulveracea],219,0.0259,non-degrader
RKU43302.1 hypothetical protein DL546_001293 [Coniochaeta pulveracea],196,0.0259,non-degrader
RKU42075.1 hypothetical protein DL546_004689 [Coniochaeta pulveracea],246,0.0259,non-degrader
RKU41132.1 hypothetical protein DL546_000527 [Coniochaeta pulveracea],220,0.0259,non-degrader
RKU40282.1 mitochondrial import inner membrane translocase subunit TIM14 [Coniochaeta pulveracea],106,0.0259,non-degrader
RKU48676.1 hypothetical protein DL546_009447 [Coniochaeta pulveracea],165,0.0258,non-degrader
RKU45696.1 hypothetical protein DL546_006806 [Coniochaeta pulveracea],113,0.0258,non-degrader
RKU42853.1 hypothetical protein DL546_002621 [Coniochaeta pulveracea],282,0.0258,non-degrader
RKU45702.1 Glycosylphosphatidylinositol (GPI) anchor assembly protein [Coniochaeta pulveracea],256,0.0257,non-degrader
RKU43741.1 hypothetical protein DL546_005865 [Coniochaeta pulveracea],196,0.0257,non-degrader
RKU46218.1 hypothetical protein DL546_003217 [Coniochaeta pulveracea],292,0.0256,non-degrader
RKU45043.1 hypothetical protein DL546_005934 [Coniochaeta pulveracea],251,0.0256,non-degrader
RKU47770.1 hypothetical protein DL546_005802 [Coniochaeta pulveracea],120,0.0255,non-degrader
RKU47722.1 hypothetical protein DL546_001482 [Coniochaeta pulveracea],290,0.0255,non-degrader
RKU43538.1 hypothetical protein DL546_000665 [Coniochaeta pulveracea],124,0.0255,non-degrader
RKU46507.1 Proteasome subunit beta type-7 [Coniochaeta pulveracea],267,0.0254,non-degrader
RKU45148.1 RING-box protein 1 [Coniochaeta pulveracea],106,0.0254,non-degrader
RKU41367.1 hypothetical protein DL546_003049 [Coniochaeta pulveracea],281,0.0254,non-degrader
RKU48849.1 hypothetical protein DL546_007655 [Coniochaeta pulveracea],248,0.0253,non-degrader
RKU41031.1 DNA-directed RNA polymerases I II and III subunit RPABC2 [Coniochaeta pulveracea],154,0.0253,non-degrader
RKU47960.1 40S ribosomal protein [Coniochaeta pulveracea],203,0.0252,non-degrader
RKU46205.1 hypothetical protein DL546_001653 [Coniochaeta pulveracea],250,0.0252,non-degrader
RKU42040.1 hypothetical protein DL546_000673 [Coniochaeta pulveracea],254,0.0252,non-degrader
RKU39955.1 hypothetical protein DL546_001331 [Coniochaeta pulveracea],182,0.0252,non-degrader
RKU46652.1 hypothetical protein DL546_007995 [Coniochaeta pulveracea],81,0.0251,non-degrader
RKU46496.1 hypothetical protein DL546_008344 [Coniochaeta pulveracea],168,0.0251,non-degrader
RKU46281.1 hypothetical protein DL546_007153 [Coniochaeta pulveracea],108,0.0251,non-degrader
RKU45535.1 hypothetical protein DL546_004463 [Coniochaeta pulveracea],285,0.0251,non-degrader
RKU44062.1 hypothetical protein DL546_006363 [Coniochaeta pulveracea],108,0.0251,non-degrader
RKU43624.1 hypothetical protein DL546_003346 [Coniochaeta pulveracea],83,0.0251,non-degrader
RKU47372.1 hypothetical protein DL546_006584 [Coniochaeta pulveracea],161,0.025,non-degrader
RKU46794.1 hypothetical protein DL546_006828 [Coniochaeta pulveracea],251,0.025,non-degrader
RKU45363.1 phospholipid scramblase 1 [Coniochaeta pulveracea],223,0.025,non-degrader
RKU45362.1 transcription factor of the MADS box [Coniochaeta pulveracea],221,0.025,non-degrader
RKU43034.1 hypothetical protein DL546_005130 [Coniochaeta pulveracea],92,0.025,non-degrader
RKU42198.1 hypothetical protein DL546_004400 [Coniochaeta pulveracea],297,0.025,non-degrader
RKU40512.1 hypothetical protein DL546_000482 [Coniochaeta pulveracea],229,0.025,non-degrader
RKU48419.1 hypothetical protein DL546_009547 [Coniochaeta pulveracea],272,0.0249,non-degrader
RKU45085.1 FK506-binding protein 1 [Coniochaeta pulveracea],149,0.0249,non-degrader
RKU40711.1 hypothetical protein DL546_003930 [Coniochaeta pulveracea],153,0.0249,non-degrader
RKU47099.1 hypothetical protein DL546_003227 [Coniochaeta pulveracea],248,0.0248,non-degrader
RKU43738.1 hypothetical protein DL546_005760 [Coniochaeta pulveracea],136,0.0248,non-degrader
RKU43379.1 hypothetical protein DL546_000307 [Coniochaeta pulveracea],274,0.0248,non-degrader
RKU41995.1 hypothetical protein DL546_003246 [Coniochaeta pulveracea],262,0.0248,non-degrader
RKU48328.1 hypothetical protein DL546_008374 [Coniochaeta pulveracea],161,0.0247,non-degrader
RKU47090.1 hypothetical protein DL546_000544 [Coniochaeta pulveracea],234,0.0247,non-degrader
RKU42586.1 hypothetical protein DL546_003678 [Coniochaeta pulveracea],121,0.0247,non-degrader
RKU46483.1 COMPASS (complex proteins associated with Set1p) component [Coniochaeta pulveracea],186,0.0246,non-degrader
RKU46299.1 pre-rRNA-processing protein pno1 [Coniochaeta pulveracea],259,0.0246,non-degrader
RKU42945.1 hypothetical protein DL546_005085 [Coniochaeta pulveracea],107,0.0246,non-degrader
RKU42660.1 GINS complex subunit [Coniochaeta pulveracea],221,0.0246,non-degrader
RKU41472.1 hypothetical protein DL546_003895 [Coniochaeta pulveracea],192,0.0246,non-degrader
RKU40024.1 hypothetical protein DL546_000521 [Coniochaeta pulveracea],111,0.0246,non-degrader
RKU47298.1 hypothetical protein DL546_009353 [Coniochaeta pulveracea],197,0.0245,non-degrader
RKU46341.1 hypothetical protein DL546_008630 [Coniochaeta pulveracea],210,0.0245,non-degrader
RKU45891.1 hypothetical protein DL546_008369 [Coniochaeta pulveracea],264,0.0245,non-degrader
RKU43767.1 hypothetical protein DL546_002355 [Coniochaeta pulveracea],128,0.0245,non-degrader
RKU41743.1 hypothetical protein DL546_000691 [Coniochaeta pulveracea],300,0.0245,non-degrader
RKU40044.1 hypothetical protein DL546_000836 [Coniochaeta pulveracea],190,0.0245,non-degrader
RKU39773.1 hypothetical protein DL546_000512 [Coniochaeta pulveracea],120,0.0245,non-degrader
RKU39744.1 hypothetical protein DL546_000522 [Coniochaeta pulveracea],218,0.0245,non-degrader
RKU49131.1 hypothetical protein DL546_007859 [Coniochaeta pulveracea],106,0.0244,non-degrader
RKU46412.1 hypothetical protein DL546_005684 [Coniochaeta pulveracea],225,0.0244,non-degrader
RKU43663.1 hypothetical protein DL546_006293 [Coniochaeta pulveracea],224,0.0244,non-degrader
RKU41462.1 hypothetical protein DL546_003024 [Coniochaeta pulveracea],290,0.0244,non-degrader
RKU49232.1 hypothetical protein DL546_009562 [Coniochaeta pulveracea],229,0.0243,non-degrader
RKU47677.1 hypothetical protein DL546_009130 [Coniochaeta pulveracea],228,0.0243,non-degrader
RKU40659.1 hypothetical protein DL546_001708 [Coniochaeta pulveracea],145,0.0243,non-degrader
"RKU40020.1 GTP-binding protein of the rab, partial [Coniochaeta pulveracea]",127,0.0243,non-degrader
RKU39942.1 hypothetical protein DL546_001218 [Coniochaeta pulveracea],145,0.0243,non-degrader
RKU48895.1 hypothetical protein DL546_008674 [Coniochaeta pulveracea],205,0.0242,non-degrader
RKU44703.1 hypothetical protein DL546_006389 [Coniochaeta pulveracea],55,0.0242,non-degrader
RKU44392.1 hypothetical protein DL546_004527 [Coniochaeta pulveracea],190,0.0242,non-degrader
RKU43315.1 hypothetical protein DL546_002626 [Coniochaeta pulveracea],133,0.0242,non-degrader
RKU48363.1 hypothetical protein DL546_008943 [Coniochaeta pulveracea],297,0.0241,non-degrader
RKU48349.1 ATP synthase subunit G atp20 [Coniochaeta pulveracea],221,0.0241,non-degrader
RKU46213.1 hypothetical protein DL546_002886 [Coniochaeta pulveracea],259,0.0241,non-degrader
RKU44397.1 hypothetical protein DL546_004940 [Coniochaeta pulveracea],108,0.0241,non-degrader
RKU49398.1 hypothetical protein DL546_005254 [Coniochaeta pulveracea],107,0.024,non-degrader
RKU46241.1 hypothetical protein DL546_005396 [Coniochaeta pulveracea],166,0.024,non-degrader
RKU43670.1 Glucosamine-phosphate N-acetyltransferase-like protein [Coniochaeta pulveracea],173,0.024,non-degrader
RKU42775.1 hypothetical protein DL546_001988 [Coniochaeta pulveracea],282,0.024,non-degrader
RKU41909.1 hypothetical protein DL546_005503 [Coniochaeta pulveracea],178,0.024,non-degrader
RKU40196.1 DNA-directed RNA polymerase II subunit [Coniochaeta pulveracea],172,0.024,non-degrader
RKU39798.1 hypothetical protein DL546_000456 [Coniochaeta pulveracea],64,0.024,non-degrader
RKU44997.1 hypothetical protein DL546_001733 [Coniochaeta pulveracea],204,0.0239,non-degrader
RKU44866.1 hypothetical protein DL546_006739 [Coniochaeta pulveracea],186,0.0239,non-degrader
RKU44194.1 hypothetical protein DL546_001204 [Coniochaeta pulveracea],246,0.0239,non-degrader
RKU41702.1 hypothetical protein DL546_002500 [Coniochaeta pulveracea],209,0.0239,non-degrader
RKU48573.1 translocase of the inner membrane [Coniochaeta pulveracea],154,0.0238,non-degrader
RKU48549.1 hypothetical protein DL546_007492 [Coniochaeta pulveracea],179,0.0238,non-degrader
RKU48367.1 hypothetical protein DL546_008982 [Coniochaeta pulveracea],165,0.0238,non-degrader
RKU47332.1 Cytosolic copper metallochaperone [Coniochaeta pulveracea],84,0.0237,non-degrader
RKU44453.1 hypothetical protein DL546_000938 [Coniochaeta pulveracea],240,0.0237,non-degrader
RKU48208.1 hypothetical protein DL546_001748 [Coniochaeta pulveracea],231,0.0236,non-degrader
RKU47833.1 hypothetical protein DL546_008011 [Coniochaeta pulveracea],231,0.0236,non-degrader
RKU44863.1 hypothetical protein DL546_006456 [Coniochaeta pulveracea],294,0.0236,non-degrader
RKU42604.1 hypothetical protein DL546_004816 [Coniochaeta pulveracea],158,0.0236,non-degrader
RKU40273.1 hypothetical protein DL546_002511 [Coniochaeta pulveracea],175,0.0236,non-degrader
RKU47587.1 hypothetical protein DL546_007646 [Coniochaeta pulveracea],172,0.0235,non-degrader
RKU46267.1 hypothetical protein DL546_006566 [Coniochaeta pulveracea],283,0.0235,non-degrader
RKU45261.1 Golgi-to-ER vesicle coat component [Coniochaeta pulveracea],201,0.0235,non-degrader
RKU43561.1 hypothetical protein DL546_003047 [Coniochaeta pulveracea],132,0.0235,non-degrader
RKU43358.1 hypothetical protein DL546_005863 [Coniochaeta pulveracea],72,0.0235,non-degrader
RKU45870.1 Golgi Transport [Coniochaeta pulveracea],139,0.0234,non-degrader
RKU44971.1 hypothetical protein DL546_007054 [Coniochaeta pulveracea],134,0.0234,non-degrader
RKU44112.1 hypothetical protein DL546_002657 [Coniochaeta pulveracea],111,0.0234,non-degrader
RKU44101.1 hypothetical protein DL546_001519 [Coniochaeta pulveracea],264,0.0234,non-degrader
RKU42792.1 hypothetical protein DL546_003579 [Coniochaeta pulveracea],200,0.0234,non-degrader
"RKU39693.1 hypothetical protein DL546_000014, partial [Coniochaeta pulveracea]",177,0.0234,non-degrader
RKU47682.1 BLI-3 blue-light-inducible Bli-3 protein [Coniochaeta pulveracea],209,0.0233,non-degrader
RKU47249.1 hypothetical protein DL546_008820 [Coniochaeta pulveracea],269,0.0233,non-degrader
"RKU45871.1 profilin, required for normal timing of actin polymerization in response to thermal stress [Coniochaeta pulveracea]",131,0.0233,non-degrader
RKU45578.1 hypothetical protein DL546_007350 [Coniochaeta pulveracea],108,0.0233,non-degrader
"RKU45214.1 hypothetical protein DL546_000206, partial [Coniochaeta pulveracea]",242,0.0233,non-degrader
RKU45023.1 hypothetical protein DL546_004516 [Coniochaeta pulveracea],170,0.0233,non-degrader
RKU44752.1 hypothetical protein DL546_005550 [Coniochaeta pulveracea],114,0.0233,non-degrader
RKU42636.1 hypothetical protein DL546_000261 [Coniochaeta pulveracea],233,0.0233,non-degrader
RKU40220.1 hypothetical protein DL546_000986 [Coniochaeta pulveracea],187,0.0233,non-degrader
"RKU39692.1 hypothetical protein DL546_000030, partial [Coniochaeta pulveracea]",60,0.0233,non-degrader
RKU48669.1 hypothetical protein DL546_009425 [Coniochaeta pulveracea],300,0.0232,non-degrader
RKU45113.1 GTP-binding protein gtr1 [Coniochaeta pulveracea],288,0.0232,non-degrader
RKU44417.1 hypothetical protein DL546_006563 [Coniochaeta pulveracea],139,0.0232,non-degrader
RKU43946.1 low-affinity phosphate transporter [Coniochaeta pulveracea],295,0.0232,non-degrader
RKU43272.1 hypothetical protein DL546_005728 [Coniochaeta pulveracea],152,0.0232,non-degrader
RKU42196.1 hypothetical protein DL546_004315 [Coniochaeta pulveracea],131,0.0232,non-degrader
"RKU40185.1 proliferating cell nuclear antigen, variant 2 [Coniochaeta pulveracea]",214,0.0232,non-degrader
RKU49316.1 hypothetical protein DL546_009834 [Coniochaeta pulveracea],119,0.0231,non-degrader
RKU49245.1 hypothetical protein DL546_009614 [Coniochaeta pulveracea],295,0.0231,non-degrader
RKU48798.1 hypothetical protein DL546_006006 [Coniochaeta pulveracea],134,0.0231,non-degrader
RKU48724.1 hypothetical protein DL546_009703 [Coniochaeta pulveracea],80,0.0231,non-degrader
RKU48255.1 hypothetical protein DL546_005553 [Coniochaeta pulveracea],284,0.0231,non-degrader
RKU47953.1 hypothetical protein DL546_001938 [Coniochaeta pulveracea],179,0.0231,non-degrader
RKU47536.1 Translation machinery-associated protein 7 [Coniochaeta pulveracea],67,0.0231,non-degrader
RKU46217.1 hypothetical protein DL546_003190 [Coniochaeta pulveracea],116,0.0231,non-degrader
RKU45843.1 H(+)-transporting V1 sector ATPase subunit D [Coniochaeta pulveracea],261,0.0231,non-degrader
RKU44585.1 hypothetical protein DL546_004977 [Coniochaeta pulveracea],199,0.0231,non-degrader
RKU42200.1 hypothetical protein DL546_004659 [Coniochaeta pulveracea],82,0.0231,non-degrader
RKU40505.1 Proteasome subunit beta type-1 [Coniochaeta pulveracea],229,0.0231,non-degrader
RKU49503.1 hypothetical protein DL546_008526 [Coniochaeta pulveracea],136,0.023,non-degrader
RKU49239.1 hypothetical protein DL546_009598 [Coniochaeta pulveracea],293,0.0229,non-degrader
RKU48291.1 hypothetical protein DL546_007469 [Coniochaeta pulveracea],294,0.0229,non-degrader
RKU48290.1 hypothetical protein DL546_007459 [Coniochaeta pulveracea],76,0.0229,non-degrader
RKU47483.1 hypothetical protein DL546_001270 [Coniochaeta pulveracea],227,0.0229,non-degrader
RKU47214.1 hypothetical protein DL546_008264 [Coniochaeta pulveracea],277,0.0229,non-degrader
RKU47150.1 hypothetical protein DL546_006543 [Coniochaeta pulveracea],192,0.0229,non-degrader
RKU41475.1 hypothetical protein DL546_004074 [Coniochaeta pulveracea],270,0.0229,non-degrader
RKU41149.1 hypothetical protein DL546_002335 [Coniochaeta pulveracea],97,0.0229,non-degrader
RKU40524.1 hypothetical protein DL546_002906 [Coniochaeta pulveracea],137,0.0229,non-degrader
RKU49401.1 hypothetical protein DL546_005392 [Coniochaeta pulveracea],136,0.0228,non-degrader
RKU48700.1 hypothetical protein DL546_009575 [Coniochaeta pulveracea],151,0.0228,non-degrader
RKU47303.1 hypothetical protein DL546_000486 [Coniochaeta pulveracea],186,0.0228,non-degrader
RKU47173.1 kinetochore-associated Ndc80 complex subunit spc24 [Coniochaeta pulveracea],198,0.0228,non-degrader
RKU43542.1 hypothetical protein DL546_000775 [Coniochaeta pulveracea],260,0.0228,non-degrader
RKU42585.1 hypothetical protein DL546_003678 [Coniochaeta pulveracea],132,0.0228,non-degrader
RKU42493.1 hypothetical protein DL546_000782 [Coniochaeta pulveracea],141,0.0228,non-degrader
RKU47163.1 hypothetical protein DL546_007029 [Coniochaeta pulveracea],250,0.0227,non-degrader
RKU46868.1 Ras-related protein Rab-6A [Coniochaeta pulveracea],209,0.0227,non-degrader
RKU46053.1 hypothetical protein DL546_002671 [Coniochaeta pulveracea],240,0.0227,non-degrader
RKU45868.1 DASH complex subunit dad4 [Coniochaeta pulveracea],91,0.0227,non-degrader
RKU45295.1 hypothetical protein DL546_006567 [Coniochaeta pulveracea],239,0.0227,non-degrader
RKU44540.1 NAD(+) salvage pathway protein [Coniochaeta pulveracea],227,0.0227,non-degrader
RKU44099.1 hypothetical protein DL546_001402 [Coniochaeta pulveracea],154,0.0227,non-degrader
RKU42806.1 hypothetical protein DL546_004653 [Coniochaeta pulveracea],231,0.0227,non-degrader
"RKU42684.1 Cx9C motif-containing protein 4, mitochondrial [Coniochaeta pulveracea]",78,0.0227,non-degrader
RKU40454.1 hypothetical protein DL546_001038 [Coniochaeta pulveracea],182,0.0227,non-degrader
RKU40214.1 hypothetical protein DL546_002639 [Coniochaeta pulveracea],188,0.0227,non-degrader
RKU39939.1 hypothetical protein DL546_000971 [Coniochaeta pulveracea],250,0.0227,non-degrader
RKU48488.1 60S ribosomal protein L23A [Coniochaeta pulveracea],139,0.0226,non-degrader
RKU48071.1 hypothetical protein DL546_008286 [Coniochaeta pulveracea],230,0.0226,non-degrader
RKU44491.1 hypothetical protein DL546_004736 [Coniochaeta pulveracea],294,0.0226,non-degrader
RKU44020.1 hypothetical protein DL546_004079 [Coniochaeta pulveracea],211,0.0226,non-degrader
RKU41828.1 hypothetical protein DL546_004423 [Coniochaeta pulveracea],297,0.0226,non-degrader
RKU41151.1 hypothetical protein DL546_002591 [Coniochaeta pulveracea],168,0.0226,non-degrader
RKU41126.1 hypothetical protein DL546_004269 [Coniochaeta pulveracea],254,0.0226,non-degrader
RKU48016.1 hypothetical protein DL546_006923 [Coniochaeta pulveracea],222,0.0225,non-degrader
RKU43689.1 hypothetical protein DL546_000983 [Coniochaeta pulveracea],139,0.0225,non-degrader
RKU42545.1 hypothetical protein DL546_005624 [Coniochaeta pulveracea],285,0.0225,non-degrader
RKU47941.1 hypothetical protein DL546_000628 [Coniochaeta pulveracea],243,0.0224,non-degrader
RKU47307.1 hypothetical protein DL546_001156 [Coniochaeta pulveracea],159,0.0224,non-degrader
RKU47091.1 hypothetical protein DL546_000661 [Coniochaeta pulveracea],163,0.0224,non-degrader
RKU46409.1 hypothetical protein DL546_005545 [Coniochaeta pulveracea],173,0.0224,non-degrader
RKU44344.1 exosome non-catalytic core subunit rrp40 [Coniochaeta pulveracea],248,0.0224,non-degrader
RKU44130.1 hypothetical protein DL546_004173 [Coniochaeta pulveracea],204,0.0224,non-degrader
RKU42124.1 hypothetical protein DL546_003886 [Coniochaeta pulveracea],204,0.0224,non-degrader
RKU48796.1 hypothetical protein DL546_005889 [Coniochaeta pulveracea],143,0.0223,non-degrader
RKU46989.1 hypothetical protein DL546_007587 [Coniochaeta pulveracea],228,0.0223,non-degrader
RKU46437.1 hypothetical protein DL546_006721 [Coniochaeta pulveracea],131,0.0223,non-degrader
RKU46403.1 hypothetical protein DL546_005417 [Coniochaeta pulveracea],268,0.0223,non-degrader
RKU46092.1 hypothetical protein DL546_005161 [Coniochaeta pulveracea],215,0.0223,non-degrader
RKU44685.1 hypothetical protein DL546_005054 [Coniochaeta pulveracea],223,0.0223,non-degrader
RKU41522.1 hypothetical protein DL546_004531 [Coniochaeta pulveracea],296,0.0223,non-degrader
RKU42130.1 Riboflavin synthase alpha chain [Coniochaeta pulveracea],234,0.0222,non-degrader
RKU40308.1 PHD finger-like domain-containing protein 5A [Coniochaeta pulveracea],109,0.0222,non-degrader
RKU48880.1 hypothetical protein DL546_008423 [Coniochaeta pulveracea],115,0.0221,non-degrader
RKU47138.1 hypothetical protein DL546_005883 [Coniochaeta pulveracea],257,0.0221,non-degrader
RKU45473.1 hypothetical protein DL546_008028 [Coniochaeta pulveracea],250,0.0221,non-degrader
RKU43841.1 mitochondrial ribosomal small subunit component [Coniochaeta pulveracea],233,0.0221,non-degrader
RKU42883.1 hypothetical protein DL546_005859 [Coniochaeta pulveracea],150,0.0221,non-degrader
RKU41529.1 methylglyoxal reductase (NADPH-dependent) gre2 [Coniochaeta pulveracea],123,0.0221,non-degrader
RKU40924.1 Eukaryotic translation initiation factor 6 [Coniochaeta pulveracea],246,0.0221,non-degrader
RKU43084.1 hypothetical protein DL546_002589 [Coniochaeta pulveracea],152,0.022,non-degrader
RKU40609.1 hypothetical protein DL546_001689 [Coniochaeta pulveracea],213,0.022,non-degrader
RKU47065.1 hypothetical protein DL546_009016 [Coniochaeta pulveracea],245,0.0219,non-degrader
RKU45116.1 hypothetical protein DL546_003184 [Coniochaeta pulveracea],121,0.0219,non-degrader
RKU44753.1 Sigma-adaptin 3A [Coniochaeta pulveracea],176,0.0219,non-degrader
RKU42726.1 hypothetical protein DL546_004104 [Coniochaeta pulveracea],208,0.0219,non-degrader
RKU42591.1 hypothetical protein DL546_004131 [Coniochaeta pulveracea],124,0.0219,non-degrader
RKU41704.1 Ubiquitin-conjugating enzyme E2 4 [Coniochaeta pulveracea],147,0.0219,non-degrader
RKU40891.1 hypothetical protein DL546_002681 [Coniochaeta pulveracea],272,0.0219,non-degrader
RKU47376.1 hypothetical protein DL546_006700 [Coniochaeta pulveracea],277,0.0218,non-degrader
RKU46701.1 hypothetical protein DL546_008919 [Coniochaeta pulveracea],108,0.0218,non-degrader
RKU46028.1 hypothetical protein DL546_008564 [Coniochaeta pulveracea],71,0.0218,non-degrader
RKU43830.1 hypothetical protein DL546_000197 [Coniochaeta pulveracea],104,0.0218,non-degrader
RKU40759.1 40S ribosomal protein S25 [Coniochaeta pulveracea],98,0.0218,non-degrader
RKU49221.1 hypothetical protein DL546_009267 [Coniochaeta pulveracea],97,0.0217,non-degrader
RKU47753.1 hypothetical protein DL546_004505 [Coniochaeta pulveracea],112,0.0217,non-degrader
RKU46408.1 hypothetical protein DL546_005545 [Coniochaeta pulveracea],144,0.0217,non-degrader
RKU42697.1 monothiol glutaredoxin grx4 [Coniochaeta pulveracea],261,0.0217,non-degrader
RKU40730.1 Cytochrome c oxidase subunit 6 [Coniochaeta pulveracea],165,0.0217,non-degrader
RKU40098.1 hypothetical protein DL546_000468 [Coniochaeta pulveracea],167,0.0217,non-degrader
RKU39789.1 hypothetical protein DL546_000217 [Coniochaeta pulveracea],65,0.0217,non-degrader
RKU47684.1 hypothetical protein DL546_009209 [Coniochaeta pulveracea],236,0.0216,non-degrader
RKU45773.1 hypothetical protein DL546_001663 [Coniochaeta pulveracea],184,0.0216,non-degrader
RKU43431.1 hypothetical protein DL546_005744 [Coniochaeta pulveracea],167,0.0216,non-degrader
RKU49383.1 hypothetical protein DL546_003237 [Coniochaeta pulveracea],253,0.0215,non-degrader
RKU47793.1 hypothetical protein DL546_006943 [Coniochaeta pulveracea],292,0.0215,non-degrader
RKU47383.1 hypothetical protein DL546_007016 [Coniochaeta pulveracea],224,0.0215,non-degrader
RKU46834.1 hypothetical protein DL546_007972 [Coniochaeta pulveracea],186,0.0215,non-degrader
RKU42514.1 hypothetical protein DL546_002691 [Coniochaeta pulveracea],212,0.0215,non-degrader
RKU41173.1 hypothetical protein DL546_004196 [Coniochaeta pulveracea],227,0.0215,non-degrader
RKU40627.1 hypothetical protein DL546_003488 [Coniochaeta pulveracea],183,0.0215,non-degrader
RKU47945.1 hypothetical protein DL546_001120 [Coniochaeta pulveracea],229,0.0214,non-degrader
RKU46830.1 hypothetical protein DL546_007935 [Coniochaeta pulveracea],291,0.0214,non-degrader
RKU46616.1 H(+)-transporting V0 sector ATPase subunit c [Coniochaeta pulveracea],163,0.0214,non-degrader
RKU41613.1 hypothetical protein DL546_002943 [Coniochaeta pulveracea],80,0.0214,non-degrader
RKU43429.1 hypothetical protein DL546_005597 [Coniochaeta pulveracea],129,0.0213,non-degrader
RKU40817.1 hypothetical protein DL546_001721 [Coniochaeta pulveracea],194,0.0213,non-degrader
RKU47685.1 hypothetical protein DL546_009217 [Coniochaeta pulveracea],177,0.0212,non-degrader
RKU47423.1 hypothetical protein DL546_009930 [Coniochaeta pulveracea],147,0.0212,non-degrader
RKU47213.1 hypothetical protein DL546_008253 [Coniochaeta pulveracea],175,0.0212,non-degrader
RKU45472.1 hypothetical protein DL546_008016 [Coniochaeta pulveracea],269,0.0212,non-degrader
RKU43945.1 hypothetical protein DL546_002788 [Coniochaeta pulveracea],74,0.0212,non-degrader
RKU41321.1 hypothetical protein DL546_004669 [Coniochaeta pulveracea],158,0.0212,non-degrader
RKU40511.1 hypothetical protein DL546_000482 [Coniochaeta pulveracea],214,0.0212,non-degrader
RKU49521.1 hypothetical protein DL546_008867 [Coniochaeta pulveracea],199,0.0211,non-degrader
RKU44600.1 hypothetical protein DL546_006012 [Coniochaeta pulveracea],134,0.0211,non-degrader
RKU43957.1 Ras-related protein Rab-11B [Coniochaeta pulveracea],212,0.0211,non-degrader
RKU42821.1 hypothetical protein DL546_006010 [Coniochaeta pulveracea],141,0.0211,non-degrader
RKU49319.1 hypothetical protein DL546_009839 [Coniochaeta pulveracea],273,0.021,non-degrader
RKU46567.1 hypothetical protein DL546_003889 [Coniochaeta pulveracea],188,0.021,non-degrader
RKU40818.1 hypothetical protein DL546_001787 [Coniochaeta pulveracea],132,0.021,non-degrader
RKU49144.1 hypothetical protein DL546_008167 [Coniochaeta pulveracea],226,0.0209,non-degrader
RKU47353.1 hypothetical protein DL546_005514 [Coniochaeta pulveracea],222,0.0209,non-degrader
RKU43537.1 RNA polymerase subunit AC19 [Coniochaeta pulveracea],160,0.0209,non-degrader
RKU42881.1 Serine/threonine-protein phosphatase pp1 [Coniochaeta pulveracea],238,0.0209,non-degrader
RKU42106.1 hypothetical protein DL546_002030 [Coniochaeta pulveracea],184,0.0209,non-degrader
RKU41225.1 Mitochondrial import inner membrane translocase subunit tim23 [Coniochaeta pulveracea],237,0.0209,non-degrader
RKU40230.1 eIF2 kinase Gcn2p negative regulator [Coniochaeta pulveracea],260,0.0209,non-degrader
RKU40057.1 hypothetical protein DL546_000116 [Coniochaeta pulveracea],284,0.0209,non-degrader
RKU48756.1 hypothetical protein DL546_002765 [Coniochaeta pulveracea],253,0.0208,non-degrader
RKU43444.1 hypothetical protein DL546_006216 [Coniochaeta pulveracea],165,0.0208,non-degrader
RKU40404.1 hypothetical protein DL546_000260 [Coniochaeta pulveracea],224,0.0208,non-degrader
RKU48752.1 hypothetical protein DL546_002435 [Coniochaeta pulveracea],286,0.0207,non-degrader
RKU48278.1 Dynein light chain [Coniochaeta pulveracea],104,0.0207,non-degrader
RKU42494.1 hypothetical protein DL546_000850 [Coniochaeta pulveracea],237,0.0207,non-degrader
RKU42078.1 hypothetical protein DL546_004786 [Coniochaeta pulveracea],282,0.0207,non-degrader
RKU41684.1 hypothetical protein DL546_000173 [Coniochaeta pulveracea],192,0.0207,non-degrader
RKU39843.1 hypothetical protein DL546_000324 [Coniochaeta pulveracea],133,0.0207,non-degrader
RKU49622.1 prohibitin-1 [Coniochaeta pulveracea],275,0.0206,non-degrader
RKU49242.1 hypothetical protein DL546_009608 [Coniochaeta pulveracea],295,0.0206,non-degrader
RKU48853.1 hypothetical protein DL546_007724 [Coniochaeta pulveracea],197,0.0206,non-degrader
RKU47725.1 hypothetical protein DL546_001890 [Coniochaeta pulveracea],235,0.0206,non-degrader
RKU44973.1 hypothetical protein DL546_007145 [Coniochaeta pulveracea],153,0.0206,non-degrader
RKU44604.1 hypothetical protein DL546_006177 [Coniochaeta pulveracea],235,0.0206,non-degrader
RKU43936.1 ubiquitin-like protein atg8 [Coniochaeta pulveracea],121,0.0206,non-degrader
RKU41153.1 hypothetical protein DL546_002708 [Coniochaeta pulveracea],171,0.0206,non-degrader
RKU40423.1 hypothetical protein DL546_002483 [Coniochaeta pulveracea],187,0.0206,non-degrader
RKU49389.1 hypothetical protein DL546_004829 [Coniochaeta pulveracea],280,0.0205,non-degrader
RKU47581.1 hypothetical protein DL546_007494 [Coniochaeta pulveracea],140,0.0205,non-degrader
RKU46162.1 hypothetical protein DL546_008014 [Coniochaeta pulveracea],141,0.0205,non-degrader
RKU45347.1 hypothetical protein DL546_008050 [Coniochaeta pulveracea],147,0.0205,non-degrader
RKU42884.1 hypothetical protein DL546_005903 [Coniochaeta pulveracea],196,0.0205,non-degrader
RKU46279.1 hypothetical protein DL546_007087 [Coniochaeta pulveracea],124,0.0204,non-degrader
RKU44679.1 hypothetical protein DL546_004804 [Coniochaeta pulveracea],239,0.0204,non-degrader
RKU40872.1 hypothetical protein DL546_000305 [Coniochaeta pulveracea],245,0.0204,non-degrader
RKU40607.1 hypothetical protein DL546_001616 [Coniochaeta pulveracea],80,0.0204,non-degrader
RKU48463.1 ubc11 protein [Coniochaeta pulveracea],175,0.0203,non-degrader
RKU46005.1 hypothetical protein DL546_007911 [Coniochaeta pulveracea],232,0.0203,non-degrader
"RKU45936.1 translation elongation factor EF1B gamma, variant 2 [Coniochaeta pulveracea]",113,0.0203,non-degrader
RKU44511.1 hypothetical protein DL546_005947 [Coniochaeta pulveracea],110,0.0203,non-degrader
RKU44500.1 hypothetical protein DL546_005335 [Coniochaeta pulveracea],250,0.0203,non-degrader
RKU42807.1 hypothetical protein DL546_004734 [Coniochaeta pulveracea],100,0.0203,non-degrader
"RKU41009.1 1,2-dihydroxy-3-keto-5-methylthiopentene dioxygenase [Coniochaeta pulveracea]",173,0.0203,non-degrader
"RKU40909.1 hypothetical protein DL546_004152, partial [Coniochaeta pulveracea]",90,0.0203,non-degrader
RKU40693.1 Vacuolar protein-sorting-associated protein 28 [Coniochaeta pulveracea],238,0.0203,non-degrader
RKU42640.1 ribosome biogenesis regulatory protein [Coniochaeta pulveracea],227,0.0202,non-degrader
RKU41900.1 hypothetical protein DL546_004873 [Coniochaeta pulveracea],254,0.0202,non-degrader
RKU41744.1 mRNA turnover and ribosome assembly protein [Coniochaeta pulveracea],252,0.0202,non-degrader
"RKU48521.1 Essential protein Yae1, N terminal [Coniochaeta pulveracea]",237,0.0201,non-degrader
RKU48239.1 hypothetical protein DL546_004391 [Coniochaeta pulveracea],290,0.0201,non-degrader
RKU47484.1 hypothetical protein DL546_001322 [Coniochaeta pulveracea],111,0.0201,non-degrader
RKU45755.1 monothiol glutaredoxin grx5 [Coniochaeta pulveracea],164,0.0201,non-degrader
RKU42345.1 chromatin modification-related protein EAF6 [Coniochaeta pulveracea],187,0.0201,non-degrader
RKU41847.1 hypothetical protein DL546_000190 [Coniochaeta pulveracea],94,0.0201,non-degrader
RKU46233.1 hypothetical protein DL546_004889 [Coniochaeta pulveracea],223,0.02,non-degrader
RKU44735.1 GET complex subunit get1 [Coniochaeta pulveracea],209,0.02,non-degrader
RKU44680.1 hypothetical protein DL546_004804 [Coniochaeta pulveracea],270,0.02,non-degrader
RKU43973.1 hypothetical protein DL546_005036 [Coniochaeta pulveracea],275,0.02,non-degrader
RKU43470.1 hypothetical protein DL546_001887 [Coniochaeta pulveracea],257,0.02,non-degrader
RKU43114.1 hypothetical protein DL546_004910 [Coniochaeta pulveracea],176,0.02,non-degrader
RKU42039.1 hypothetical protein DL546_000604 [Coniochaeta pulveracea],269,0.02,non-degrader
RKU40456.1 hypothetical protein DL546_001310 [Coniochaeta pulveracea],225,0.02,non-degrader
RKU49218.1 hypothetical protein DL546_009247 [Coniochaeta pulveracea],261,0.0199,non-degrader
RKU48216.1 Exosome non-catalytic core component [Coniochaeta pulveracea],274,0.0199,non-degrader
RKU47634.1 Ubiquitin-conjugating enzyme E2 2 [Coniochaeta pulveracea],151,0.0199,non-degrader
RKU45845.1 hypothetical protein DL546_007189 [Coniochaeta pulveracea],100,0.0199,non-degrader
RKU44996.1 hypothetical protein DL546_001626 [Coniochaeta pulveracea],235,0.0199,non-degrader
RKU44754.1 Mitochondrial chaperone Frataxin [Coniochaeta pulveracea],197,0.0199,non-degrader
RKU46608.1 hypothetical protein DL546_006698 [Coniochaeta pulveracea],165,0.0198,non-degrader
RKU45814.1 hypothetical protein DL546_005998 [Coniochaeta pulveracea],210,0.0198,non-degrader
RKU45418.1 RNA polymerase III C11 subunit [Coniochaeta pulveracea],111,0.0198,non-degrader
RKU44977.1 hypothetical protein DL546_007252 [Coniochaeta pulveracea],243,0.0198,non-degrader
RKU44609.1 protein transporter tim10 [Coniochaeta pulveracea],96,0.0198,non-degrader
RKU44203.1 60S ribosomal protein L34 [Coniochaeta pulveracea],115,0.0198,non-degrader
RKU39817.1 hypothetical protein DL546_000277 [Coniochaeta pulveracea],201,0.0198,non-degrader
RKU49046.1 hypothetical protein DL546_000491 [Coniochaeta pulveracea],282,0.0197,non-degrader
RKU47562.1 hypothetical protein DL546_006872 [Coniochaeta pulveracea],192,0.0197,non-degrader
RKU46487.1 hypothetical protein DL546_008223 [Coniochaeta pulveracea],129,0.0197,non-degrader
RKU46184.1 hypothetical protein DL546_008560 [Coniochaeta pulveracea],114,0.0197,non-degrader
RKU43809.1 hypothetical protein DL546_006428 [Coniochaeta pulveracea],103,0.0197,non-degrader
RKU42893.1 hypothetical protein DL546_006283 [Coniochaeta pulveracea],289,0.0197,non-degrader
RKU45865.1 hypothetical protein DL546_007804 [Coniochaeta pulveracea],128,0.0196,non-degrader
RKU42506.1 hypothetical protein DL546_002067 [Coniochaeta pulveracea],183,0.0196,non-degrader
RKU42168.1 hypothetical protein DL546_001839 [Coniochaeta pulveracea],184,0.0196,non-degrader
RKU41774.1 Trafficking protein particle complex subunit 33 [Coniochaeta pulveracea],210,0.0196,non-degrader
RKU40829.1 hypothetical protein DL546_002970 [Coniochaeta pulveracea],266,0.0196,non-degrader
RKU39870.1 hypothetical protein DL546_009907 [Coniochaeta pulveracea],129,0.0196,non-degrader
RKU49682.1 hypothetical protein DL546_009804 [Coniochaeta pulveracea],84,0.0195,non-degrader
RKU47029.1 hypothetical protein DL546_008507 [Coniochaeta pulveracea],185,0.0195,non-degrader
RKU45775.1 hypothetical protein DL546_001823 [Coniochaeta pulveracea],243,0.0195,non-degrader
RKU43530.1 hypothetical protein DL546_006791 [Coniochaeta pulveracea],286,0.0195,non-degrader
RKU43031.1 hypoxanthine-guanine phosphoribosyltransferase [Coniochaeta pulveracea],265,0.0195,non-degrader
RKU42918.1 vesicular-fusion protein S17 [Coniochaeta pulveracea],292,0.0195,non-degrader
RKU41866.1 exosome 3'-_5 exonuclease subunit ski4 (Csl4) [Coniochaeta pulveracea],208,0.0195,non-degrader
RKU41240.1 hypothetical protein DL546_002224 [Coniochaeta pulveracea],187,0.0195,non-degrader
RKU41239.1 hypothetical protein DL546_002224 [Coniochaeta pulveracea],187,0.0195,non-degrader
RKU40209.1 transport protein particle 22 kDa subunit [Coniochaeta pulveracea],192,0.0195,non-degrader
RKU48820.1 hypothetical protein DL546_006789 [Coniochaeta pulveracea],294,0.0194,non-degrader
RKU47344.1 Sm-like protein [Coniochaeta pulveracea],184,0.0194,non-degrader
RKU47225.1 hypothetical protein DL546_008451 [Coniochaeta pulveracea],65,0.0194,non-degrader
RKU46621.1 hypothetical protein DL546_007194 [Coniochaeta pulveracea],162,0.0194,non-degrader
RKU44936.1 hypothetical protein DL546_004924 [Coniochaeta pulveracea],102,0.0194,non-degrader
RKU43837.1 hypothetical protein DL546_001091 [Coniochaeta pulveracea],159,0.0194,non-degrader
RKU39940.1 hypothetical protein DL546_001015 [Coniochaeta pulveracea],256,0.0194,non-degrader
RKU49497.1 hypothetical protein DL546_008437 [Coniochaeta pulveracea],254,0.0193,non-degrader
RKU48634.1 RNA polymerase III C11 subunit [Coniochaeta pulveracea],144,0.0193,non-degrader
RKU44393.1 hypothetical protein DL546_004590 [Coniochaeta pulveracea],293,0.0193,non-degrader
RKU43828.1 hypothetical protein DL546_000064 [Coniochaeta pulveracea],108,0.0193,non-degrader
RKU42380.1 Bifunctional dehydrogenase and ferrochelatase [Coniochaeta pulveracea],276,0.0193,non-degrader
RKU41200.1 hypothetical protein DL546_002987 [Coniochaeta pulveracea],195,0.0193,non-degrader
RKU40227.1 hypothetical protein DL546_002338 [Coniochaeta pulveracea],178,0.0193,non-degrader
RKU39791.1 hypothetical protein DL546_000412 [Coniochaeta pulveracea],72,0.0193,non-degrader
RKU49517.1 hypothetical protein DL546_008834 [Coniochaeta pulveracea],266,0.0192,non-degrader
RKU48665.1 hypothetical protein DL546_009411 [Coniochaeta pulveracea],162,0.0192,non-degrader
RKU48137.1 hypothetical protein DL546_009179 [Coniochaeta pulveracea],153,0.0192,non-degrader
RKU45786.1 hypothetical protein DL546_003325 [Coniochaeta pulveracea],139,0.0192,non-degrader
RKU45442.1 hypothetical protein DL546_007110 [Coniochaeta pulveracea],219,0.0192,non-degrader
RKU45192.1 40S ribosomal protein S22 [Coniochaeta pulveracea],130,0.0192,non-degrader
RKU44586.1 hypothetical protein DL546_005003 [Coniochaeta pulveracea],140,0.0192,non-degrader
RKU42022.1 hypothetical protein DL546_005042 [Coniochaeta pulveracea],264,0.0192,non-degrader
RKU41301.1 hypothetical protein DL546_003004 [Coniochaeta pulveracea],164,0.0192,non-degrader
RKU48914.1 hypothetical protein DL546_008962 [Coniochaeta pulveracea],298,0.0191,non-degrader
RKU48304.1 hypothetical protein DL546_007791 [Coniochaeta pulveracea],191,0.0191,non-degrader
RKU48103.1 mitochondrial import receptor protein [Coniochaeta pulveracea],155,0.0191,non-degrader
RKU47160.1 hypothetical protein DL546_006971 [Coniochaeta pulveracea],278,0.0191,non-degrader
RKU45647.1 hypothetical protein DL546_003105 [Coniochaeta pulveracea],232,0.0191,non-degrader
RKU43232.1 hypothetical protein DL546_002585 [Coniochaeta pulveracea],53,0.0191,non-degrader
RKU41769.1 hypothetical protein DL546_003356 [Coniochaeta pulveracea],273,0.0191,non-degrader
RKU41582.1 hypothetical protein DL546_004607 [Coniochaeta pulveracea],267,0.0191,non-degrader
RKU44921.1 hypothetical protein DL546_003563 [Coniochaeta pulveracea],259,0.019,non-degrader
RKU47912.1 hypothetical protein DL546_009205 [Coniochaeta pulveracea],283,0.0189,non-degrader
RKU46924.1 hypothetical protein DL546_003861 [Coniochaeta pulveracea],160,0.0189,non-degrader
RKU43568.1 hypothetical protein DL546_004052 [Coniochaeta pulveracea],290,0.0189,non-degrader
RKU40284.1 hypothetical protein DL546_000635 [Coniochaeta pulveracea],165,0.0189,non-degrader
RKU49312.1 hypothetical protein DL546_009823 [Coniochaeta pulveracea],297,0.0188,non-degrader
RKU45781.1 hypothetical protein DL546_002544 [Coniochaeta pulveracea],232,0.0188,non-degrader
RKU49016.1 hypothetical protein DL546_009710 [Coniochaeta pulveracea],175,0.0187,non-degrader
RKU48641.1 hypothetical protein DL546_009151 [Coniochaeta pulveracea],300,0.0187,non-degrader
"RKU46912.1 Superoxide dismutase [Mn], mitochondrial [Coniochaeta pulveracea]",213,0.0187,non-degrader
RKU43848.1 hypothetical protein DL546_002343 [Coniochaeta pulveracea],106,0.0187,non-degrader
RKU41661.1 Non-histone chromosomal protein 6 [Coniochaeta pulveracea],102,0.0187,non-degrader
RKU41645.1 hypothetical protein DL546_002096 [Coniochaeta pulveracea],94,0.0187,non-degrader
RKU48165.1 hypothetical protein DL546_009394 [Coniochaeta pulveracea],265,0.0186,non-degrader
RKU45269.1 Mitochondrial copper homeostasis protein [Coniochaeta pulveracea],81,0.0186,non-degrader
RKU43154.1 hypothetical protein DL546_002853 [Coniochaeta pulveracea],288,0.0186,non-degrader
RKU40587.1 hypothetical protein DL546_002711 [Coniochaeta pulveracea],188,0.0186,non-degrader
RKU48663.1 TATA-box-binding protein [Coniochaeta pulveracea],255,0.0185,non-degrader
RKU46120.1 hypothetical protein DL546_006782 [Coniochaeta pulveracea],300,0.0185,non-degrader
RKU40545.1 hypothetical protein DL546_002349 [Coniochaeta pulveracea],131,0.0184,non-degrader
RKU40234.1 hypothetical protein DL546_000320 [Coniochaeta pulveracea],233,0.0184,non-degrader
RKU39898.1 hypothetical protein DL546_001740 [Coniochaeta pulveracea],103,0.0184,non-degrader
RKU47807.1 hypothetical protein DL546_007470 [Coniochaeta pulveracea],84,0.0183,non-degrader
RKU47162.1 hypothetical protein DL546_007005 [Coniochaeta pulveracea],73,0.0183,non-degrader
RKU47082.1 hypothetical protein DL546_009223 [Coniochaeta pulveracea],160,0.0183,non-degrader
RKU45840.1 tRNA-splicing endonuclease subunit [Coniochaeta pulveracea],221,0.0183,non-degrader
RKU46100.1 hypothetical protein DL546_005701 [Coniochaeta pulveracea],118,0.0182,non-degrader
RKU44177.1 hypothetical protein DL546_006883 [Coniochaeta pulveracea],157,0.0182,non-degrader
RKU42038.1 Vacuolar protein sorting-associated protein 55 [Coniochaeta pulveracea],132,0.0182,non-degrader
RKU40452.1 hypothetical protein DL546_000788 [Coniochaeta pulveracea],71,0.0182,non-degrader
RKU47391.1 hypothetical protein DL546_007304 [Coniochaeta pulveracea],165,0.0181,non-degrader
RKU46835.1 hypothetical protein DL546_007990 [Coniochaeta pulveracea],167,0.0181,non-degrader
RKU44704.1 hypothetical protein DL546_006396 [Coniochaeta pulveracea],263,0.0181,non-degrader
RKU44666.1 hypothetical protein DL546_003533 [Coniochaeta pulveracea],138,0.0181,non-degrader
RKU43525.1 adenine phosphoribosyltransferase [Coniochaeta pulveracea],207,0.0181,non-degrader
RKU41740.1 RNA-splicing factor [Coniochaeta pulveracea],174,0.0181,non-degrader
RKU41657.1 60S ribosomal protein L11 [Coniochaeta pulveracea],173,0.0181,non-degrader
RKU48907.1 hypothetical protein DL546_008856 [Coniochaeta pulveracea],163,0.018,non-degrader
"RKU47287.1 2,5-diamino-6-(ribosylamino)-4(3H)-pyrimidinone 5'-phosphate reductase [Coniochaeta pulveracea]",266,0.018,non-degrader
RKU46066.1 hypothetical protein DL546_003629 [Coniochaeta pulveracea],161,0.018,non-degrader
RKU43556.1 TRAPP subunit bet5 [Coniochaeta pulveracea],157,0.018,non-degrader
RKU42244.1 suppressor of los1-1 [Coniochaeta pulveracea],261,0.018,non-degrader
RKU43807.1 hypothetical protein DL546_006325 [Coniochaeta pulveracea],137,0.0179,non-degrader
RKU42570.1 Vacuolar-sorting protein SNF7 [Coniochaeta pulveracea],209,0.0179,non-degrader
RKU42149.1 putative 26S proteasome regulatory subunit [Coniochaeta pulveracea],227,0.0179,non-degrader
RKU40852.1 SMK killer toxin resistance protein [Coniochaeta pulveracea],161,0.0179,non-degrader
RKU48519.1 hypothetical protein DL546_006635 [Coniochaeta pulveracea],245,0.0178,non-degrader
RKU44162.1 hypothetical protein DL546_006262 [Coniochaeta pulveracea],169,0.0178,non-degrader
RKU42744.1 hypothetical protein DL546_005318 [Coniochaeta pulveracea],285,0.0178,non-degrader
RKU42110.1 hypothetical protein DL546_002429 [Coniochaeta pulveracea],295,0.0178,non-degrader
RKU40645.1 hypothetical protein DL546_000176 [Coniochaeta pulveracea],173,0.0178,non-degrader
RKU49065.1 Mediator of RNA polymerase II transcription subunit 7 [Coniochaeta pulveracea],259,0.0177,non-degrader
RKU47459.1 Translation elongation factor 1 beta [Coniochaeta pulveracea],230,0.0177,non-degrader
RKU46678.1 hypothetical protein DL546_008500 [Coniochaeta pulveracea],227,0.0177,non-degrader
RKU42916.1 hypothetical protein DL546_002732 [Coniochaeta pulveracea],224,0.0177,non-degrader
RKU41208.1 hypothetical protein DL546_003467 [Coniochaeta pulveracea],121,0.0177,non-degrader
RKU47215.1 Eukaryotic translation initiation factor 5A [Coniochaeta pulveracea],171,0.0176,non-degrader
RKU46511.1 DNA replication protein psf1 [Coniochaeta pulveracea],209,0.0176,non-degrader
RKU46460.1 hypothetical protein DL546_007531 [Coniochaeta pulveracea],281,0.0176,non-degrader
RKU45494.1 Rho GTPase protein rac1 [Coniochaeta pulveracea],199,0.0176,non-degrader
RKU44628.1 hypothetical protein DL546_007251 [Coniochaeta pulveracea],299,0.0176,non-degrader
RKU43500.1 hypothetical protein DL546_004241 [Coniochaeta pulveracea],260,0.0176,non-degrader
"RKU41090.1 putative mitochondrial protein, conserved [Coniochaeta pulveracea]",148,0.0176,non-degrader
RKU48143.1 copper chaperone [Coniochaeta pulveracea],273,0.0175,non-degrader
"RKU42612.1 putative zinc maintenance protein 1, mitochondrial [Coniochaeta pulveracea]",109,0.0175,non-degrader
RKU40651.1 hypothetical protein DL546_000729 [Coniochaeta pulveracea],183,0.0175,non-degrader
RKU49249.1 60S ribosomal protein L8B [Coniochaeta pulveracea],261,0.0174,non-degrader
RKU48774.1 DNA-directed RNA polymerases II 24 kDa polypeptide (RNA polymerase II subunit 5) [Coniochaeta pulveracea],232,0.0174,non-degrader
RKU48462.1 60S ribosomal protein L31 [Coniochaeta pulveracea],121,0.0174,non-degrader
RKU48007.1 Enzyme that catalyzes the fourth step in the histidine pathway [Coniochaeta pulveracea],258,0.0174,non-degrader
RKU44702.1 hypothetical protein DL546_006368 [Coniochaeta pulveracea],161,0.0174,non-degrader
RKU42316.1 E2-like conjugating enzyme atg10 [Coniochaeta pulveracea],204,0.0174,non-degrader
RKU41888.1 hypothetical protein DL546_004141 [Coniochaeta pulveracea],147,0.0174,non-degrader
RKU40533.1 csm1-like protein [Coniochaeta pulveracea],215,0.0174,non-degrader
RKU48670.1 hypothetical protein DL546_009428 [Coniochaeta pulveracea],203,0.0173,non-degrader
RKU47775.1 hypothetical protein DL546_006236 [Coniochaeta pulveracea],153,0.0173,non-degrader
RKU45220.1 hypothetical protein DL546_000932 [Coniochaeta pulveracea],169,0.0173,non-degrader
RKU44338.1 hypothetical protein DL546_006829 [Coniochaeta pulveracea],283,0.0173,non-degrader
RKU43406.1 hypothetical protein DL546_003204 [Coniochaeta pulveracea],279,0.0173,non-degrader
RKU40125.1 hypothetical protein DL546_000309 [Coniochaeta pulveracea],145,0.0173,non-degrader
RKU49336.1 hypothetical protein DL546_009865 [Coniochaeta pulveracea],288,0.0172,non-degrader
RKU48249.1 hypothetical protein DL546_005123 [Coniochaeta pulveracea],263,0.0172,non-degrader
RKU45739.1 hypothetical protein DL546_008117 [Coniochaeta pulveracea],104,0.0172,non-degrader
RKU44661.1 hypothetical protein DL546_003180 [Coniochaeta pulveracea],261,0.0172,non-degrader
RKU44271.1 hypothetical protein DL546_000740 [Coniochaeta pulveracea],146,0.0172,non-degrader
RKU43075.1 40S ribosomal protein S20 [Coniochaeta pulveracea],116,0.0172,non-degrader
RKU39909.1 hypothetical protein DL546_001584 [Coniochaeta pulveracea],270,0.0172,non-degrader
RKU47157.1 hypothetical protein DL546_006845 [Coniochaeta pulveracea],132,0.0171,non-degrader
RKU45419.1 suppressor of hpr1 [Coniochaeta pulveracea],127,0.0171,non-degrader
RKU43245.1 Molybdopterin synthase catalytic subunit [Coniochaeta pulveracea],164,0.0171,non-degrader
RKU42730.1 hypothetical protein DL546_004470 [Coniochaeta pulveracea],193,0.0171,non-degrader
RKU41251.1 hypothetical protein DL546_003520 [Coniochaeta pulveracea],162,0.0171,non-degrader
RKU41133.1 hypothetical protein DL546_000644 [Coniochaeta pulveracea],128,0.0171,non-degrader
RKU49063.1 hypothetical protein DL546_002818 [Coniochaeta pulveracea],255,0.017,non-degrader
RKU46840.1 hypothetical protein DL546_008082 [Coniochaeta pulveracea],149,0.017,non-degrader
RKU43938.1 hypothetical protein DL546_002207 [Coniochaeta pulveracea],136,0.017,non-degrader
RKU41438.1 hypothetical protein DL546_001072 [Coniochaeta pulveracea],78,0.017,non-degrader
RKU41387.1 hypothetical protein DL546_004401 [Coniochaeta pulveracea],137,0.017,non-degrader
RKU40263.1 hypothetical protein DL546_001450 [Coniochaeta pulveracea],195,0.017,non-degrader
RKU45448.1 hypothetical protein DL546_007379 [Coniochaeta pulveracea],136,0.0169,non-degrader
RKU43823.1 exosome non-catalytic core subunit rrp46 [Coniochaeta pulveracea],252,0.0169,non-degrader
RKU43325.1 hypothetical protein DL546_003698 [Coniochaeta pulveracea],153,0.0169,non-degrader
RKU42797.1 Proteasome subunit beta type-6 [Coniochaeta pulveracea],265,0.0169,non-degrader
RKU41662.1 hypothetical protein DL546_003530 [Coniochaeta pulveracea],232,0.0169,non-degrader
RKU48855.1 hypothetical protein DL546_007759 [Coniochaeta pulveracea],279,0.0168,non-degrader
RKU48968.1 hypothetical protein DL546_009463 [Coniochaeta pulveracea],114,0.0167,non-degrader
RKU48606.1 hypothetical protein DL546_008747 [Coniochaeta pulveracea],204,0.0167,non-degrader
RKU42392.1 hypothetical protein DL546_004065 [Coniochaeta pulveracea],240,0.0167,non-degrader
RKU46232.1 hypothetical protein DL546_004807 [Coniochaeta pulveracea],198,0.0166,non-degrader
RKU45670.1 hypothetical protein DL546_005076 [Coniochaeta pulveracea],181,0.0166,non-degrader
RKU42119.1 Proteasome subunit beta type-5 [Coniochaeta pulveracea],287,0.0166,non-degrader
RKU41829.1 hypothetical protein DL546_004469 [Coniochaeta pulveracea],282,0.0166,non-degrader
RKU40583.1 Diphthamide biosynthesis protein 4 [Coniochaeta pulveracea],197,0.0166,non-degrader
RKU46038.1 hypothetical protein DL546_000245 [Coniochaeta pulveracea],225,0.0165,non-degrader
RKU43851.1 60S ribosomal protein L36 [Coniochaeta pulveracea],107,0.0165,non-degrader
"RKU41212.1 Acyl carrier protein, mitochondrial [Coniochaeta pulveracea]",134,0.0165,non-degrader
RKU45019.1 hypothetical protein DL546_004164 [Coniochaeta pulveracea],275,0.0164,non-degrader
RKU42677.1 hypothetical protein DL546_004647 [Coniochaeta pulveracea],124,0.0164,non-degrader
RKU42125.1 hypothetical protein DL546_003958 [Coniochaeta pulveracea],179,0.0164,non-degrader
RKU42079.1 hypothetical protein DL546_004822 [Coniochaeta pulveracea],217,0.0164,non-degrader
RKU41788.1 ADP-ribosylation factor protein 3 [Coniochaeta pulveracea],213,0.0164,non-degrader
RKU45038.1 hypothetical protein DL546_005515 [Coniochaeta pulveracea],206,0.0163,non-degrader
RKU44869.1 hypothetical protein DL546_006886 [Coniochaeta pulveracea],253,0.0163,non-degrader
RKU42729.1 hypothetical protein DL546_004444 [Coniochaeta pulveracea],64,0.0163,non-degrader
RKU49667.1 hypothetical protein DL546_009769 [Coniochaeta pulveracea],96,0.0162,non-degrader
RKU49049.1 hypothetical protein DL546_000873 [Coniochaeta pulveracea],100,0.0162,non-degrader
RKU43755.1 hypothetical protein DL546_006375 [Coniochaeta pulveracea],176,0.0162,non-degrader
RKU42621.1 hypothetical protein DL546_005669 [Coniochaeta pulveracea],76,0.0162,non-degrader
RKU42234.1 COPII coat GTPase [Coniochaeta pulveracea],189,0.0162,non-degrader
"RKU41850.1 ER membrane protein DP1/Yop1, variant 2 [Coniochaeta pulveracea]",170,0.0162,non-degrader
RKU41849.1 ER membrane protein DP1/Yop1 [Coniochaeta pulveracea],170,0.0162,non-degrader
RKU49404.1 hypothetical protein DL546_005604 [Coniochaeta pulveracea],135,0.0161,non-degrader
RKU49035.1 chorismate mutase aro7 [Coniochaeta pulveracea],266,0.0161,non-degrader
RKU48164.1 hypothetical protein DL546_009394 [Coniochaeta pulveracea],238,0.0161,non-degrader
RKU44018.1 hypothetical protein DL546_003959 [Coniochaeta pulveracea],77,0.0161,non-degrader
RKU41583.1 hypothetical protein DL546_004673 [Coniochaeta pulveracea],70,0.0161,non-degrader
RKU48098.1 18S rRNA maturation protein [Coniochaeta pulveracea],281,0.016,non-degrader
RKU47365.1 ATP synthase F0 subcomplex subunit OSCP atp5 [Coniochaeta pulveracea],222,0.016,non-degrader
RKU47191.1 hypothetical protein DL546_007862 [Coniochaeta pulveracea],295,0.016,non-degrader
RKU46260.1 Signal peptidase complex catalytic subunit [Coniochaeta pulveracea],172,0.016,non-degrader
RKU42444.1 60S ribosomal subunit assembly/export protein [Coniochaeta pulveracea],194,0.016,non-degrader
RKU49385.1 hypothetical protein DL546_004415 [Coniochaeta pulveracea],150,0.0159,non-degrader
RKU48107.1 ESCRT-III subunit protein did4 [Coniochaeta pulveracea],223,0.0159,non-degrader
RKU43314.1 Vacuolar protein-sorting-associated protein 24 [Coniochaeta pulveracea],229,0.0159,non-degrader
RKU43123.1 hypothetical protein DL546_006120 [Coniochaeta pulveracea],236,0.0159,non-degrader
RKU41595.1 hypothetical protein DL546_000288 [Coniochaeta pulveracea],78,0.0159,non-degrader
RKU40844.1 U6 snRNA-associated Sm-like protein LSm2 [Coniochaeta pulveracea],100,0.0159,non-degrader
RKU40746.1 hypothetical protein DL546_000222 [Coniochaeta pulveracea],135,0.0159,non-degrader
RKU47905.1 hypothetical protein DL546_009140 [Coniochaeta pulveracea],282,0.0158,non-degrader
RKU47172.1 mitochondrial membrane protein [Coniochaeta pulveracea],153,0.0158,non-degrader
RKU40658.1 hypothetical protein DL546_001603 [Coniochaeta pulveracea],99,0.0158,non-degrader
RKU49248.1 hypothetical protein DL546_009628 [Coniochaeta pulveracea],236,0.0157,non-degrader
RKU46778.1 hypothetical protein DL546_006215 [Coniochaeta pulveracea],168,0.0157,non-degrader
RKU46491.1 hypothetical protein DL546_008284 [Coniochaeta pulveracea],183,0.0157,non-degrader
RKU43906.1 hypothetical protein DL546_006786 [Coniochaeta pulveracea],160,0.0157,non-degrader
RKU46170.1 hypothetical protein DL546_008326 [Coniochaeta pulveracea],172,0.0156,non-degrader
"RKU45549.1 SNAP receptor, synaptobrevin [Coniochaeta pulveracea]",118,0.0156,non-degrader
RKU45066.1 hypothetical protein DL546_007211 [Coniochaeta pulveracea],229,0.0156,non-degrader
RKU43255.1 60S ribosomal protein L24 [Coniochaeta pulveracea],158,0.0156,non-degrader
RKU42824.1 proteasome core particle subunit beta 2 [Coniochaeta pulveracea],271,0.0156,non-degrader
"RKU42787.1 U4/U6-U5 snRNP complex subunit lsm6, variant 2 [Coniochaeta pulveracea]",106,0.0156,non-degrader
RKU42650.1 hypothetical protein DL546_002176 [Coniochaeta pulveracea],150,0.0156,non-degrader
RKU41760.1 hypothetical protein DL546_002696 [Coniochaeta pulveracea],120,0.0156,non-degrader
RKU41459.1 hypothetical protein DL546_002749 [Coniochaeta pulveracea],253,0.0156,non-degrader
RKU47898.1 hypothetical protein DL546_009019 [Coniochaeta pulveracea],110,0.0155,non-degrader
RKU47804.1 hypothetical protein DL546_007361 [Coniochaeta pulveracea],158,0.0155,non-degrader
RKU43926.1 hypothetical protein DL546_001070 [Coniochaeta pulveracea],95,0.0155,non-degrader
RKU41636.1 hypothetical protein DL546_001194 [Coniochaeta pulveracea],203,0.0155,non-degrader
RKU47400.1 Vacuolar protein sorting-associated protein 29 [Coniochaeta pulveracea],201,0.0154,non-degrader
RKU46859.1 hypothetical protein DL546_008513 [Coniochaeta pulveracea],156,0.0154,non-degrader
RKU46777.1 ubiquitinyl hydrolase 1 [Coniochaeta pulveracea],252,0.0154,non-degrader
RKU45057.1 isopentenyl-diphosphate delta-isomerase idi1 [Coniochaeta pulveracea],254,0.0154,non-degrader
RKU43486.1 phosphatidylinositol transfer protein csr1 [Coniochaeta pulveracea],236,0.0154,non-degrader
RKU42342.1 hypothetical protein DL546_005506 [Coniochaeta pulveracea],242,0.0154,non-degrader
RKU49153.1 hypothetical protein DL546_008328 [Coniochaeta pulveracea],282,0.0153,non-degrader
RKU46969.1 hypothetical protein DL546_006695 [Coniochaeta pulveracea],267,0.0153,non-degrader
RKU46628.1 cytoplasmic RNA-binding protein [Coniochaeta pulveracea],119,0.0153,non-degrader
RKU46237.1 hypothetical protein DL546_005233 [Coniochaeta pulveracea],84,0.0153,non-degrader
RKU44231.1 ribosomal 40S subunit protein S18B [Coniochaeta pulveracea],156,0.0153,non-degrader
RKU43610.1 hypothetical protein DL546_000643 [Coniochaeta pulveracea],145,0.0153,non-degrader
RKU43381.1 Glucose-repressible protein [Coniochaeta pulveracea],71,0.0153,non-degrader
RKU42619.1 hypothetical protein DL546_005600 [Coniochaeta pulveracea],239,0.0153,non-degrader
"RKU41010.1 1,2-dihydroxy-3-keto-5-methylthiopentene dioxygenase, variant 2 [Coniochaeta pulveracea]",210,0.0153,non-degrader
RKU46801.1 hypothetical protein DL546_007150 [Coniochaeta pulveracea],281,0.0152,non-degrader
"RKU43513.1 membrane anchor subunit of succinate dehydrogenase, Sdh4 [Coniochaeta pulveracea]",169,0.0152,non-degrader
RKU49412.1 E2 SUMO-conjugating protein ubc9 [Coniochaeta pulveracea],157,0.0151,non-degrader
RKU48956.1 hypothetical protein DL546_009406 [Coniochaeta pulveracea],124,0.0151,non-degrader
RKU48110.1 hypothetical protein DL546_008908 [Coniochaeta pulveracea],226,0.0151,non-degrader
RKU47053.1 hypothetical protein DL546_008808 [Coniochaeta pulveracea],197,0.015,non-degrader
RKU44626.1 hypothetical protein DL546_007161 [Coniochaeta pulveracea],124,0.015,non-degrader
"RKU44088.1 hypothetical protein DL546_007380, partial [Coniochaeta pulveracea]",106,0.015,non-degrader
RKU41910.1 hypothetical protein DL546_005543 [Coniochaeta pulveracea],186,0.015,non-degrader
RKU41805.1 hypothetical protein DL546_002412 [Coniochaeta pulveracea],271,0.015,non-degrader
RKU41331.1 hypothetical protein DL546_003700 [Coniochaeta pulveracea],101,0.015,non-degrader
RKU40389.1 Translation machinery-associated protein 22 [Coniochaeta pulveracea],200,0.015,non-degrader
RKU45699.1 plasma membrane proteolipid Pmp3 [Coniochaeta pulveracea],57,0.0149,non-degrader
RKU39973.1 hypothetical protein DL546_001003 [Coniochaeta pulveracea],266,0.0149,non-degrader
RKU44468.1 hypothetical protein DL546_002459 [Coniochaeta pulveracea],206,0.0148,non-degrader
RKU41693.1 multicopy suppressor of ts gsp1 [Coniochaeta pulveracea],197,0.0148,non-degrader
RKU39822.1 hypothetical protein DL546_000911 [Coniochaeta pulveracea],204,0.0148,non-degrader
RKU45184.1 Arf GTPase arl1 [Coniochaeta pulveracea],180,0.0147,non-degrader
RKU43068.1 hypothetical protein DL546_001028 [Coniochaeta pulveracea],251,0.0147,non-degrader
RKU42878.1 hypothetical protein DL546_005581 [Coniochaeta pulveracea],80,0.0147,non-degrader
RKU45862.1 GTP-binding protein [Coniochaeta pulveracea],201,0.0146,non-degrader
RKU44308.1 hypothetical protein DL546_004999 [Coniochaeta pulveracea],204,0.0146,non-degrader
RKU43432.1 hypothetical protein DL546_005761 [Coniochaeta pulveracea],221,0.0146,non-degrader
RKU41832.1 hypothetical protein DL546_004611 [Coniochaeta pulveracea],183,0.0146,non-degrader
RKU40685.1 hypothetical protein DL546_000556 [Coniochaeta pulveracea],229,0.0146,non-degrader
RKU49508.1 hypothetical protein DL546_008671 [Coniochaeta pulveracea],219,0.0145,non-degrader
RKU49036.1 Mss4p nuclear export [Coniochaeta pulveracea],283,0.0145,non-degrader
RKU47688.1 translation machinery-associated protein 20 [Coniochaeta pulveracea],198,0.0145,non-degrader
RKU44509.1 hypothetical protein DL546_005896 [Coniochaeta pulveracea],287,0.0145,non-degrader
RKU40323.1 hypothetical protein DL546_002871 [Coniochaeta pulveracea],143,0.0145,non-degrader
RKU46573.1 hypothetical protein DL546_004475 [Coniochaeta pulveracea],95,0.0144,non-degrader
RKU45075.1 hypothetical protein DL546_007471 [Coniochaeta pulveracea],128,0.0144,non-degrader
RKU40182.1 hypothetical protein DL546_001511 [Coniochaeta pulveracea],103,0.0144,non-degrader
RKU39968.1 hypothetical protein DL546_000523 [Coniochaeta pulveracea],210,0.0144,non-degrader
RKU46829.1 hypothetical protein DL546_007899 [Coniochaeta pulveracea],252,0.0143,non-degrader
RKU46476.1 atp4 subunit B of the stator stalk of mitochondrial F1F0 ATP synthase [Coniochaeta pulveracea],241,0.0143,non-degrader
RKU43970.1 hypothetical protein DL546_004825 [Coniochaeta pulveracea],248,0.0143,non-degrader
RKU39876.1 H/ACA snoRNP pseudouridylase subunit [Coniochaeta pulveracea],223,0.0143,non-degrader
RKU48227.1 40S ribosomal protein S21 [Coniochaeta pulveracea],87,0.0142,non-degrader
RKU45194.1 Peptidyl-prolyl cis-trans isomerase pin4 [Coniochaeta pulveracea],128,0.0142,non-degrader
RKU40202.1 Mitotic spindle checkpoint component mad2 [Coniochaeta pulveracea],231,0.0142,non-degrader
RKU45077.1 hypothetical protein DL546_007536 [Coniochaeta pulveracea],250,0.0141,non-degrader
RKU43931.1 hypothetical protein DL546_001546 [Coniochaeta pulveracea],120,0.0141,non-degrader
RKU43155.1 hypothetical protein DL546_002907 [Coniochaeta pulveracea],271,0.0141,non-degrader
RKU46388.1 hypothetical protein DL546_004539 [Coniochaeta pulveracea],216,0.014,non-degrader
RKU43191.1 hypothetical protein DL546_005332 [Coniochaeta pulveracea],88,0.014,non-degrader
RKU44068.1 putative DNA helicase ino80 [Coniochaeta pulveracea],61,0.0139,non-degrader
RKU43142.1 hypothetical protein DL546_000979 [Coniochaeta pulveracea],300,0.0139,non-degrader
RKU42924.1 Diphthamide biosynthesis protein 3 [Coniochaeta pulveracea],91,0.0139,non-degrader
RKU48999.1 H(+)-transporting V0 sector ATPase subunit c'' [Coniochaeta pulveracea],199,0.0138,non-degrader
RKU47715.1 hypothetical protein DL546_000765 [Coniochaeta pulveracea],293,0.0138,non-degrader
RKU45861.1 palmitoyltransferase [Coniochaeta pulveracea],197,0.0138,non-degrader
RKU45803.1 hypothetical protein DL546_005325 [Coniochaeta pulveracea],205,0.0138,non-degrader
RKU44117.1 hypothetical protein DL546_003032 [Coniochaeta pulveracea],136,0.0138,non-degrader
RKU43623.1 hypothetical protein DL546_003290 [Coniochaeta pulveracea],147,0.0138,non-degrader
RKU44071.1 hypothetical protein DL546_006756 [Coniochaeta pulveracea],210,0.0137,non-degrader
RKU42143.1 60S ribosomal protein L35 [Coniochaeta pulveracea],126,0.0137,non-degrader
RKU42077.1 type I protein arginine N-methyltransferase Rmt1 [Coniochaeta pulveracea],127,0.0137,non-degrader
RKU45935.1 translation elongation factor EF1B gamma [Coniochaeta pulveracea],149,0.0136,non-degrader
RKU42478.1 hypothetical protein DL546_005530 [Coniochaeta pulveracea],205,0.0136,non-degrader
RKU39739.1 hypothetical protein DL546_000167 [Coniochaeta pulveracea],114,0.0136,non-degrader
RKU49436.1 hypothetical protein DL546_006938 [Coniochaeta pulveracea],169,0.0135,non-degrader
RKU46775.1 hypothetical protein DL546_006117 [Coniochaeta pulveracea],235,0.0135,non-degrader
RKU45404.1 hypothetical protein DL546_005202 [Coniochaeta pulveracea],105,0.0135,non-degrader
RKU40301.1 40S ribosomal protein S16 [Coniochaeta pulveracea],144,0.0135,non-degrader
RKU39787.1 Translation initiation factor 1A [Coniochaeta pulveracea],119,0.0135,non-degrader
RKU47859.1 hypothetical protein DL546_008530 [Coniochaeta pulveracea],135,0.0134,non-degrader
RKU42397.1 hypothetical protein DL546_004514 [Coniochaeta pulveracea],122,0.0134,non-degrader
RKU41061.1 hypothetical protein DL546_001533 [Coniochaeta pulveracea],124,0.0134,non-degrader
RKU49311.1 hypothetical protein DL546_009822 [Coniochaeta pulveracea],185,0.0133,non-degrader
RKU43213.1 Rho GTPase [Coniochaeta pulveracea],205,0.0133,non-degrader
RKU42780.1 hypothetical protein DL546_002506 [Coniochaeta pulveracea],91,0.0133,non-degrader
RKU39718.1 Mitochondrial distribution and morphology protein 35 [Coniochaeta pulveracea],83,0.0133,non-degrader
RKU46843.1 NADH:ubiquinone oxidoreductase 21kD subunit [Coniochaeta pulveracea],201,0.0132,non-degrader
RKU45603.1 Ubiquitin-40S ribosomal protein S27a [Coniochaeta pulveracea],154,0.0132,non-degrader
RKU44398.1 hypothetical protein DL546_004969 [Coniochaeta pulveracea],298,0.0132,non-degrader
RKU41694.1 hit protein 1 [Coniochaeta pulveracea],137,0.0132,non-degrader
RKU41276.1 hypothetical protein DL546_000589 [Coniochaeta pulveracea],119,0.0132,non-degrader
RKU45945.1 hypothetical protein DL546_004337 [Coniochaeta pulveracea],175,0.0131,non-degrader
RKU42784.1 hypothetical protein DL546_003084 [Coniochaeta pulveracea],279,0.0131,non-degrader
RKU41724.1 18S rRNA pseudouridine methyltransferase [Coniochaeta pulveracea],259,0.0131,non-degrader
RKU46844.1 hypothetical protein DL546_008154 [Coniochaeta pulveracea],279,0.013,non-degrader
RKU40580.1 hypothetical protein DL546_002289 [Coniochaeta pulveracea],99,0.013,non-degrader
RKU49230.1 hypothetical protein DL546_009549 [Coniochaeta pulveracea],148,0.0129,non-degrader
RKU46523.1 hypothetical protein DL546_008781 [Coniochaeta pulveracea],111,0.0129,non-degrader
RKU44153.1 hypothetical protein DL546_005818 [Coniochaeta pulveracea],183,0.0129,non-degrader
RKU42995.1 hypothetical protein DL546_002013 [Coniochaeta pulveracea],81,0.0129,non-degrader
RKU49038.1 Late Golgi vesicles protein [Coniochaeta pulveracea],131,0.0128,non-degrader
RKU47119.1 hypothetical protein DL546_004814 [Coniochaeta pulveracea],102,0.0128,non-degrader
RKU45511.1 v-type proton ATPase 16 kDa proteolipid subunit 2 [Coniochaeta pulveracea],162,0.0128,non-degrader
RKU42799.1 hypothetical protein DL546_004230 [Coniochaeta pulveracea],238,0.0128,non-degrader
RKU41385.1 hypothetical protein DL546_004323 [Coniochaeta pulveracea],225,0.0128,non-degrader
RKU47874.1 DNA-directed RNA polymerase II core subunit rpb9 [Coniochaeta pulveracea],137,0.0127,non-degrader
RKU47380.1 hypothetical protein DL546_006935 [Coniochaeta pulveracea],74,0.0127,non-degrader
RKU46807.1 hypothetical protein DL546_007333 [Coniochaeta pulveracea],225,0.0127,non-degrader
RKU46055.1 hypothetical protein DL546_002809 [Coniochaeta pulveracea],183,0.0127,non-degrader
RKU45145.1 Mitochondrial import inner membrane translocase subunit tim8 [Coniochaeta pulveracea],92,0.0127,non-degrader
RKU44434.1 snoRNA-binding rRNA-processing protein imp4 [Coniochaeta pulveracea],296,0.0127,non-degrader
RKU42977.1 hypothetical protein DL546_000328 [Coniochaeta pulveracea],189,0.0127,non-degrader
"RKU42317.1 E2-like conjugating enzyme atg10, variant 2 [Coniochaeta pulveracea]",245,0.0127,non-degrader
RKU41083.1 hypothetical protein DL546_003806 [Coniochaeta pulveracea],192,0.0127,non-degrader
"RKU40642.1 39S ribosomal protein L44, mitochondrial [Coniochaeta pulveracea]",98,0.0127,non-degrader
RKU48053.1 protein translocase subunit [Coniochaeta pulveracea],87,0.0126,non-degrader
RKU44945.1 hypothetical protein DL546_005774 [Coniochaeta pulveracea],154,0.0126,non-degrader
RKU43183.1 hypothetical protein DL546_004919 [Coniochaeta pulveracea],225,0.0126,non-degrader
RKU41015.1 Mitochondrial inner membrane organizing system component [Coniochaeta pulveracea],89,0.0126,non-degrader
RKU46151.1 hypothetical protein DL546_007751 [Coniochaeta pulveracea],118,0.0125,non-degrader
RKU44416.1 ESCRT-III subunit protein snf7 [Coniochaeta pulveracea],224,0.0125,non-degrader
RKU42470.1 hypothetical protein DL546_004930 [Coniochaeta pulveracea],251,0.0125,non-degrader
RKU46617.1 RNA binding protein snu13 [Coniochaeta pulveracea],127,0.0124,non-degrader
RKU45833.1 3'-5'-exoribonuclease [Coniochaeta pulveracea],293,0.0124,non-degrader
"RKU42802.1 RNA polymerase B, variant 2 [Coniochaeta pulveracea]",166,0.0124,non-degrader
RKU39724.1 SNAP receptor [Coniochaeta pulveracea],217,0.0124,non-degrader
RKU45800.1 hypothetical protein DL546_005022 [Coniochaeta pulveracea],170,0.0123,non-degrader
RKU49543.1 hypothetical protein DL546_009099 [Coniochaeta pulveracea],131,0.0122,non-degrader
RKU48964.1 hypothetical protein DL546_009448 [Coniochaeta pulveracea],104,0.0122,non-degrader
RKU43797.1 hypothetical protein DL546_005771 [Coniochaeta pulveracea],80,0.0122,non-degrader
RKU39778.1 PX domain-containing protein ypt35 [Coniochaeta pulveracea],77,0.0122,non-degrader
RKU48149.1 60S ribosomal protein L7 [Coniochaeta pulveracea],250,0.0121,non-degrader
RKU46067.1 hypothetical protein DL546_003666 [Coniochaeta pulveracea],213,0.012,non-degrader
RKU45674.1 AP-1 adaptor complex sigma subunit Aps1 [Coniochaeta pulveracea],155,0.012,non-degrader
RKU44723.1 GTP-binding protein Rho1 [Coniochaeta pulveracea],198,0.012,non-degrader
"RKU49580.1 ADP-ribosylation factor, Arf Arf6 [Coniochaeta pulveracea]",188,0.0119,non-degrader
RKU41787.1 hypothetical protein DL546_005152 [Coniochaeta pulveracea],293,0.0119,non-degrader
RKU41264.1 TRAPP subunit [Coniochaeta pulveracea],164,0.0119,non-degrader
"RKU40133.1 37S ribosomal protein S16, mitochondrial [Coniochaeta pulveracea]",112,0.0119,non-degrader
RKU48287.1 hypothetical protein DL546_007402 [Coniochaeta pulveracea],217,0.0118,non-degrader
RKU46493.1 hypothetical protein DL546_008308 [Coniochaeta pulveracea],217,0.0118,non-degrader
RKU45041.1 ubiquitin-related modifier 1 [Coniochaeta pulveracea],110,0.0117,non-degrader
RKU42696.1 hypothetical protein DL546_005964 [Coniochaeta pulveracea],95,0.0117,non-degrader
RKU43790.1 hypothetical protein DL546_005252 [Coniochaeta pulveracea],97,0.0116,non-degrader
RKU42851.1 hypothetical protein DL546_002484 [Coniochaeta pulveracea],150,0.0116,non-degrader
RKU40332.1 Sm-like protein lsm7 [Coniochaeta pulveracea],147,0.0116,non-degrader
RKU43311.1 hypothetical protein DL546_002232 [Coniochaeta pulveracea],195,0.0115,non-degrader
RKU41673.1 hypothetical protein DL546_004728 [Coniochaeta pulveracea],266,0.0115,non-degrader
RKU48200.1 hypothetical protein DL546_000690 [Coniochaeta pulveracea],174,0.0113,non-degrader
RKU46309.1 hypothetical protein DL546_007921 [Coniochaeta pulveracea],221,0.0113,non-degrader
RKU43546.1 hypothetical protein DL546_001283 [Coniochaeta pulveracea],138,0.0113,non-degrader
RKU45967.1 UPRTase [Coniochaeta pulveracea],243,0.0112,non-degrader
RKU42919.1 hypothetical protein DL546_002983 [Coniochaeta pulveracea],190,0.0112,non-degrader
RKU49224.1 hypothetical protein DL546_009283 [Coniochaeta pulveracea],109,0.0111,non-degrader
RKU48952.1 hypothetical protein DL546_009381 [Coniochaeta pulveracea],139,0.0111,non-degrader
RKU46080.1 hypothetical protein DL546_004496 [Coniochaeta pulveracea],125,0.0111,non-degrader
RKU42719.1 hypothetical protein DL546_003567 [Coniochaeta pulveracea],108,0.0111,non-degrader
RKU39997.1 hypothetical protein DL546_001817 [Coniochaeta pulveracea],209,0.0111,non-degrader
RKU44358.1 hypothetical protein DL546_000372 [Coniochaeta pulveracea],160,0.011,non-degrader
RKU42997.1 mitochondrial import inner membrane translocase subunit TIM16 [Coniochaeta pulveracea],129,0.011,non-degrader
RKU41949.1 Calcineurin subunit B [Coniochaeta pulveracea],207,0.011,non-degrader
RKU46576.1 Proteasome subunit YC7alpha/Y8 (protease yscE subunit 7) [Coniochaeta pulveracea],254,0.0109,non-degrader
RKU44710.1 Proteasome subunit alpha type-2 [Coniochaeta pulveracea],288,0.0109,non-degrader
RKU42453.1 DNA-directed RNA polymerase II core subunit [Coniochaeta pulveracea],106,0.0109,non-degrader
RKU41437.1 hypothetical protein DL546_001030 [Coniochaeta pulveracea],135,0.0109,non-degrader
"RKU39697.1 GTP-binding protein of the rab, partial [Coniochaeta pulveracea]",61,0.0109,non-degrader
RKU46018.1 hypothetical protein DL546_008248 [Coniochaeta pulveracea],109,0.0108,non-degrader
RKU45365.1 V-ATPase V1 sector subunit E [Coniochaeta pulveracea],231,0.0108,non-degrader
RKU43608.1 ATP synthase d subunit [Coniochaeta pulveracea],173,0.0108,non-degrader
RKU43433.1 60S ribosomal protein L38 [Coniochaeta pulveracea],82,0.0108,non-degrader
RKU40621.1 hypothetical protein DL546_002941 [Coniochaeta pulveracea],183,0.0108,non-degrader
RKU49630.1 NEDD8-conjugating protein ubc12 [Coniochaeta pulveracea],183,0.0107,non-degrader
RKU48157.1 Proteasome subunit alpha type-4 [Coniochaeta pulveracea],270,0.0107,non-degrader
RKU46676.1 hypothetical protein DL546_008483 [Coniochaeta pulveracea],121,0.0107,non-degrader
RKU42461.1 hypothetical protein DL546_004128 [Coniochaeta pulveracea],109,0.0107,non-degrader
"RKU41851.1 ER membrane protein DP1/Yop1, variant 3 [Coniochaeta pulveracea]",131,0.0107,non-degrader
RKU47335.1 hypothetical protein DL546_004276 [Coniochaeta pulveracea],167,0.0106,non-degrader
RKU45774.1 RNA polymerase II mediator complex subunit [Coniochaeta pulveracea],138,0.0106,non-degrader
RKU42646.1 hypothetical protein DL546_001552 [Coniochaeta pulveracea],154,0.0106,non-degrader
RKU47452.1 hypothetical protein DL546_009013 [Coniochaeta pulveracea],215,0.0105,non-degrader
RKU42685.1 small ubiquitin-related modifier 3 [Coniochaeta pulveracea],121,0.0105,non-degrader
"RKU42705.1 subunit of tubulin prefoldin, partial [Coniochaeta pulveracea]",62,0.0104,non-degrader
RKU40391.1 hypothetical protein DL546_002406 [Coniochaeta pulveracea],299,0.0104,non-degrader
RKU45464.1 Eukaryotic translation initiation factor eIF-1 [Coniochaeta pulveracea],118,0.0101,non-degrader
RKU49571.1 hypothetical protein DL546_009355 [Coniochaeta pulveracea],228,0.01,non-degrader
RKU48533.1 Serine/threonine-protein kinase smg1 [Coniochaeta pulveracea],85,0.01,non-degrader
RKU48407.1 hypothetical protein DL546_009496 [Coniochaeta pulveracea],191,0.0099,non-degrader
RKU45388.1 hypothetical protein DL546_004117 [Coniochaeta pulveracea],161,0.0099,non-degrader
RKU41873.1 Proteasome subunit beta type-4 [Coniochaeta pulveracea],203,0.0099,non-degrader
RKU47078.1 hypothetical protein DL546_009181 [Coniochaeta pulveracea],149,0.0098,non-degrader
RKU44026.1 BAR adaptor protein Hob3 [Coniochaeta pulveracea],261,0.0098,non-degrader
RKU41747.1 triosephosphate isomerase [Coniochaeta pulveracea],250,0.0098,non-degrader
RKU41036.1 ADP-ribosylation factor-like protein 2 [Coniochaeta pulveracea],181,0.0098,non-degrader
RKU47433.1 hypothetical protein DL546_008665 [Coniochaeta pulveracea],119,0.0097,non-degrader
RKU45193.1 40S ribosomal protein S12 [Coniochaeta pulveracea],149,0.0097,non-degrader
RKU42936.1 hypothetical protein DL546_004458 [Coniochaeta pulveracea],281,0.0097,non-degrader
RKU41631.1 hypothetical protein DL546_000620 [Coniochaeta pulveracea],95,0.0097,non-degrader
RKU41183.1 regulatory particle non-ATPase [Coniochaeta pulveracea],265,0.0097,non-degrader
RKU40552.1 negative cofactor 2 transcription regulator complex subunit ncb2 [Coniochaeta pulveracea],139,0.0097,non-degrader
RKU46570.1 hypothetical protein DL546_004100 [Coniochaeta pulveracea],123,0.0096,non-degrader
RKU45474.1 hypothetical protein DL546_008040 [Coniochaeta pulveracea],114,0.0093,non-degrader
RKU45070.1 10 kDa heat shock protein [Coniochaeta pulveracea],97,0.0093,non-degrader
RKU42348.1 hypothetical protein DL546_005826 [Coniochaeta pulveracea],112,0.0093,non-degrader
RKU49390.1 hypothetical protein DL546_004888 [Coniochaeta pulveracea],189,0.0092,non-degrader
RKU48611.1 F-actin-capping protein subunit alpha [Coniochaeta pulveracea],271,0.0092,non-degrader
RKU48394.1 hypothetical protein DL546_009374 [Coniochaeta pulveracea],247,0.0092,non-degrader
RKU46613.1 hypothetical protein DL546_006895 [Coniochaeta pulveracea],244,0.0092,non-degrader
RKU45599.1 hypothetical protein DL546_007913 [Coniochaeta pulveracea],128,0.0092,non-degrader
RKU43819.1 hypothetical protein DL546_006826 [Coniochaeta pulveracea],119,0.0092,non-degrader
RKU44170.1 hypothetical protein DL546_006549 [Coniochaeta pulveracea],232,0.0091,non-degrader
RKU42786.1 U4/U6-U5 snRNP complex subunit lsm6 [Coniochaeta pulveracea],81,0.0091,non-degrader
RKU40603.1 proteasome core particle subunit beta 3 [Coniochaeta pulveracea],205,0.0091,non-degrader
RKU47689.1 hypothetical protein DL546_009244 [Coniochaeta pulveracea],81,0.009,non-degrader
RKU45500.1 hypothetical protein DL546_000800 [Coniochaeta pulveracea],135,0.009,non-degrader
RKU45227.1 hypothetical protein DL546_001596 [Coniochaeta pulveracea],121,0.009,non-degrader
RKU45186.1 E3 ubiquitin ligase complex SCF subunit scon-3 [Coniochaeta pulveracea],168,0.009,non-degrader
RKU49382.1 vacuolar transporter chaperone [Coniochaeta pulveracea],130,0.0089,non-degrader
"RKU40582.1 14-3-3 protein, variant 2 [Coniochaeta pulveracea]",264,0.0089,non-degrader
RKU40235.1 hypothetical protein DL546_000381 [Coniochaeta pulveracea],233,0.0087,non-degrader
RKU48261.1 hypothetical protein DL546_006009 [Coniochaeta pulveracea],227,0.0086,non-degrader
RKU47939.1 60S ribosomal protein L10a [Coniochaeta pulveracea],155,0.0086,non-degrader
RKU45912.1 hypothetical protein DL546_000823 [Coniochaeta pulveracea],89,0.0086,non-degrader
RKU45700.1 hypothetical protein DL546_006904 [Coniochaeta pulveracea],126,0.0085,non-degrader
RKU40071.1 hypothetical protein DL546_001908 [Coniochaeta pulveracea],221,0.0084,non-degrader
RKU49098.1 Nuclear transport factor 2 [Coniochaeta pulveracea],125,0.0083,non-degrader
RKU42452.1 RNA-binding protein lsm5 [Coniochaeta pulveracea],83,0.0083,non-degrader
RKU42301.1 hypothetical protein DL546_002413 [Coniochaeta pulveracea],272,0.0083,non-degrader
RKU40605.1 hypothetical protein DL546_001399 [Coniochaeta pulveracea],165,0.0083,non-degrader
RKU45503.1 Sec61p translocation complex subunit [Coniochaeta pulveracea],70,0.0082,non-degrader
RKU43763.1 hypothetical protein DL546_000959 [Coniochaeta pulveracea],225,0.0082,non-degrader
"RKU40186.1 proliferating cell nuclear antigen, variant 3 [Coniochaeta pulveracea]",259,0.0082,non-degrader
RKU40184.1 proliferating cell nuclear antigen [Coniochaeta pulveracea],259,0.0082,non-degrader
RKU49341.1 hypothetical protein DL546_009877 [Coniochaeta pulveracea],164,0.008,non-degrader
RKU47169.1 hypothetical protein DL546_007334 [Coniochaeta pulveracea],151,0.008,non-degrader
RKU44727.1 hypothetical protein DL546_007348 [Coniochaeta pulveracea],136,0.008,non-degrader
RKU40581.1 14-3-3 protein [Coniochaeta pulveracea],243,0.008,non-degrader
RKU49174.1 hypothetical protein DL546_008718 [Coniochaeta pulveracea],155,0.0079,non-degrader
RKU47389.1 Coiled-coil domain-containing protein 25 [Coniochaeta pulveracea],207,0.0079,non-degrader
RKU46247.1 SCF ubiquitin ligase complex subunit cdc4 [Coniochaeta pulveracea],139,0.0079,non-degrader
RKU49584.1 hypothetical protein DL546_009431 [Coniochaeta pulveracea],161,0.0078,non-degrader
RKU48971.1 40S ribosomal protein S17 [Coniochaeta pulveracea],148,0.0077,non-degrader
RKU42459.1 hypothetical protein DL546_004030 [Coniochaeta pulveracea],139,0.0077,non-degrader
RKU40606.1 hypothetical protein DL546_001579 [Coniochaeta pulveracea],117,0.0077,non-degrader
RKU47352.1 cofilin [Coniochaeta pulveracea],154,0.0076,non-degrader
RKU45492.1 hypothetical protein DL546_000175 [Coniochaeta pulveracea],175,0.0076,non-degrader
RKU44728.1 hypothetical protein DL546_007348 [Coniochaeta pulveracea],148,0.0075,non-degrader
RKU40392.1 hypothetical protein DL546_002453 [Coniochaeta pulveracea],157,0.0075,non-degrader
"RKU41243.1 delta subunit of the central stalk of mitochondrial F1F0 ATP synthase, atp16 [Coniochaeta pulveracea]",165,0.0074,non-degrader
RKU46149.1 vacuolar ATPase assembly integral membrane protein vma21 [Coniochaeta pulveracea],110,0.0072,non-degrader
RKU47917.1 enolase-phosphatase E1 [Coniochaeta pulveracea],93,0.007,non-degrader
RKU45447.1 hypothetical protein DL546_007296 [Coniochaeta pulveracea],138,0.0069,non-degrader
RKU42801.1 RNA polymerase B [Coniochaeta pulveracea],143,0.0069,non-degrader
RKU48112.1 hypothetical protein DL546_008915 [Coniochaeta pulveracea],243,0.0067,non-degrader
RKU48111.1 hypothetical protein DL546_008915 [Coniochaeta pulveracea],243,0.0067,non-degrader
RKU47843.1 hypothetical protein DL546_008269 [Coniochaeta pulveracea],292,0.0067,non-degrader
RKU42057.1 hypothetical protein DL546_002861 [Coniochaeta pulveracea],107,0.0067,non-degrader
RKU45940.1 hypothetical protein DL546_004085 [Coniochaeta pulveracea],232,0.0066,non-degrader
RKU49408.1 porin por1 [Coniochaeta pulveracea],283,0.0065,non-degrader
RKU48340.1 eukaryotic translation initiation factor 4E [Coniochaeta pulveracea],247,0.0064,non-degrader
RKU40022.1 hypothetical protein DL546_000389 [Coniochaeta pulveracea],87,0.0064,non-degrader
RKU45645.1 hypothetical protein DL546_002914 [Coniochaeta pulveracea],67,0.0063,non-degrader
RKU43455.1 mRNA splicing protein [Coniochaeta pulveracea],117,0.0061,non-degrader
RKU47317.1 Mitochondrial matrix cochaperone [Coniochaeta pulveracea],234,0.006,non-degrader
RKU49192.1 hypothetical protein DL546_008904 [Coniochaeta pulveracea],282,0.0059,non-degrader
RKU43609.1 GAL4 enhancer protein [Coniochaeta pulveracea],197,0.0059,non-degrader
RKU44782.1 hypothetical protein DL546_007007 [Coniochaeta pulveracea],76,0.0058,non-degrader
RKU48740.1 hypothetical protein DL546_001085 [Coniochaeta pulveracea],95,0.0057,non-degrader
RKU42080.1 hypothetical protein DL546_004864 [Coniochaeta pulveracea],161,0.0057,non-degrader
RKU47395.1 Vacuolar protein sorting-associated protein 20 [Coniochaeta pulveracea],207,0.0055,non-degrader
RKU47510.1 Neuronal calcium sensor 1 [Coniochaeta pulveracea],149,0.0051,non-degrader
RKU47419.1 hypothetical protein DL546_008325 [Coniochaeta pulveracea],92,0.005,non-degrader
RKU41167.1 60S acidic ribosomal protein P2 [Coniochaeta pulveracea],111,0.005,non-degrader
RKU48223.1 mRNA splicing protein sme1 [Coniochaeta pulveracea],77,0.0048,non-degrader
RKU49587.1 hypothetical protein DL546_009443 [Coniochaeta pulveracea],110,0.0046,non-degrader
RKU46909.1 U4/U6-U5 snRNP complex subunit lsm3 [Coniochaeta pulveracea],95,0.0044,non-degrader
RKU44975.1 glycine cleavage system H-protein subunit [Coniochaeta pulveracea],181,0.0044,non-degrader
RKU40192.1 hypothetical protein DL546_002344 [Coniochaeta pulveracea],201,0.004,non-degrader
RKU46766.1 hypothetical protein DL546_005342 [Coniochaeta pulveracea],158,0.0039,non-degrader
RKU49599.1 hypothetical protein DL546_009491 [Coniochaeta pulveracea],294,0.003,non-degrader
RKU46709.1 H(+)-transporting V1 sector ATPase subunit G [Coniochaeta pulveracea],115,0.0021,non-degrader
