header,sequence_length,predicted_probability,predicted_label
RKU46321.1 hypothetical protein DL546_008189 [Coniochaeta pulveracea],316,0.6692,degrader
RKU49606.1 Feruloyl esterase B [Coniochaeta pulveracea],297,0.5482,degrader
RKU47042.1 hypothetical protein DL546_008666 [Coniochaeta pulveracea],203,0.5235,degrader
RKU41222.1 hypothetical protein DL546_004788 [Coniochaeta pulveracea],136,0.5089,degrader
RKU42375.1 4-O-methyl-glucuronoyl methylesterase [Coniochaeta pulveracea],486,0.4979,non-degrader
RKU43282.1 hypothetical protein DL546_006309 [Coniochaeta pulveracea],224,0.417,non-degrader
RKU41304.1 4-O-methyl-glucuronoyl methylesterase [Coniochaeta pulveracea],214,0.3859,non-degrader
RKU40357.1 hypothetical protein DL546_001226 [Coniochaeta pulveracea],311,0.3674,non-degrader
RKU43168.1 hypothetical protein DL546_003971 [Coniochaeta pulveracea],310,0.3553,non-degrader
RKU39775.1 hypothetical protein DL546_000698 [Coniochaeta pulveracea],150,0.3234,non-degrader
RKU47721.1 hypothetical protein DL546_001338 [Coniochaeta pulveracea],541,0.3134,non-degrader
RKU46728.1 hypothetical protein DL546_002063 [Coniochaeta pulveracea],222,0.2944,non-degrader
RKU42946.1 subtilisin-like serine protease [Coniochaeta pulveracea],397,0.2808,non-degrader
RKU42241.1 hypothetical protein DL546_002727 [Coniochaeta pulveracea],483,0.269,non-degrader
RKU44087.1 hypothetical protein DL546_007347 [Coniochaeta pulveracea],326,0.2632,non-degrader
RKU48653.1 hypothetical protein DL546_009317 [Coniochaeta pulveracea],766,0.2585,non-degrader
RKU48871.1 Esterase/lipase/thioesterase [Coniochaeta pulveracea],243,0.2559,non-degrader
RKU42374.1 hypothetical protein DL546_002553 [Coniochaeta pulveracea],195,0.2548,non-degrader
RKU42510.1 hypothetical protein DL546_002369 [Coniochaeta pulveracea],371,0.2476,non-degrader
RKU45597.1 hypothetical protein DL546_007822 [Coniochaeta pulveracea],234,0.2448,non-degrader
RKU48412.1 hypothetical protein DL546_009513 [Coniochaeta pulveracea],225,0.2327,non-degrader
RKU47969.1 hypothetical protein DL546_003612 [Coniochaeta pulveracea],478,0.2285,non-degrader
RKU39994.1 hypothetical protein DL546_001592 [Coniochaeta pulveracea],261,0.2146,non-degrader
RKU46446.1 hypothetical protein DL546_006928 [Coniochaeta pulveracea],284,0.2139,non-degrader
RKU39731.1 hypothetical protein DL546_000607 [Coniochaeta pulveracea],126,0.2139,non-degrader
RKU41963.1 hypothetical protein DL546_005498 [Coniochaeta pulveracea],297,0.2133,non-degrader
"RKU41563.1 Endo-1,4-beta-xylanase 2 [Coniochaeta pulveracea]",326,0.2116,non-degrader
RKU44039.1 hypothetical protein DL546_005382 [Coniochaeta pulveracea],462,0.2108,non-degrader
RKU44515.1 hypothetical protein DL546_006321 [Coniochaeta pulveracea],450,0.21,non-degrader
RKU48715.1 hypothetical protein DL546_009650 [Coniochaeta pulveracea],227,0.2094,non-degrader
RKU41469.1 hypothetical protein DL546_003614 [Coniochaeta pulveracea],298,0.2062,non-degrader
RKU44040.1 hypothetical protein DL546_005382 [Coniochaeta pulveracea],336,0.1981,non-degrader
RKU40867.1 hypothetical protein DL546_003904 [Coniochaeta pulveracea],350,0.1949,non-degrader
RKU43749.1 hypothetical protein DL546_006140 [Coniochaeta pulveracea],370,0.1946,non-degrader
RKU46401.1 hypothetical protein DL546_005312 [Coniochaeta pulveracea],205,0.1935,non-degrader
RKU47592.1 hypothetical protein DL546_007753 [Coniochaeta pulveracea],300,0.1897,non-degrader
RKU49216.1 hypothetical protein DL546_009234 [Coniochaeta pulveracea],330,0.1896,non-degrader
RKU45309.1 Endoglucanase gh5-1 [Coniochaeta pulveracea],391,0.1868,non-degrader
RKU42666.1 hypothetical protein DL546_003702 [Coniochaeta pulveracea],649,0.1868,non-degrader
RKU40824.1 hypothetical protein DL546_002669 [Coniochaeta pulveracea],228,0.1855,non-degrader
RKU40973.1 hypothetical protein DL546_003925 [Coniochaeta pulveracea],236,0.1852,non-degrader
RKU43971.1 hypothetical protein DL546_004866 [Coniochaeta pulveracea],687,0.1831,non-degrader
RKU46276.1 hypothetical protein DL546_007018 [Coniochaeta pulveracea],481,0.1725,non-degrader
RKU45735.1 hypothetical protein DL546_008064 [Coniochaeta pulveracea],246,0.1705,non-degrader
RKU40409.1 hypothetical protein DL546_000913 [Coniochaeta pulveracea],233,0.1697,non-degrader
RKU42602.1 Mannose-6-phosphate isomerase [Coniochaeta pulveracea],410,0.1693,non-degrader
RKU43046.1 hypothetical protein DL546_006002 [Coniochaeta pulveracea],351,0.1632,non-degrader
RKU40201.1 hypothetical protein DL546_000999 [Coniochaeta pulveracea],239,0.1607,non-degrader
RKU42988.1 hypothetical protein DL546_001569 [Coniochaeta pulveracea],276,0.1599,non-degrader
RKU47171.1 hypothetical protein DL546_007434 [Coniochaeta pulveracea],511,0.1559,non-degrader
RKU49483.1 hypothetical protein DL546_008159 [Coniochaeta pulveracea],487,0.1556,non-degrader
RKU43762.1 hypothetical protein DL546_000783 [Coniochaeta pulveracea],1152,0.1553,non-degrader
RKU47034.1 hypothetical protein DL546_008586 [Coniochaeta pulveracea],480,0.152,non-degrader
RKU43902.1 iso-1-cytochrome c [Coniochaeta pulveracea],108,0.1486,non-degrader
RKU43389.1 hypothetical protein DL546_001786 [Coniochaeta pulveracea],379,0.1477,non-degrader
RKU47015.1 hypothetical protein DL546_008173 [Coniochaeta pulveracea],329,0.1446,non-degrader
RKU42600.1 hypothetical protein DL546_004580 [Coniochaeta pulveracea],279,0.1433,non-degrader
RKU43517.1 hypothetical protein DL546_005697 [Coniochaeta pulveracea],312,0.1429,non-degrader
RKU49150.1 hypothetical protein DL546_008267 [Coniochaeta pulveracea],607,0.1391,non-degrader
RKU43104.1 hypothetical protein DL546_004170 [Coniochaeta pulveracea],563,0.1359,non-degrader
RKU47069.1 hypothetical protein DL546_009063 [Coniochaeta pulveracea],429,0.1347,non-degrader
RKU43064.1 hypothetical protein DL546_000653 [Coniochaeta pulveracea],147,0.1343,non-degrader
RKU46439.1 hypothetical protein DL546_006773 [Coniochaeta pulveracea],342,0.1342,non-degrader
RKU39901.1 glycoside hydrolase 3 [Coniochaeta pulveracea],792,0.1342,non-degrader
RKU41689.1 hypothetical protein DL546_000858 [Coniochaeta pulveracea],357,0.1333,non-degrader
RKU47927.1 hypothetical protein DL546_009352 [Coniochaeta pulveracea],148,0.1331,non-degrader
RKU39698.1 hypothetical protein DL546_000071 [Coniochaeta pulveracea],272,0.133,non-degrader
RKU44776.1 hypothetical protein DL546_006784 [Coniochaeta pulveracea],353,0.1309,non-degrader
RKU47052.1 hypothetical protein DL546_008799 [Coniochaeta pulveracea],311,0.1308,non-degrader
RKU41601.1 hypothetical protein DL546_001086 [Coniochaeta pulveracea],426,0.1298,non-degrader
RKU45580.1 hypothetical protein DL546_007411 [Coniochaeta pulveracea],321,0.128,non-degrader
RKU45211.1 hypothetical protein DL546_008237 [Coniochaeta pulveracea],731,0.127,non-degrader
RKU49286.1 hypothetical protein DL546_009754 [Coniochaeta pulveracea],363,0.1265,non-degrader
RKU45574.1 hypothetical protein DL546_007148 [Coniochaeta pulveracea],170,0.1251,non-degrader
RKU48414.1 hypothetical protein DL546_009520 [Coniochaeta pulveracea],286,0.1242,non-degrader
RKU47869.1 hypothetical protein DL546_008668 [Coniochaeta pulveracea],248,0.1236,non-degrader
"RKU47577.1 Endo-1,6-beta-D-glucanase neg1 [Coniochaeta pulveracea]",481,0.1234,non-degrader
RKU40078.1 Endoglucanase-5 [Coniochaeta pulveracea],170,0.1204,non-degrader
RKU43438.1 hypothetical protein DL546_005897 [Coniochaeta pulveracea],298,0.1175,non-degrader
RKU44010.1 Alpha-L-arabinofuranosidase axhA-2 [Coniochaeta pulveracea],329,0.1169,non-degrader
RKU42405.1 hypothetical protein DL546_004986 [Coniochaeta pulveracea],232,0.1167,non-degrader
RKU41415.1 hypothetical protein DL546_003233 [Coniochaeta pulveracea],531,0.1167,non-degrader
RKU47518.1 hypothetical protein DL546_004503 [Coniochaeta pulveracea],623,0.1162,non-degrader
RKU46001.1 hypothetical protein DL546_007721 [Coniochaeta pulveracea],611,0.1157,non-degrader
RKU48600.1 hypothetical protein DL546_008640 [Coniochaeta pulveracea],498,0.1148,non-degrader
RKU40838.1 hypothetical protein DL546_004017 [Coniochaeta pulveracea],278,0.1146,non-degrader
RKU39999.1 Chitinase 1 [Coniochaeta pulveracea],410,0.1142,non-degrader
RKU40825.1 hypothetical protein DL546_002739 [Coniochaeta pulveracea],226,0.114,non-degrader
RKU47036.1 hypothetical protein DL546_008611 [Coniochaeta pulveracea],342,0.1136,non-degrader
RKU44845.1 hypothetical protein DL546_005064 [Coniochaeta pulveracea],236,0.1134,non-degrader
RKU42395.1 Endochitinase 42 [Coniochaeta pulveracea],420,0.1133,non-degrader
RKU43437.1 hypothetical protein DL546_005897 [Coniochaeta pulveracea],336,0.1122,non-degrader
RKU41311.1 hypothetical protein DL546_004020 [Coniochaeta pulveracea],419,0.1122,non-degrader
RKU41785.1 hypothetical protein DL546_005043 [Coniochaeta pulveracea],339,0.1114,non-degrader
RKU40104.1 Endochitinase 1 [Coniochaeta pulveracea],542,0.111,non-degrader
RKU40991.1 Polygalacturonase 1 [Coniochaeta pulveracea],359,0.11,non-degrader
RKU46375.1 Type I transmembrane sorting receptor [Coniochaeta pulveracea],414,0.1091,non-degrader
RKU47571.1 hypothetical protein DL546_007163 [Coniochaeta pulveracea],233,0.1074,non-degrader
RKU43173.1 hypothetical protein DL546_004308 [Coniochaeta pulveracea],361,0.1074,non-degrader
RKU47787.1 hypothetical protein DL546_006714 [Coniochaeta pulveracea],252,0.107,non-degrader
RKU49180.1 1 carbohydrate esterase [Coniochaeta pulveracea],339,0.1055,non-degrader
RKU40127.1 hypothetical protein DL546_000534 [Coniochaeta pulveracea],324,0.1046,non-degrader
RKU47864.1 hypothetical protein DL546_008627 [Coniochaeta pulveracea],518,0.1036,non-degrader
RKU40548.1 hypothetical protein DL546_002638 [Coniochaeta pulveracea],246,0.1027,non-degrader
RKU48017.1 hypothetical protein DL546_006949 [Coniochaeta pulveracea],317,0.102,non-degrader
RKU43223.1 hypothetical protein DL546_001779 [Coniochaeta pulveracea],771,0.1018,non-degrader
RKU42576.1 hypothetical protein DL546_002863 [Coniochaeta pulveracea],280,0.1016,non-degrader
RKU46894.1 hypothetical protein DL546_000576 [Coniochaeta pulveracea],206,0.1015,non-degrader
RKU49529.1 hypothetical protein DL546_008940 [Coniochaeta pulveracea],423,0.1006,non-degrader
RKU47068.1 Endoglucanase EG-II [Coniochaeta pulveracea],428,0.0997,non-degrader
RKU46390.1 hypothetical protein DL546_004639 [Coniochaeta pulveracea],527,0.098,non-degrader
RKU45804.1 hypothetical protein DL546_005381 [Coniochaeta pulveracea],171,0.0978,non-degrader
RKU45210.1 hypothetical protein DL546_008237 [Coniochaeta pulveracea],827,0.0972,non-degrader
RKU49600.1 hypothetical protein DL546_009495 [Coniochaeta pulveracea],912,0.097,non-degrader
RKU41098.1 hypothetical protein DL546_000907 [Coniochaeta pulveracea],220,0.0964,non-degrader
RKU40990.1 hypothetical protein DL546_002917 [Coniochaeta pulveracea],667,0.0955,non-degrader
RKU46633.1 hypothetical protein DL546_007495 [Coniochaeta pulveracea],685,0.0949,non-degrader
RKU44249.1 hypothetical protein DL546_006643 [Coniochaeta pulveracea],260,0.0946,non-degrader
RKU46522.1 hypothetical protein DL546_008769 [Coniochaeta pulveracea],420,0.093,non-degrader
RKU49281.1 Xyloglucanase [Coniochaeta pulveracea],843,0.0924,non-degrader
RKU49142.1 hypothetical protein DL546_008127 [Coniochaeta pulveracea],281,0.0922,non-degrader
RKU44280.1 hypothetical protein DL546_001629 [Coniochaeta pulveracea],475,0.0897,non-degrader
"RKU48148.1 ribosomal protein S14, S11 [Coniochaeta pulveracea]",150,0.0894,non-degrader
RKU49185.1 hypothetical protein DL546_008836 [Coniochaeta pulveracea],257,0.0884,non-degrader
RKU40964.1 glycoside hydrolase 61 [Coniochaeta pulveracea],365,0.0879,non-degrader
RKU40634.1 hypothetical protein DL546_001605 [Coniochaeta pulveracea],426,0.0877,non-degrader
RKU44892.1 hypothetical protein DL546_007717 [Coniochaeta pulveracea],579,0.0876,non-degrader
RKU43399.1 hypothetical protein DL546_002643 [Coniochaeta pulveracea],527,0.0876,non-degrader
RKU39784.1 hypothetical protein DL546_000605 [Coniochaeta pulveracea],195,0.0876,non-degrader
"RKU47084.1 Endo-1,4-beta-xylanase 2 [Coniochaeta pulveracea]",327,0.0858,non-degrader
RKU43730.1 Basic amino-acid permease [Coniochaeta pulveracea],458,0.0855,non-degrader
RKU42307.1 hypothetical protein DL546_003039 [Coniochaeta pulveracea],1150,0.0852,non-degrader
"RKU39694.1 hypothetical protein DL546_000009, partial [Coniochaeta pulveracea]",193,0.0849,non-degrader
RKU40102.1 hypothetical protein DL546_002296 [Coniochaeta pulveracea],391,0.0848,non-degrader
RKU43141.1 hypothetical protein DL546_000856 [Coniochaeta pulveracea],248,0.0846,non-degrader
RKU43160.1 hypothetical protein DL546_003338 [Coniochaeta pulveracea],136,0.0845,non-degrader
RKU41830.1 hypothetical protein DL546_004523 [Coniochaeta pulveracea],164,0.084,non-degrader
"RKU39691.1 Dihydrolipoyl dehydrogenase 3, partial [Coniochaeta pulveracea]",99,0.0837,non-degrader
RKU42511.1 hypothetical protein DL546_002441 [Coniochaeta pulveracea],445,0.0828,non-degrader
RKU45321.1 hypothetical protein DL546_007422 [Coniochaeta pulveracea],424,0.0812,non-degrader
RKU48833.1 hypothetical protein DL546_007234 [Coniochaeta pulveracea],341,0.0804,non-degrader
RKU43077.1 hypothetical protein DL546_001831 [Coniochaeta pulveracea],436,0.0797,non-degrader
RKU42306.1 hypothetical protein DL546_003039 [Coniochaeta pulveracea],1217,0.0789,non-degrader
RKU44056.1 hypothetical protein DL546_006069 [Coniochaeta pulveracea],103,0.0778,non-degrader
RKU39732.1 hypothetical protein DL546_000684 [Coniochaeta pulveracea],238,0.0776,non-degrader
RKU40636.1 hypothetical protein DL546_002145 [Coniochaeta pulveracea],312,0.0759,non-degrader
RKU44370.1 hypothetical protein DL546_002709 [Coniochaeta pulveracea],532,0.0756,non-degrader
RKU43390.1 hypothetical protein DL546_001868 [Coniochaeta pulveracea],844,0.0756,non-degrader
RKU44074.1 hypothetical protein DL546_006880 [Coniochaeta pulveracea],974,0.0752,non-degrader
RKU39751.1 hypothetical protein DL546_000348 [Coniochaeta pulveracea],347,0.0752,non-degrader
RKU47842.1 hypothetical protein DL546_008257 [Coniochaeta pulveracea],265,0.0748,non-degrader
RKU41180.1 hypothetical protein DL546_000067 [Coniochaeta pulveracea],409,0.0748,non-degrader
RKU40993.1 hypothetical protein DL546_003199 [Coniochaeta pulveracea],250,0.0748,non-degrader
RKU45379.1 hypothetical protein DL546_003353 [Coniochaeta pulveracea],562,0.0746,non-degrader
RKU45348.1 hypothetical protein DL546_008070 [Coniochaeta pulveracea],363,0.0736,non-degrader
RKU42966.1 Histone H4 [Coniochaeta pulveracea],103,0.0732,non-degrader
RKU41265.1 Histone H4 [Coniochaeta pulveracea],103,0.0732,non-degrader
RKU41274.1 hypothetical protein DL546_000342 [Coniochaeta pulveracea],540,0.0727,non-degrader
RKU41282.1 hypothetical protein DL546_001245 [Coniochaeta pulveracea],382,0.0725,non-degrader
RKU42770.1 hypothetical protein DL546_001095 [Coniochaeta pulveracea],433,0.0722,non-degrader
RKU46451.1 hypothetical protein DL546_007215 [Coniochaeta pulveracea],240,0.0721,non-degrader
RKU46644.1 hypothetical protein DL546_007845 [Coniochaeta pulveracea],530,0.072,non-degrader
RKU41179.1 hypothetical protein DL546_000067 [Coniochaeta pulveracea],557,0.0714,non-degrader
RKU49161.1 hypothetical protein DL546_008494 [Coniochaeta pulveracea],482,0.0712,non-degrader
RKU44107.1 hypothetical protein DL546_002340 [Coniochaeta pulveracea],707,0.071,non-degrader
RKU49284.1 hypothetical protein DL546_009747 [Coniochaeta pulveracea],375,0.0709,non-degrader
RKU40429.1 hypothetical protein DL546_003161 [Coniochaeta pulveracea],473,0.0707,non-degrader
RKU48860.1 hypothetical protein DL546_007991 [Coniochaeta pulveracea],399,0.0704,non-degrader
RKU40644.1 hypothetical protein DL546_000117 [Coniochaeta pulveracea],581,0.0702,non-degrader
RKU40820.1 hypothetical protein DL546_002065 [Coniochaeta pulveracea],551,0.0701,non-degrader
RKU45134.1 hypothetical protein DL546_004407 [Coniochaeta pulveracea],250,0.0699,non-degrader
RKU42169.1 hypothetical protein DL546_001884 [Coniochaeta pulveracea],460,0.0693,non-degrader
RKU44544.1 hypothetical protein DL546_000754 [Coniochaeta pulveracea],774,0.069,non-degrader
RKU48197.1 hypothetical protein DL546_000366 [Coniochaeta pulveracea],319,0.0688,non-degrader
RKU41767.1 hypothetical protein DL546_003153 [Coniochaeta pulveracea],993,0.0687,non-degrader
RKU41531.1 hypothetical protein DL546_005122 [Coniochaeta pulveracea],595,0.0682,non-degrader
RKU45280.1 hypothetical protein DL546_005932 [Coniochaeta pulveracea],627,0.0679,non-degrader
RKU42999.1 hypothetical protein DL546_002353 [Coniochaeta pulveracea],288,0.0677,non-degrader
RKU40008.1 hypothetical protein DL546_000716 [Coniochaeta pulveracea],159,0.0675,non-degrader
RKU40431.1 hypothetical protein DL546_002210 [Coniochaeta pulveracea],337,0.0673,non-degrader
RKU45684.1 hypothetical protein DL546_006144 [Coniochaeta pulveracea],439,0.0668,non-degrader
RKU44108.1 hypothetical protein DL546_002340 [Coniochaeta pulveracea],715,0.0667,non-degrader
RKU44148.1 40S ribosomal protein S19 [Coniochaeta pulveracea],151,0.0663,non-degrader
RKU47596.1 conidiation-specific expression protein [Coniochaeta pulveracea],86,0.0662,non-degrader
RKU44044.1 hypothetical protein DL546_005549 [Coniochaeta pulveracea],635,0.0662,non-degrader
RKU45903.1 hypothetical protein DL546_008585 [Coniochaeta pulveracea],387,0.0661,non-degrader
RKU47004.1 hypothetical protein DL546_007877 [Coniochaeta pulveracea],595,0.066,non-degrader
RKU48613.1 hypothetical protein DL546_008806 [Coniochaeta pulveracea],564,0.0656,non-degrader
RKU47040.1 hypothetical protein DL546_008646 [Coniochaeta pulveracea],276,0.0655,non-degrader
RKU40198.1 Endoglucanase EG-II [Coniochaeta pulveracea],138,0.0646,non-degrader
RKU43683.1 hypothetical protein DL546_000166 [Coniochaeta pulveracea],164,0.0644,non-degrader
RKU49440.1 hypothetical protein DL546_007061 [Coniochaeta pulveracea],627,0.0642,non-degrader
RKU41564.1 hypothetical protein DL546_003697 [Coniochaeta pulveracea],263,0.0641,non-degrader
RKU48973.1 hypothetical protein DL546_009484 [Coniochaeta pulveracea],103,0.0638,non-degrader
RKU41084.1 hypothetical protein DL546_003867 [Coniochaeta pulveracea],466,0.0637,non-degrader
RKU47194.1 hypothetical protein DL546_007905 [Coniochaeta pulveracea],232,0.0634,non-degrader
RKU45296.1 hypothetical protein DL546_006586 [Coniochaeta pulveracea],195,0.0634,non-degrader
RKU46353.1 hypothetical protein DL546_001713 [Coniochaeta pulveracea],263,0.0631,non-degrader
RKU43101.1 hypothetical protein DL546_004024 [Coniochaeta pulveracea],444,0.0629,non-degrader
RKU41468.1 hypothetical protein DL546_003534 [Coniochaeta pulveracea],582,0.0626,non-degrader
RKU40962.1 hypothetical protein DL546_003097 [Coniochaeta pulveracea],221,0.0625,non-degrader
RKU49079.1 hypothetical protein DL546_004542 [Coniochaeta pulveracea],122,0.0622,non-degrader
RKU42830.1 hypothetical protein DL546_006463 [Coniochaeta pulveracea],417,0.0618,non-degrader
RKU48493.1 hypothetical protein DL546_005365 [Coniochaeta pulveracea],493,0.0617,non-degrader
RKU46280.1 hypothetical protein DL546_007096 [Coniochaeta pulveracea],815,0.0615,non-degrader
RKU43520.1 hypothetical protein DL546_006156 [Coniochaeta pulveracea],91,0.0614,non-degrader
RKU41356.1 hypothetical protein DL546_001935 [Coniochaeta pulveracea],330,0.0613,non-degrader
RKU45273.1 hypothetical protein DL546_005502 [Coniochaeta pulveracea],852,0.061,non-degrader
RKU47350.1 hypothetical protein DL546_005340 [Coniochaeta pulveracea],700,0.0608,non-degrader
RKU48993.1 hypothetical protein DL546_009631 [Coniochaeta pulveracea],343,0.0607,non-degrader
RKU43156.1 hypothetical protein DL546_002966 [Coniochaeta pulveracea],294,0.0607,non-degrader
RKU48386.1 hypothetical protein DL546_009238 [Coniochaeta pulveracea],208,0.0601,non-degrader
RKU43640.1 hypothetical protein DL546_004893 [Coniochaeta pulveracea],1002,0.0599,non-degrader
RKU46060.1 hypothetical protein DL546_003111 [Coniochaeta pulveracea],130,0.0597,non-degrader
RKU40173.1 hypothetical protein DL546_000524 [Coniochaeta pulveracea],469,0.0597,non-degrader
RKU44823.1 Alpha-glucosidase 2 [Coniochaeta pulveracea],538,0.0595,non-degrader
RKU44096.1 hypothetical protein DL546_001125 [Coniochaeta pulveracea],287,0.0595,non-degrader
RKU41400.1 terpene cyclase [Coniochaeta pulveracea],348,0.0589,non-degrader
RKU48815.1 hypothetical protein DL546_006653 [Coniochaeta pulveracea],231,0.0583,non-degrader
RKU45520.1 hypothetical protein DL546_003216 [Coniochaeta pulveracea],437,0.0583,non-degrader
RKU47967.1 hypothetical protein DL546_003500 [Coniochaeta pulveracea],561,0.0578,non-degrader
RKU42575.1 hypothetical protein DL546_002762 [Coniochaeta pulveracea],396,0.0574,non-degrader
RKU45085.1 FK506-binding protein 1 [Coniochaeta pulveracea],149,0.0567,non-degrader
RKU40502.1 hypothetical protein DL546_002926 [Coniochaeta pulveracea],382,0.0567,non-degrader
RKU46248.1 hypothetical protein DL546_005710 [Coniochaeta pulveracea],265,0.0566,non-degrader
RKU41521.1 hypothetical protein DL546_004488 [Coniochaeta pulveracea],239,0.0566,non-degrader
RKU40999.1 hypothetical protein DL546_003848 [Coniochaeta pulveracea],203,0.0564,non-degrader
RKU40848.1 hypothetical protein DL546_001907 [Coniochaeta pulveracea],714,0.0563,non-degrader
RKU49127.1 hypothetical protein DL546_007740 [Coniochaeta pulveracea],696,0.0561,non-degrader
RKU49363.1 hypothetical protein DL546_001301 [Coniochaeta pulveracea],369,0.0552,non-degrader
RKU47937.1 hypothetical protein DL546_009416 [Coniochaeta pulveracea],287,0.055,non-degrader
RKU48528.1 Minor allergen Alt a 7 [Coniochaeta pulveracea],204,0.0549,non-degrader
RKU39791.1 hypothetical protein DL546_000412 [Coniochaeta pulveracea],72,0.0548,non-degrader
"RKU42353.1 hypothetical protein DL546_000021, partial [Coniochaeta pulveracea]",366,0.0544,non-degrader
RKU48939.1 hypothetical protein DL546_009271 [Coniochaeta pulveracea],125,0.0543,non-degrader
RKU48875.1 hypothetical protein DL546_008297 [Coniochaeta pulveracea],481,0.0543,non-degrader
RKU48027.1 hypothetical protein DL546_007354 [Coniochaeta pulveracea],493,0.0542,non-degrader
RKU41281.1 hypothetical protein DL546_001106 [Coniochaeta pulveracea],540,0.0542,non-degrader
RKU44281.1 hypothetical protein DL546_001732 [Coniochaeta pulveracea],961,0.0541,non-degrader
RKU49145.1 hypothetical protein DL546_008183 [Coniochaeta pulveracea],216,0.054,non-degrader
RKU41197.1 hypothetical protein DL546_002439 [Coniochaeta pulveracea],672,0.054,non-degrader
RKU40350.1 hypothetical protein DL546_000579 [Coniochaeta pulveracea],511,0.0539,non-degrader
RKU49164.1 hypothetical protein DL546_008559 [Coniochaeta pulveracea],985,0.0537,non-degrader
RKU49570.1 hypothetical protein DL546_009350 [Coniochaeta pulveracea],190,0.0535,non-degrader
RKU40211.1 hypothetical protein DL546_002220 [Coniochaeta pulveracea],362,0.0535,non-degrader
RKU40955.1 hypothetical protein DL546_002623 [Coniochaeta pulveracea],917,0.0533,non-degrader
RKU40164.1 hypothetical protein DL546_002508 [Coniochaeta pulveracea],348,0.0533,non-degrader
RKU40669.1 hypothetical protein DL546_002896 [Coniochaeta pulveracea],743,0.0531,non-degrader
RKU48393.1 hypothetical protein DL546_009359 [Coniochaeta pulveracea],1448,0.0527,non-degrader
RKU44350.1 hypothetical protein DL546_007301 [Coniochaeta pulveracea],424,0.0525,non-degrader
"RKU44032.1 1,4-beta-D-glucan cellobiohydrolase cel6a [Coniochaeta pulveracea]",509,0.0525,non-degrader
RKU46411.1 hypothetical protein DL546_005646 [Coniochaeta pulveracea],430,0.0519,non-degrader
RKU43306.1 hypothetical protein DL546_001697 [Coniochaeta pulveracea],694,0.0519,non-degrader
RKU40704.1 hypothetical protein DL546_003307 [Coniochaeta pulveracea],586,0.0519,non-degrader
RKU47045.1 hypothetical protein DL546_008710 [Coniochaeta pulveracea],468,0.0516,non-degrader
RKU43961.1 hypothetical protein DL546_004279 [Coniochaeta pulveracea],531,0.0512,non-degrader
RKU46417.1 hypothetical protein DL546_005968 [Coniochaeta pulveracea],411,0.0511,non-degrader
RKU46502.1 hypothetical protein DL546_008466 [Coniochaeta pulveracea],181,0.051,non-degrader
RKU45339.1 hypothetical protein DL546_007881 [Coniochaeta pulveracea],294,0.0508,non-degrader
RKU41755.1 hypothetical protein DL546_001856 [Coniochaeta pulveracea],329,0.0505,non-degrader
RKU40925.1 hypothetical protein DL546_001837 [Coniochaeta pulveracea],559,0.0505,non-degrader
RKU49103.1 hypothetical protein DL546_006458 [Coniochaeta pulveracea],770,0.0504,non-degrader
RKU42429.1 Protein disulfide-isomerase erp38 [Coniochaeta pulveracea],371,0.0504,non-degrader
RKU40174.1 hypothetical protein DL546_000609 [Coniochaeta pulveracea],540,0.0502,non-degrader
RKU44321.1 Superoxide dismutase [Cu-Zn] [Coniochaeta pulveracea],154,0.0501,non-degrader
RKU45247.1 hypothetical protein DL546_003270 [Coniochaeta pulveracea],241,0.0499,non-degrader
RKU48882.1 hypothetical protein DL546_008463 [Coniochaeta pulveracea],635,0.0498,non-degrader
RKU44371.1 hypothetical protein DL546_002709 [Coniochaeta pulveracea],405,0.0498,non-degrader
RKU48737.1 hypothetical protein DL546_000841 [Coniochaeta pulveracea],333,0.0497,non-degrader
RKU41377.1 hypothetical protein DL546_003773 [Coniochaeta pulveracea],269,0.0496,non-degrader
RKU44186.1 GTP-binding protein rbg1 [Coniochaeta pulveracea],367,0.0495,non-degrader
RKU40246.1 hypothetical protein DL546_002034 [Coniochaeta pulveracea],333,0.0495,non-degrader
RKU47135.1 hypothetical protein DL546_005743 [Coniochaeta pulveracea],350,0.0492,non-degrader
RKU46327.1 hypothetical protein DL546_008329 [Coniochaeta pulveracea],496,0.0492,non-degrader
RKU48482.1 hypothetical protein DL546_004468 [Coniochaeta pulveracea],515,0.0491,non-degrader
RKU40839.1 hypothetical protein DL546_004061 [Coniochaeta pulveracea],418,0.049,non-degrader
RKU39794.1 hypothetical protein DL546_000103 [Coniochaeta pulveracea],915,0.049,non-degrader
RKU40016.1 hypothetical protein DL546_001347 [Coniochaeta pulveracea],269,0.0489,non-degrader
RKU48395.1 hypothetical protein DL546_009377 [Coniochaeta pulveracea],113,0.0487,non-degrader
RKU42872.1 hypothetical protein DL546_005000 [Coniochaeta pulveracea],175,0.0487,non-degrader
RKU42664.1 hypothetical protein DL546_003466 [Coniochaeta pulveracea],487,0.0486,non-degrader
RKU46154.1 prohibitin subunit [Coniochaeta pulveracea],312,0.0484,non-degrader
RKU41964.1 hypothetical protein DL546_005537 [Coniochaeta pulveracea],570,0.0484,non-degrader
RKU41921.1 hypothetical protein DL546_001582 [Coniochaeta pulveracea],138,0.0482,non-degrader
RKU40959.1 hypothetical protein DL546_002933 [Coniochaeta pulveracea],246,0.0482,non-degrader
RKU46114.1 hypothetical protein DL546_006572 [Coniochaeta pulveracea],290,0.0479,non-degrader
RKU49461.1 hypothetical protein DL546_007704 [Coniochaeta pulveracea],332,0.0478,non-degrader
RKU49070.1 hypothetical protein DL546_003589 [Coniochaeta pulveracea],411,0.0478,non-degrader
RKU45311.1 hypothetical protein DL546_007143 [Coniochaeta pulveracea],222,0.0477,non-degrader
RKU45256.1 hypothetical protein DL546_004172 [Coniochaeta pulveracea],307,0.0477,non-degrader
RKU46176.1 hypothetical protein DL546_008452 [Coniochaeta pulveracea],246,0.0475,non-degrader
RKU40671.1 hypothetical protein DL546_003055 [Coniochaeta pulveracea],913,0.0474,non-degrader
RKU43815.1 hypothetical protein DL546_006666 [Coniochaeta pulveracea],329,0.0473,non-degrader
RKU42961.1 hypothetical protein DL546_006076 [Coniochaeta pulveracea],283,0.0471,non-degrader
RKU49665.1 hypothetical protein DL546_009767 [Coniochaeta pulveracea],197,0.047,non-degrader
RKU43001.1 hypothetical protein DL546_002521 [Coniochaeta pulveracea],356,0.047,non-degrader
RKU46227.1 hypothetical protein DL546_004349 [Coniochaeta pulveracea],448,0.0469,non-degrader
RKU46057.1 hypothetical protein DL546_002913 [Coniochaeta pulveracea],323,0.0469,non-degrader
"RKU39839.1 hypothetical protein DL546_000019, partial [Coniochaeta pulveracea]",172,0.0466,non-degrader
RKU42024.1 hypothetical protein DL546_005159 [Coniochaeta pulveracea],384,0.0464,non-degrader
RKU41912.1 hypothetical protein DL546_005623 [Coniochaeta pulveracea],167,0.0463,non-degrader
RKU49562.1 Oxidoreductase boa17 [Coniochaeta pulveracea],303,0.0462,non-degrader
RKU48822.1 hypothetical protein DL546_006837 [Coniochaeta pulveracea],964,0.0462,non-degrader
RKU42563.1 hypothetical protein DL546_001568 [Coniochaeta pulveracea],371,0.046,non-degrader
RKU47718.1 hypothetical protein DL546_001040 [Coniochaeta pulveracea],549,0.0459,non-degrader
RKU43641.1 hypothetical protein DL546_004893 [Coniochaeta pulveracea],1042,0.0458,non-degrader
RKU46382.1 hypothetical protein DL546_004200 [Coniochaeta pulveracea],370,0.0456,non-degrader
RKU42942.1 hypothetical protein DL546_004863 [Coniochaeta pulveracea],299,0.0456,non-degrader
RKU43521.1 hypothetical protein DL546_006170 [Coniochaeta pulveracea],479,0.0455,non-degrader
RKU40358.1 hypothetical protein DL546_001302 [Coniochaeta pulveracea],564,0.0454,non-degrader
RKU49477.1 hypothetical protein DL546_008015 [Coniochaeta pulveracea],532,0.0453,non-degrader
RKU47846.1 hypothetical protein DL546_008334 [Coniochaeta pulveracea],593,0.0452,non-degrader
RKU44273.1 hypothetical protein DL546_000917 [Coniochaeta pulveracea],420,0.0452,non-degrader
RKU42967.1 histone H3.1 [Coniochaeta pulveracea],136,0.045,non-degrader
RKU41444.1 hypothetical protein DL546_001659 [Coniochaeta pulveracea],592,0.045,non-degrader
RKU39846.1 hypothetical protein DL546_000516 [Coniochaeta pulveracea],193,0.045,non-degrader
RKU42458.1 hypothetical protein DL546_003966 [Coniochaeta pulveracea],464,0.0449,non-degrader
RKU42608.1 Endoglucanase 7a [Coniochaeta pulveracea],486,0.0448,non-degrader
RKU44031.1 hypothetical protein DL546_004883 [Coniochaeta pulveracea],243,0.0446,non-degrader
RKU48734.1 hypothetical protein DL546_000514 [Coniochaeta pulveracea],440,0.0445,non-degrader
RKU44231.1 ribosomal 40S subunit protein S18B [Coniochaeta pulveracea],156,0.0445,non-degrader
RKU39991.1 hypothetical protein DL546_001276 [Coniochaeta pulveracea],480,0.0443,non-degrader
RKU48560.1 hypothetical protein DL546_007967 [Coniochaeta pulveracea],575,0.0442,non-degrader
RKU45045.1 hypothetical protein DL546_006085 [Coniochaeta pulveracea],396,0.0442,non-degrader
RKU43308.1 hypothetical protein DL546_001924 [Coniochaeta pulveracea],245,0.0441,non-degrader
RKU42688.1 hypothetical protein DL546_005534 [Coniochaeta pulveracea],215,0.044,non-degrader
RKU41402.1 hypothetical protein DL546_001667 [Coniochaeta pulveracea],407,0.044,non-degrader
RKU43786.1 hypothetical protein DL546_004996 [Coniochaeta pulveracea],338,0.0439,non-degrader
RKU48123.1 hypothetical protein DL546_009052 [Coniochaeta pulveracea],729,0.0437,non-degrader
RKU48704.1 hypothetical protein DL546_009588 [Coniochaeta pulveracea],327,0.0436,non-degrader
RKU43231.1 hypothetical protein DL546_002480 [Coniochaeta pulveracea],435,0.0435,non-degrader
RKU41314.1 hypothetical protein DL546_004224 [Coniochaeta pulveracea],391,0.0435,non-degrader
RKU48797.1 hypothetical protein DL546_005946 [Coniochaeta pulveracea],740,0.0434,non-degrader
RKU46440.1 hypothetical protein DL546_006804 [Coniochaeta pulveracea],300,0.0434,non-degrader
RKU48917.1 Electron transfer flavoprotein alpha-subunit [Coniochaeta pulveracea],215,0.0433,non-degrader
RKU48468.1 hypothetical protein DL546_003300 [Coniochaeta pulveracea],844,0.0433,non-degrader
RKU43281.1 hypothetical protein DL546_006281 [Coniochaeta pulveracea],182,0.043,non-degrader
RKU40560.1 hypothetical protein DL546_003634 [Coniochaeta pulveracea],245,0.043,non-degrader
RKU47654.1 hypothetical protein DL546_008886 [Coniochaeta pulveracea],350,0.0429,non-degrader
RKU47096.1 hypothetical protein DL546_002920 [Coniochaeta pulveracea],168,0.0429,non-degrader
RKU41803.1 hypothetical protein DL546_002263 [Coniochaeta pulveracea],347,0.0429,non-degrader
RKU40697.1 hypothetical protein DL546_002135 [Coniochaeta pulveracea],485,0.0429,non-degrader
RKU40179.1 hypothetical protein DL546_001231 [Coniochaeta pulveracea],294,0.0429,non-degrader
RKU47179.1 hypothetical protein DL546_007593 [Coniochaeta pulveracea],325,0.0428,non-degrader
"RKU41284.1 40S ribosomal protein, variant 2 [Coniochaeta pulveracea]",266,0.0428,non-degrader
RKU46245.1 hypothetical protein DL546_005616 [Coniochaeta pulveracea],162,0.0426,non-degrader
RKU40670.1 hypothetical protein DL546_002896 [Coniochaeta pulveracea],581,0.0425,non-degrader
RKU46425.1 hypothetical protein DL546_006290 [Coniochaeta pulveracea],250,0.0424,non-degrader
RKU44787.1 hypothetical protein DL546_007231 [Coniochaeta pulveracea],407,0.0424,non-degrader
RKU40952.1 hypothetical protein DL546_002318 [Coniochaeta pulveracea],491,0.0423,non-degrader
RKU48120.1 hypothetical protein DL546_008997 [Coniochaeta pulveracea],296,0.0422,non-degrader
RKU42609.1 hypothetical protein DL546_005112 [Coniochaeta pulveracea],349,0.0422,non-degrader
RKU48390.1 hypothetical protein DL546_009302 [Coniochaeta pulveracea],643,0.0421,non-degrader
RKU46488.1 26S proteasome subunit rpt4 [Coniochaeta pulveracea],390,0.0421,non-degrader
RKU46616.1 H(+)-transporting V0 sector ATPase subunit c [Coniochaeta pulveracea],163,0.042,non-degrader
RKU47819.1 hypothetical protein DL546_007755 [Coniochaeta pulveracea],770,0.0419,non-degrader
RKU43440.1 hypothetical protein DL546_006014 [Coniochaeta pulveracea],813,0.0419,non-degrader
RKU42567.1 hypothetical protein DL546_001835 [Coniochaeta pulveracea],658,0.0419,non-degrader
"RKU49657.1 1,4-beta-D-glucan cellobiohydrolase cel6c [Coniochaeta pulveracea]",394,0.0418,non-degrader
RKU44827.1 hypothetical protein DL546_002857 [Coniochaeta pulveracea],518,0.0418,non-degrader
RKU43205.1 hypothetical protein DL546_006054 [Coniochaeta pulveracea],285,0.0417,non-degrader
RKU49691.1 hypothetical protein DL546_009824 [Coniochaeta pulveracea],586,0.0414,non-degrader
RKU45048.1 Small subunit processome complex component [Coniochaeta pulveracea],323,0.0414,non-degrader
RKU49135.1 hypothetical protein DL546_007926 [Coniochaeta pulveracea],379,0.0413,non-degrader
RKU41924.1 hypothetical protein DL546_001969 [Coniochaeta pulveracea],554,0.0413,non-degrader
RKU39884.1 hypothetical protein DL546_000447 [Coniochaeta pulveracea],352,0.0413,non-degrader
RKU49326.1 mannose-1-phosphate guanyltransferase [Coniochaeta pulveracea],363,0.0412,non-degrader
RKU39845.1 hypothetical protein DL546_000435 [Coniochaeta pulveracea],332,0.0412,non-degrader
RKU42289.1 hypothetical protein DL546_001248 [Coniochaeta pulveracea],423,0.0411,non-degrader
RKU41453.1 hypothetical protein DL546_002342 [Coniochaeta pulveracea],416,0.0411,non-degrader
RKU47033.1 hypothetical protein DL546_008568 [Coniochaeta pulveracea],270,0.041,non-degrader
RKU43483.1 hypothetical protein DL546_003188 [Coniochaeta pulveracea],531,0.041,non-degrader
RKU42562.1 hypothetical protein DL546_001568 [Coniochaeta pulveracea],510,0.041,non-degrader
RKU41840.1 hypothetical protein DL546_005283 [Coniochaeta pulveracea],410,0.0409,non-degrader
RKU40961.1 hypothetical protein DL546_003064 [Coniochaeta pulveracea],247,0.0409,non-degrader
RKU40712.1 hypothetical protein DL546_003970 [Coniochaeta pulveracea],581,0.0409,non-degrader
RKU46824.1 hypothetical protein DL546_007806 [Coniochaeta pulveracea],802,0.0408,non-degrader
RKU49364.1 hypothetical protein DL546_001456 [Coniochaeta pulveracea],174,0.0407,non-degrader
RKU43480.1 hypothetical protein DL546_002946 [Coniochaeta pulveracea],534,0.0407,non-degrader
RKU48667.1 hypothetical protein DL546_009418 [Coniochaeta pulveracea],932,0.0404,non-degrader
RKU44677.1 hypothetical protein DL546_004643 [Coniochaeta pulveracea],311,0.0404,non-degrader
RKU43966.1 hypothetical protein DL546_004620 [Coniochaeta pulveracea],255,0.0404,non-degrader
RKU41458.1 hypothetical protein DL546_002684 [Coniochaeta pulveracea],296,0.0404,non-degrader
RKU47196.1 hypothetical protein DL546_007945 [Coniochaeta pulveracea],443,0.0403,non-degrader
RKU45469.1 Sulfate adenylyltransferase [Coniochaeta pulveracea],574,0.0403,non-degrader
RKU40487.1 40S ribosomal protein S9 [Coniochaeta pulveracea],192,0.0403,non-degrader
RKU46371.1 hypothetical protein DL546_003350 [Coniochaeta pulveracea],243,0.0402,non-degrader
RKU40608.1 hypothetical protein DL546_001646 [Coniochaeta pulveracea],105,0.0401,non-degrader
RKU47442.1 hypothetical protein DL546_008824 [Coniochaeta pulveracea],230,0.04,non-degrader
RKU42021.1 hypothetical protein DL546_004995 [Coniochaeta pulveracea],332,0.04,non-degrader
RKU41763.1 hypothetical protein DL546_002849 [Coniochaeta pulveracea],393,0.0399,non-degrader
RKU48475.1 thioredoxin-disulfide reductase [Coniochaeta pulveracea],335,0.0398,non-degrader
RKU43193.1 hypothetical protein DL546_005416 [Coniochaeta pulveracea],120,0.0398,non-degrader
RKU43127.1 hypothetical protein DL546_006258 [Coniochaeta pulveracea],907,0.0398,non-degrader
"RKU42634.1 hypothetical protein DL546_000011, partial [Coniochaeta pulveracea]",92,0.0398,non-degrader
RKU41394.1 hypothetical protein DL546_004808 [Coniochaeta pulveracea],265,0.0398,non-degrader
RKU47345.1 hypothetical protein DL546_004987 [Coniochaeta pulveracea],774,0.0396,non-degrader
RKU45253.1 hypothetical protein DL546_003723 [Coniochaeta pulveracea],468,0.0396,non-degrader
RKU49189.1 hypothetical protein DL546_008877 [Coniochaeta pulveracea],252,0.0395,non-degrader
RKU46347.1 hypothetical protein DL546_008719 [Coniochaeta pulveracea],156,0.0395,non-degrader
RKU40946.1 hypothetical protein DL546_001738 [Coniochaeta pulveracea],129,0.0395,non-degrader
RKU48342.1 hypothetical protein DL546_008660 [Coniochaeta pulveracea],209,0.0394,non-degrader
RKU47832.1 hypothetical protein DL546_007962 [Coniochaeta pulveracea],871,0.0394,non-degrader
RKU47327.1 hypothetical protein DL546_003636 [Coniochaeta pulveracea],812,0.0394,non-degrader
RKU48571.1 hypothetical protein DL546_008198 [Coniochaeta pulveracea],275,0.0393,non-degrader
RKU48126.1 hypothetical protein DL546_009090 [Coniochaeta pulveracea],202,0.0393,non-degrader
RKU46432.1 hypothetical protein DL546_006536 [Coniochaeta pulveracea],190,0.0393,non-degrader
RKU46112.1 hypothetical protein DL546_006514 [Coniochaeta pulveracea],630,0.0393,non-degrader
"RKU44779.1 alpha-1,4-glucan branching enzyme [Coniochaeta pulveracea]",630,0.0391,non-degrader
RKU43047.1 hypothetical protein DL546_006038 [Coniochaeta pulveracea],237,0.0391,non-degrader
RKU42072.1 hypothetical protein DL546_004331 [Coniochaeta pulveracea],321,0.0391,non-degrader
RKU48564.1 hypothetical protein DL546_008037 [Coniochaeta pulveracea],383,0.039,non-degrader
RKU44696.1 26S proteasome regulatory subunit 8 [Coniochaeta pulveracea],389,0.039,non-degrader
RKU44408.1 hypothetical protein DL546_005978 [Coniochaeta pulveracea],700,0.039,non-degrader
RKU46716.1 hypothetical protein DL546_000140 [Coniochaeta pulveracea],299,0.0389,non-degrader
RKU46294.1 hypothetical protein DL546_007633 [Coniochaeta pulveracea],193,0.0388,non-degrader
RKU44879.1 hypothetical protein DL546_007324 [Coniochaeta pulveracea],437,0.0387,non-degrader
RKU43992.1 hypothetical protein DL546_006402 [Coniochaeta pulveracea],745,0.0387,non-degrader
RKU43015.1 alpha-glucosidase mal12 [Coniochaeta pulveracea],601,0.0387,non-degrader
RKU48750.1 hypothetical protein DL546_002184 [Coniochaeta pulveracea],264,0.0386,non-degrader
RKU43038.1 hypothetical protein DL546_005399 [Coniochaeta pulveracea],388,0.0385,non-degrader
RKU41844.1 hypothetical protein DL546_005567 [Coniochaeta pulveracea],436,0.0385,non-degrader
"RKU46888.1 hypothetical protein DL546_009197, partial [Coniochaeta pulveracea]",144,0.0384,non-degrader
RKU43731.1 Type I transmembrane sorting receptor [Coniochaeta pulveracea],418,0.0384,non-degrader
RKU45568.1 hypothetical protein DL546_006860 [Coniochaeta pulveracea],389,0.0381,non-degrader
RKU41005.1 succinate semialdehyde dehydrogenase NADP+ linked [Coniochaeta pulveracea],499,0.038,non-degrader
"RKU40145.1 hypothetical protein DL546_000012, partial [Coniochaeta pulveracea]",61,0.038,non-degrader
RKU43519.1 thioredoxin-disulfide reductase [Coniochaeta pulveracea],336,0.0379,non-degrader
RKU49105.1 hypothetical protein DL546_006595 [Coniochaeta pulveracea],364,0.0378,non-degrader
RKU48615.1 hypothetical protein DL546_008826 [Coniochaeta pulveracea],199,0.0378,non-degrader
RKU46054.1 hypothetical protein DL546_002747 [Coniochaeta pulveracea],384,0.0378,non-degrader
RKU45510.1 hypothetical protein DL546_001934 [Coniochaeta pulveracea],246,0.0378,non-degrader
RKU41815.1 hypothetical protein DL546_003450 [Coniochaeta pulveracea],1281,0.0378,non-degrader
RKU42412.1 hypothetical protein DL546_005287 [Coniochaeta pulveracea],829,0.0377,non-degrader
"RKU44072.1 1,3-beta-glucanosyltransferase gas1 [Coniochaeta pulveracea]",533,0.0376,non-degrader
RKU49622.1 prohibitin-1 [Coniochaeta pulveracea],275,0.0375,non-degrader
RKU49470.1 hypothetical protein DL546_007854 [Coniochaeta pulveracea],271,0.0374,non-degrader
RKU48834.1 hypothetical protein DL546_007254 [Coniochaeta pulveracea],227,0.0374,non-degrader
RKU46133.1 hypothetical protein DL546_007113 [Coniochaeta pulveracea],121,0.0373,non-degrader
RKU45122.1 hypothetical protein DL546_003596 [Coniochaeta pulveracea],966,0.0373,non-degrader
RKU40549.1 hypothetical protein DL546_002712 [Coniochaeta pulveracea],579,0.0373,non-degrader
RKU46242.1 hypothetical protein DL546_005462 [Coniochaeta pulveracea],421,0.0372,non-degrader
RKU40046.1 hypothetical protein DL546_001007 [Coniochaeta pulveracea],863,0.0371,non-degrader
RKU43219.1 hypothetical protein DL546_001163 [Coniochaeta pulveracea],247,0.037,non-degrader
RKU44968.1 hypothetical protein DL546_006944 [Coniochaeta pulveracea],289,0.0369,non-degrader
RKU41513.1 hypothetical protein DL546_003866 [Coniochaeta pulveracea],443,0.0369,non-degrader
RKU48781.1 hypothetical protein DL546_005141 [Coniochaeta pulveracea],473,0.0368,non-degrader
RKU49458.1 hypothetical protein DL546_007672 [Coniochaeta pulveracea],266,0.0367,non-degrader
RKU48241.1 hypothetical protein DL546_004483 [Coniochaeta pulveracea],320,0.0367,non-degrader
RKU49453.1 hypothetical protein DL546_007602 [Coniochaeta pulveracea],523,0.0366,non-degrader
RKU43020.1 hypothetical protein DL546_004149 [Coniochaeta pulveracea],815,0.0364,non-degrader
RKU49448.1 hypothetical protein DL546_007394 [Coniochaeta pulveracea],219,0.0363,non-degrader
RKU41365.1 hypothetical protein DL546_002912 [Coniochaeta pulveracea],162,0.0363,non-degrader
RKU41024.1 hypothetical protein DL546_002180 [Coniochaeta pulveracea],331,0.0363,non-degrader
RKU48206.1 hypothetical protein DL546_001408 [Coniochaeta pulveracea],1133,0.0362,non-degrader
RKU47570.1 hypothetical protein DL546_007146 [Coniochaeta pulveracea],165,0.0362,non-degrader
RKU45393.1 hypothetical protein DL546_004477 [Coniochaeta pulveracea],392,0.0361,non-degrader
RKU49041.1 hypothetical protein DL546_009775 [Coniochaeta pulveracea],383,0.036,non-degrader
RKU40360.1 hypothetical protein DL546_001522 [Coniochaeta pulveracea],535,0.036,non-degrader
RKU43656.1 hypothetical protein DL546_006067 [Coniochaeta pulveracea],316,0.0358,non-degrader
RKU40410.1 hypothetical protein DL546_000980 [Coniochaeta pulveracea],470,0.0358,non-degrader
RKU44025.1 hypothetical protein DL546_004398 [Coniochaeta pulveracea],179,0.0357,non-degrader
RKU43076.1 hypothetical protein DL546_001716 [Coniochaeta pulveracea],637,0.0357,non-degrader
RKU43810.1 hypothetical protein DL546_006442 [Coniochaeta pulveracea],266,0.0355,non-degrader
RKU47027.1 hypothetical protein DL546_008477 [Coniochaeta pulveracea],288,0.0354,non-degrader
RKU39793.1 hypothetical protein DL546_000753 [Coniochaeta pulveracea],396,0.0354,non-degrader
RKU42245.1 hypothetical protein DL546_003162 [Coniochaeta pulveracea],380,0.0353,non-degrader
RKU48817.1 Cytoplasmic thioredoxin isoenzyme 2 [Coniochaeta pulveracea],142,0.0352,non-degrader
RKU45329.1 hypothetical protein DL546_007574 [Coniochaeta pulveracea],904,0.0352,non-degrader
RKU48565.1 hypothetical protein DL546_008056 [Coniochaeta pulveracea],898,0.035,non-degrader
RKU44138.1 hypothetical protein DL546_004553 [Coniochaeta pulveracea],251,0.035,non-degrader
RKU49173.1 hypothetical protein DL546_008696 [Coniochaeta pulveracea],607,0.0346,non-degrader
RKU47717.1 hypothetical protein DL546_000830 [Coniochaeta pulveracea],840,0.0346,non-degrader
RKU45856.1 DNA damage-inducible protein 1 [Coniochaeta pulveracea],444,0.0346,non-degrader
RKU43292.1 hypothetical protein DL546_006725 [Coniochaeta pulveracea],180,0.0345,non-degrader
RKU43702.1 hypothetical protein DL546_002333 [Coniochaeta pulveracea],226,0.0344,non-degrader
RKU41550.1 hypothetical protein DL546_002006 [Coniochaeta pulveracea],283,0.0344,non-degrader
RKU48650.1 hypothetical protein DL546_009275 [Coniochaeta pulveracea],859,0.0342,non-degrader
RKU48299.1 hypothetical protein DL546_007661 [Coniochaeta pulveracea],52,0.0342,non-degrader
RKU39753.1 hypothetical protein DL546_000612 [Coniochaeta pulveracea],309,0.0341,non-degrader
RKU43254.1 hypothetical protein DL546_004511 [Coniochaeta pulveracea],167,0.034,non-degrader
RKU41549.1 hypothetical protein DL546_002044 [Coniochaeta pulveracea],603,0.034,non-degrader
RKU48522.1 hypothetical protein DL546_006724 [Coniochaeta pulveracea],574,0.0339,non-degrader
RKU48080.1 hypothetical protein DL546_008414 [Coniochaeta pulveracea],669,0.0339,non-degrader
RKU47637.1 hypothetical protein DL546_008629 [Coniochaeta pulveracea],244,0.0338,non-degrader
RKU47178.1 hypothetical protein DL546_007570 [Coniochaeta pulveracea],490,0.0338,non-degrader
RKU47867.1 hypothetical protein DL546_008657 [Coniochaeta pulveracea],200,0.0337,non-degrader
RKU46718.1 hypothetical protein DL546_000773 [Coniochaeta pulveracea],540,0.0337,non-degrader
RKU48840.1 hypothetical protein DL546_007438 [Coniochaeta pulveracea],74,0.0336,non-degrader
RKU47387.1 hypothetical protein DL546_007169 [Coniochaeta pulveracea],667,0.0336,non-degrader
RKU45423.1 hypothetical protein DL546_006255 [Coniochaeta pulveracea],170,0.0336,non-degrader
RKU41935.1 ribonuclease T2-like [Coniochaeta pulveracea],201,0.0336,non-degrader
"RKU40745.1 atp2, beta subunit of the F1 sector of mitochondrial F1F0 ATP synthase [Coniochaeta pulveracea]",386,0.0336,non-degrader
RKU40264.1 hypothetical protein DL546_001567 [Coniochaeta pulveracea],168,0.0336,non-degrader
RKU46376.1 hypothetical protein DL546_003734 [Coniochaeta pulveracea],483,0.0335,non-degrader
RKU43891.1 hypothetical protein DL546_006126 [Coniochaeta pulveracea],200,0.0335,non-degrader
RKU43270.1 hypothetical protein DL546_005578 [Coniochaeta pulveracea],665,0.0335,non-degrader
RKU45098.1 hypothetical protein DL546_001516 [Coniochaeta pulveracea],273,0.0334,non-degrader
RKU43915.1 hypothetical protein DL546_007180 [Coniochaeta pulveracea],383,0.0334,non-degrader
RKU44201.1 hypothetical protein DL546_001923 [Coniochaeta pulveracea],352,0.0333,non-degrader
RKU46322.1 hypothetical protein DL546_008209 [Coniochaeta pulveracea],339,0.0332,non-degrader
RKU46484.1 ribosomal 40S subunit protein S13 [Coniochaeta pulveracea],151,0.0331,non-degrader
RKU43394.1 hypothetical protein DL546_002228 [Coniochaeta pulveracea],804,0.0331,non-degrader
RKU46318.1 hypothetical protein DL546_008128 [Coniochaeta pulveracea],384,0.033,non-degrader
RKU44947.1 hypothetical protein DL546_005836 [Coniochaeta pulveracea],283,0.033,non-degrader
RKU41934.1 hypothetical protein DL546_003006 [Coniochaeta pulveracea],254,0.033,non-degrader
RKU41933.1 hypothetical protein DL546_003006 [Coniochaeta pulveracea],254,0.033,non-degrader
RKU41369.1 hypothetical protein DL546_003163 [Coniochaeta pulveracea],254,0.033,non-degrader
RKU41547.1 hypothetical protein DL546_001570 [Coniochaeta pulveracea],2276,0.0329,non-degrader
RKU41502.1 hypothetical protein DL546_002440 [Coniochaeta pulveracea],665,0.0329,non-degrader
RKU40953.1 hypothetical protein DL546_002400 [Coniochaeta pulveracea],489,0.0329,non-degrader
RKU47273.1 hypothetical protein DL546_009070 [Coniochaeta pulveracea],427,0.0328,non-degrader
RKU45749.1 Actin-like protein [Coniochaeta pulveracea],380,0.0328,non-degrader
RKU40802.1 Glycoside hydrolase 18 protein [Coniochaeta pulveracea],888,0.0328,non-degrader
RKU45699.1 plasma membrane proteolipid Pmp3 [Coniochaeta pulveracea],57,0.0327,non-degrader
RKU44824.1 hypothetical protein DL546_002595 [Coniochaeta pulveracea],347,0.0327,non-degrader
RKU44396.1 hypothetical protein DL546_004902 [Coniochaeta pulveracea],166,0.0326,non-degrader
RKU42888.1 hypothetical protein DL546_006087 [Coniochaeta pulveracea],773,0.0326,non-degrader
RKU49290.1 hypothetical protein DL546_009783 [Coniochaeta pulveracea],373,0.0325,non-degrader
RKU44349.1 hypothetical protein DL546_007265 [Coniochaeta pulveracea],285,0.0325,non-degrader
RKU49460.1 hypothetical protein DL546_007704 [Coniochaeta pulveracea],361,0.0324,non-degrader
RKU43192.1 protein disulfide-isomerase precursor [Coniochaeta pulveracea],486,0.0324,non-degrader
RKU44264.1 Mitochondrial beta-keto-acyl synthase [Coniochaeta pulveracea],427,0.0323,non-degrader
RKU43174.1 hypothetical protein DL546_004388 [Coniochaeta pulveracea],565,0.0323,non-degrader
RKU41523.1 hypothetical protein DL546_004601 [Coniochaeta pulveracea],524,0.0323,non-degrader
RKU46872.1 hypothetical protein DL546_009014 [Coniochaeta pulveracea],219,0.0322,non-degrader
RKU46791.1 hypothetical protein DL546_006740 [Coniochaeta pulveracea],261,0.0322,non-degrader
RKU43190.1 hypothetical protein DL546_005288 [Coniochaeta pulveracea],327,0.0321,non-degrader
RKU41303.1 hypothetical protein DL546_003220 [Coniochaeta pulveracea],260,0.0321,non-degrader
RKU44303.1 hypothetical protein DL546_004623 [Coniochaeta pulveracea],551,0.032,non-degrader
RKU41576.1 hypothetical protein DL546_004322 [Coniochaeta pulveracea],537,0.032,non-degrader
RKU40206.1 hypothetical protein DL546_001677 [Coniochaeta pulveracea],238,0.032,non-degrader
RKU49314.1 ESCRT-0 subunit protein hse1 [Coniochaeta pulveracea],722,0.0319,non-degrader
RKU48202.1 40S ribosomal protein S28 [Coniochaeta pulveracea],68,0.0319,non-degrader
RKU45340.1 hypothetical protein DL546_007881 [Coniochaeta pulveracea],413,0.0319,non-degrader
RKU40310.1 hypothetical protein DL546_001641 [Coniochaeta pulveracea],578,0.0319,non-degrader
RKU48308.1 hypothetical protein DL546_007871 [Coniochaeta pulveracea],307,0.0318,non-degrader
RKU41656.1 hypothetical protein DL546_002916 [Coniochaeta pulveracea],209,0.0318,non-degrader
RKU40408.1 Dihydroxy-acid dehydratase [Coniochaeta pulveracea],577,0.0318,non-degrader
RKU48172.1 hypothetical protein DL546_009426 [Coniochaeta pulveracea],844,0.0317,non-degrader
RKU47716.1 hypothetical protein DL546_000830 [Coniochaeta pulveracea],896,0.0317,non-degrader
RKU46603.1 hypothetical protein DL546_006399 [Coniochaeta pulveracea],576,0.0317,non-degrader
RKU43115.1 hypothetical protein DL546_004947 [Coniochaeta pulveracea],357,0.0316,non-degrader
RKU42492.1 26S proteasome regulatory subunit 6B [Coniochaeta pulveracea],421,0.0316,non-degrader
RKU41577.1 hypothetical protein DL546_004322 [Coniochaeta pulveracea],525,0.0316,non-degrader
RKU41086.1 hypothetical protein DL546_004244 [Coniochaeta pulveracea],597,0.0316,non-degrader
RKU40657.1 hypothetical protein DL546_009932 [Coniochaeta pulveracea],141,0.0316,non-degrader
RKU39971.1 hypothetical protein DL546_000820 [Coniochaeta pulveracea],234,0.0316,non-degrader
RKU46155.1 hypothetical protein DL546_007813 [Coniochaeta pulveracea],309,0.0315,non-degrader
RKU44316.1 hypothetical protein DL546_005695 [Coniochaeta pulveracea],428,0.0313,non-degrader
RKU44075.1 hypothetical protein DL546_006931 [Coniochaeta pulveracea],385,0.0313,non-degrader
RKU43578.1 hypothetical protein DL546_005081 [Coniochaeta pulveracea],335,0.0313,non-degrader
RKU47125.1 hypothetical protein DL546_005167 [Coniochaeta pulveracea],347,0.0312,non-degrader
RKU47768.1 hypothetical protein DL546_005733 [Coniochaeta pulveracea],223,0.0311,non-degrader
RKU44662.1 hypothetical protein DL546_003235 [Coniochaeta pulveracea],480,0.0311,non-degrader
RKU46602.1 hypothetical protein DL546_006364 [Coniochaeta pulveracea],272,0.031,non-degrader
RKU45680.1 putative PKS/NRPS-like protein biosynthetic cluster [Coniochaeta pulveracea],283,0.031,non-degrader
RKU40553.1 hypothetical protein DL546_003040 [Coniochaeta pulveracea],256,0.0309,non-degrader
RKU48859.1 hypothetical protein DL546_007957 [Coniochaeta pulveracea],671,0.0308,non-degrader
RKU49308.1 maturation of Asn-linked oligosaccharides protein [Coniochaeta pulveracea],525,0.0305,non-degrader
RKU46689.1 beta-glucanosyltransferase [Coniochaeta pulveracea],459,0.0305,non-degrader
RKU41454.1 hypothetical protein DL546_002436 [Coniochaeta pulveracea],278,0.0305,non-degrader
RKU47280.1 hypothetical protein DL546_009128 [Coniochaeta pulveracea],109,0.0303,non-degrader
RKU47138.1 hypothetical protein DL546_005883 [Coniochaeta pulveracea],257,0.0303,non-degrader
RKU48937.1 hypothetical protein DL546_009261 [Coniochaeta pulveracea],299,0.0302,non-degrader
RKU44796.1 hypothetical protein DL546_007600 [Coniochaeta pulveracea],336,0.0302,non-degrader
RKU41352.1 hypothetical protein DL546_001530 [Coniochaeta pulveracea],222,0.0302,non-degrader
RKU40294.1 DNA topoisomerase [Coniochaeta pulveracea],677,0.0302,non-degrader
RKU46629.1 WD40 repeat-like protein [Coniochaeta pulveracea],604,0.0301,non-degrader
RKU43533.1 hypothetical protein DL546_006865 [Coniochaeta pulveracea],541,0.0301,non-degrader
RKU45602.1 hypothetical protein DL546_007955 [Coniochaeta pulveracea],446,0.03,non-degrader
RKU41809.1 hypothetical protein DL546_002714 [Coniochaeta pulveracea],651,0.03,non-degrader
RKU41821.1 hypothetical protein DL546_004056 [Coniochaeta pulveracea],434,0.0299,non-degrader
RKU40343.1 hypothetical protein DL546_002627 [Coniochaeta pulveracea],517,0.0299,non-degrader
RKU48985.1 NADPH:quinone reductase [Coniochaeta pulveracea],331,0.0298,non-degrader
RKU46174.1 hypothetical protein DL546_008425 [Coniochaeta pulveracea],595,0.0297,non-degrader
RKU42485.1 hypothetical protein DL546_005931 [Coniochaeta pulveracea],179,0.0297,non-degrader
RKU41856.1 hypothetical protein DL546_001144 [Coniochaeta pulveracea],339,0.0297,non-degrader
RKU49283.1 hypothetical protein DL546_009747 [Coniochaeta pulveracea],490,0.0296,non-degrader
RKU46332.1 methylglyoxal reductase (NADPH-dependent) gre2 [Coniochaeta pulveracea],337,0.0296,non-degrader
RKU43175.1 hypothetical protein DL546_004453 [Coniochaeta pulveracea],370,0.0296,non-degrader
RKU47085.1 hypothetical protein DL546_009243 [Coniochaeta pulveracea],431,0.0295,non-degrader
RKU42058.1 Ribosome-interacting GTPase 2 [Coniochaeta pulveracea],372,0.0295,non-degrader
RKU41745.1 hypothetical protein DL546_000930 [Coniochaeta pulveracea],405,0.0295,non-degrader
RKU41073.1 hypothetical protein DL546_003120 [Coniochaeta pulveracea],239,0.0295,non-degrader
RKU45020.1 hypothetical protein DL546_004210 [Coniochaeta pulveracea],278,0.0294,non-degrader
RKU41907.1 hypothetical protein DL546_005250 [Coniochaeta pulveracea],683,0.0294,non-degrader
RKU45616.1 hypothetical protein DL546_008287 [Coniochaeta pulveracea],469,0.0293,non-degrader
RKU45115.1 hypothetical protein DL546_003119 [Coniochaeta pulveracea],415,0.0293,non-degrader
RKU41097.1 hypothetical protein DL546_000784 [Coniochaeta pulveracea],814,0.0292,non-degrader
RKU48518.1 hypothetical protein DL546_006622 [Coniochaeta pulveracea],267,0.0291,non-degrader
RKU47576.1 hypothetical protein DL546_007346 [Coniochaeta pulveracea],255,0.0291,non-degrader
RKU47341.1 hypothetical protein DL546_004674 [Coniochaeta pulveracea],435,0.0291,non-degrader
RKU41574.1 hypothetical protein DL546_004322 [Coniochaeta pulveracea],592,0.029,non-degrader
RKU48351.1 hypothetical protein DL546_008785 [Coniochaeta pulveracea],335,0.0289,non-degrader
RKU46166.1 hypothetical protein DL546_008080 [Coniochaeta pulveracea],390,0.0289,non-degrader
RKU45350.1 hypothetical protein DL546_008109 [Coniochaeta pulveracea],230,0.0289,non-degrader
RKU41835.1 hypothetical protein DL546_004774 [Coniochaeta pulveracea],1701,0.0289,non-degrader
RKU41573.1 hypothetical protein DL546_004251 [Coniochaeta pulveracea],289,0.0289,non-degrader
RKU42577.1 hypothetical protein DL546_002932 [Coniochaeta pulveracea],291,0.0288,non-degrader
RKU49567.1 hypothetical protein DL546_009327 [Coniochaeta pulveracea],455,0.0287,non-degrader
RKU43229.1 hypothetical protein DL546_002300 [Coniochaeta pulveracea],277,0.0287,non-degrader
RKU41801.1 hypothetical protein DL546_001959 [Coniochaeta pulveracea],721,0.0287,non-degrader
RKU40750.1 hypothetical protein DL546_000470 [Coniochaeta pulveracea],358,0.0287,non-degrader
RKU39877.1 hypothetical protein DL546_001336 [Coniochaeta pulveracea],541,0.0287,non-degrader
RKU48526.1 hypothetical protein DL546_006801 [Coniochaeta pulveracea],498,0.0286,non-degrader
RKU46839.1 hypothetical protein DL546_008063 [Coniochaeta pulveracea],323,0.0286,non-degrader
RKU44228.1 hypothetical protein DL546_005472 [Coniochaeta pulveracea],628,0.0286,non-degrader
RKU41060.1 hypothetical protein DL546_001462 [Coniochaeta pulveracea],355,0.0286,non-degrader
RKU48948.1 bifunctional hydroxyacyl-CoA dehydrogenase/enoyl-CoA hydratase fox2 [Coniochaeta pulveracea],893,0.0285,non-degrader
RKU45003.1 Ribose-phosphate pyrophosphokinase 2 [Coniochaeta pulveracea],326,0.0285,non-degrader
RKU47569.1 hypothetical protein DL546_007056 [Coniochaeta pulveracea],230,0.0284,non-degrader
RKU43484.1 hypothetical protein DL546_003263 [Coniochaeta pulveracea],283,0.0284,non-degrader
RKU42049.1 hypothetical protein DL546_001925 [Coniochaeta pulveracea],165,0.0284,non-degrader
RKU41872.1 DEAD-box ATP-dependent RNA helicase [Coniochaeta pulveracea],681,0.0284,non-degrader
RKU40760.1 ribosomal protein S5 [Coniochaeta pulveracea],213,0.0283,non-degrader
RKU47857.1 hypothetical protein DL546_008499 [Coniochaeta pulveracea],477,0.0282,non-degrader
RKU46333.1 hypothetical protein DL546_008490 [Coniochaeta pulveracea],348,0.0282,non-degrader
RKU45091.1 hypothetical protein DL546_000443 [Coniochaeta pulveracea],1284,0.0282,non-degrader
RKU45120.1 hypothetical protein DL546_003446 [Coniochaeta pulveracea],398,0.0281,non-degrader
RKU42503.1 hypothetical protein DL546_001774 [Coniochaeta pulveracea],332,0.0281,non-degrader
RKU41441.1 hypothetical protein DL546_001394 [Coniochaeta pulveracea],125,0.0281,non-degrader
RKU40356.1 hypothetical protein DL546_001133 [Coniochaeta pulveracea],338,0.0281,non-degrader
RKU48487.1 hypothetical protein DL546_004793 [Coniochaeta pulveracea],387,0.028,non-degrader
RKU44051.1 hypothetical protein DL546_005822 [Coniochaeta pulveracea],304,0.028,non-degrader
RKU41371.1 hypothetical protein DL546_003262 [Coniochaeta pulveracea],306,0.028,non-degrader
RKU40544.1 hypothetical protein DL546_002277 [Coniochaeta pulveracea],409,0.028,non-degrader
RKU47834.1 hypothetical protein DL546_008024 [Coniochaeta pulveracea],311,0.0279,non-degrader
RKU41578.1 hypothetical protein DL546_004322 [Coniochaeta pulveracea],493,0.0278,non-degrader
RKU40149.1 hypothetical protein DL546_000559 [Coniochaeta pulveracea],586,0.0278,non-degrader
RKU39783.1 hypothetical protein DL546_000460 [Coniochaeta pulveracea],366,0.0278,non-degrader
RKU48992.1 hypothetical protein DL546_009629 [Coniochaeta pulveracea],343,0.0277,non-degrader
RKU47934.1 hypothetical protein DL546_009405 [Coniochaeta pulveracea],460,0.0277,non-degrader
RKU43472.1 hypothetical protein DL546_002258 [Coniochaeta pulveracea],309,0.0277,non-degrader
RKU43346.1 hypothetical protein DL546_005084 [Coniochaeta pulveracea],377,0.0277,non-degrader
RKU42285.1 recombinase rad51 [Coniochaeta pulveracea],350,0.0277,non-degrader
RKU41853.1 hypothetical protein DL546_000652 [Coniochaeta pulveracea],331,0.0277,non-degrader
RKU41820.1 hypothetical protein DL546_003911 [Coniochaeta pulveracea],1175,0.0277,non-degrader
RKU40081.1 hypothetical protein DL546_001398 [Coniochaeta pulveracea],596,0.0277,non-degrader
RKU47742.1 hypothetical protein DL546_003719 [Coniochaeta pulveracea],415,0.0276,non-degrader
RKU41864.1 hypothetical protein DL546_002144 [Coniochaeta pulveracea],479,0.0276,non-degrader
RKU45614.1 hypothetical protein DL546_008234 [Coniochaeta pulveracea],613,0.0275,non-degrader
RKU45171.1 hypothetical protein DL546_006560 [Coniochaeta pulveracea],880,0.0275,non-degrader
RKU44443.1 hypothetical protein DL546_007564 [Coniochaeta pulveracea],450,0.0275,non-degrader
"RKU43600.1 ssDNA-binding protein, mitochondrial [Coniochaeta pulveracea]",144,0.0275,non-degrader
RKU43009.1 hypothetical protein DL546_003076 [Coniochaeta pulveracea],664,0.0275,non-degrader
RKU48938.1 hypothetical protein DL546_009266 [Coniochaeta pulveracea],326,0.0274,non-degrader
RKU47694.1 hypothetical protein DL546_009287 [Coniochaeta pulveracea],323,0.0274,non-degrader
RKU46312.1 hypothetical protein DL546_007981 [Coniochaeta pulveracea],287,0.0274,non-degrader
RKU46296.1 hypothetical protein DL546_007671 [Coniochaeta pulveracea],476,0.0274,non-degrader
RKU42346.1 hypothetical protein DL546_005685 [Coniochaeta pulveracea],711,0.0274,non-degrader
RKU39733.1 hypothetical protein DL546_000684 [Coniochaeta pulveracea],210,0.0274,non-degrader
RKU46081.1 hypothetical protein DL546_004550 [Coniochaeta pulveracea],317,0.0273,non-degrader
RKU45779.1 proteasome component pup2 [Coniochaeta pulveracea],245,0.0273,non-degrader
RKU42291.1 hypothetical protein DL546_001470 [Coniochaeta pulveracea],283,0.0273,non-degrader
RKU40933.1 hypothetical protein DL546_002628 [Coniochaeta pulveracea],633,0.0273,non-degrader
RKU48744.1 CENP-B protein 1 [Coniochaeta pulveracea],530,0.0272,non-degrader
RKU44045.1 hypothetical protein DL546_005549 [Coniochaeta pulveracea],590,0.0272,non-degrader
RKU43672.1 hypothetical protein DL546_006593 [Coniochaeta pulveracea],263,0.0272,non-degrader
RKU43209.1 hypothetical protein DL546_006249 [Coniochaeta pulveracea],500,0.0272,non-degrader
RKU41575.1 hypothetical protein DL546_004322 [Coniochaeta pulveracea],381,0.0272,non-degrader
RKU40325.1 hypothetical protein DL546_000184 [Coniochaeta pulveracea],452,0.0272,non-degrader
RKU48026.1 hypothetical protein DL546_007354 [Coniochaeta pulveracea],363,0.0271,non-degrader
RKU46436.1 hypothetical protein DL546_006686 [Coniochaeta pulveracea],326,0.0271,non-degrader
RKU46380.1 Carbon-nitrogen hydrolase [Coniochaeta pulveracea],281,0.0271,non-degrader
RKU45911.1 hypothetical protein DL546_000745 [Coniochaeta pulveracea],302,0.0271,non-degrader
RKU45424.1 hypothetical protein DL546_006255 [Coniochaeta pulveracea],212,0.0271,non-degrader
RKU42560.1 hypothetical protein DL546_001436 [Coniochaeta pulveracea],251,0.0271,non-degrader
RKU40742.1 kinase subunit of RNA polymerase II carboxy-terminal domain kinase I [Coniochaeta pulveracea],1185,0.0271,non-degrader
RKU43185.1 hypothetical protein DL546_005056 [Coniochaeta pulveracea],320,0.027,non-degrader
RKU41796.1 hypothetical protein DL546_001503 [Coniochaeta pulveracea],305,0.027,non-degrader
RKU40199.1 hypothetical protein DL546_000898 [Coniochaeta pulveracea],521,0.027,non-degrader
RKU48965.1 hypothetical protein DL546_009452 [Coniochaeta pulveracea],380,0.0269,non-degrader
RKU45408.1 Peptidyl-prolyl cis-trans isomerase [Coniochaeta pulveracea],161,0.0269,non-degrader
RKU47751.1 hypothetical protein DL546_004339 [Coniochaeta pulveracea],795,0.0268,non-degrader
RKU46516.1 hypothetical protein DL546_008675 [Coniochaeta pulveracea],427,0.0268,non-degrader
RKU41420.1 hypothetical protein DL546_003669 [Coniochaeta pulveracea],216,0.0268,non-degrader
RKU41146.1 hypothetical protein DL546_002068 [Coniochaeta pulveracea],272,0.0268,non-degrader
RKU48019.1 hypothetical protein DL546_007028 [Coniochaeta pulveracea],620,0.0267,non-degrader
RKU45659.1 hypothetical protein DL546_004166 [Coniochaeta pulveracea],852,0.0267,non-degrader
RKU45274.1 hypothetical protein DL546_005651 [Coniochaeta pulveracea],337,0.0267,non-degrader
RKU41539.1 hypothetical protein DL546_000519 [Coniochaeta pulveracea],307,0.0267,non-degrader
RKU39830.1 hypothetical protein DL546_000165 [Coniochaeta pulveracea],332,0.0267,non-degrader
RKU46792.1 hypothetical protein DL546_006763 [Coniochaeta pulveracea],461,0.0266,non-degrader
RKU45124.1 hypothetical protein DL546_003767 [Coniochaeta pulveracea],581,0.0266,non-degrader
RKU44914.1 hypothetical protein DL546_003059 [Coniochaeta pulveracea],497,0.0266,non-degrader
RKU43241.1 hypothetical protein DL546_003448 [Coniochaeta pulveracea],177,0.0266,non-degrader
RKU49190.1 hypothetical protein DL546_008885 [Coniochaeta pulveracea],606,0.0265,non-degrader
RKU47655.1 hypothetical protein DL546_008895 [Coniochaeta pulveracea],543,0.0265,non-degrader
RKU47311.1 hypothetical protein DL546_002186 [Coniochaeta pulveracea],500,0.0265,non-degrader
RKU44678.1 hypothetical protein DL546_004698 [Coniochaeta pulveracea],336,0.0265,non-degrader
RKU42308.1 hypothetical protein DL546_003213 [Coniochaeta pulveracea],365,0.0265,non-degrader
RKU45511.1 v-type proton ATPase 16 kDa proteolipid subunit 2 [Coniochaeta pulveracea],162,0.0264,non-degrader
RKU45090.1 hypothetical protein DL546_000092 [Coniochaeta pulveracea],1897,0.0264,non-degrader
RKU44166.1 hypothetical protein DL546_006415 [Coniochaeta pulveracea],358,0.0264,non-degrader
RKU43893.1 hypothetical protein DL546_006208 [Coniochaeta pulveracea],290,0.0264,non-degrader
RKU49721.1 hypothetical protein DL546_009893 [Coniochaeta pulveracea],463,0.0263,non-degrader
RKU44476.1 Ca(2+)-dependent cysteine protease [Coniochaeta pulveracea],417,0.0263,non-degrader
RKU43985.1 ubiquinol-cytochrome c reductase core subunit 1 [Coniochaeta pulveracea],455,0.0263,non-degrader
RKU43347.1 aldehyde dehydrogenase (NAD(P)(+)) ald5 [Coniochaeta pulveracea],497,0.0263,non-degrader
RKU42145.1 hypothetical protein DL546_005310 [Coniochaeta pulveracea],124,0.0263,non-degrader
RKU48444.1 hypothetical protein DL546_001157 [Coniochaeta pulveracea],284,0.0262,non-degrader
RKU47236.1 hypothetical protein DL546_008645 [Coniochaeta pulveracea],324,0.0262,non-degrader
RKU44486.1 hypothetical protein DL546_004171 [Coniochaeta pulveracea],487,0.0262,non-degrader
RKU49003.1 hypothetical protein DL546_009661 [Coniochaeta pulveracea],354,0.0261,non-degrader
RKU46277.1 hypothetical protein DL546_007044 [Coniochaeta pulveracea],164,0.0261,non-degrader
RKU45052.1 E3 ubiquitin-protein ligase hrd1 [Coniochaeta pulveracea],922,0.0261,non-degrader
RKU42537.1 hypothetical protein DL546_005199 [Coniochaeta pulveracea],253,0.0261,non-degrader
RKU48092.1 hypothetical protein DL546_008589 [Coniochaeta pulveracea],314,0.026,non-degrader
RKU47594.1 hypothetical protein DL546_007783 [Coniochaeta pulveracea],316,0.026,non-degrader
RKU46567.1 hypothetical protein DL546_003889 [Coniochaeta pulveracea],188,0.0259,non-degrader
RKU45613.1 hypothetical protein DL546_008212 [Coniochaeta pulveracea],681,0.0259,non-degrader
RKU41065.1 hypothetical protein DL546_002477 [Coniochaeta pulveracea],467,0.0259,non-degrader
RKU39788.1 hypothetical protein DL546_000096 [Coniochaeta pulveracea],653,0.0259,non-degrader
RKU45707.1 hypothetical protein DL546_007277 [Coniochaeta pulveracea],482,0.0258,non-degrader
RKU42689.1 hypothetical protein DL546_005556 [Coniochaeta pulveracea],308,0.0258,non-degrader
RKU40143.1 hypothetical protein DL546_002202 [Coniochaeta pulveracea],256,0.0258,non-degrader
RKU48705.1 hypothetical protein DL546_009588 [Coniochaeta pulveracea],351,0.0257,non-degrader
"RKU45656.1 putrescine aminopropyltransferase, variant 2 [Coniochaeta pulveracea]",204,0.0257,non-degrader
RKU43153.1 hypothetical protein DL546_002668 [Coniochaeta pulveracea],981,0.0257,non-degrader
RKU40517.1 hypothetical protein DL546_001227 [Coniochaeta pulveracea],438,0.0257,non-degrader
RKU49177.1 hypothetical protein DL546_008746 [Coniochaeta pulveracea],617,0.0256,non-degrader
RKU45847.1 hypothetical protein DL546_007264 [Coniochaeta pulveracea],726,0.0256,non-degrader
RKU44342.1 hypothetical protein DL546_006973 [Coniochaeta pulveracea],593,0.0256,non-degrader
RKU42020.1 hypothetical protein DL546_004995 [Coniochaeta pulveracea],369,0.0256,non-degrader
RKU41544.1 hypothetical protein DL546_001268 [Coniochaeta pulveracea],658,0.0256,non-degrader
RKU45128.1 hypothetical protein DL546_004060 [Coniochaeta pulveracea],392,0.0255,non-degrader
RKU42120.1 hypothetical protein DL546_003481 [Coniochaeta pulveracea],739,0.0255,non-degrader
RKU41457.1 hypothetical protein DL546_002597 [Coniochaeta pulveracea],600,0.0255,non-degrader
RKU47549.1 hypothetical protein DL546_006435 [Coniochaeta pulveracea],410,0.0254,non-degrader
RKU46627.1 NEDD4 E3 ubiquitin-protein ligase [Coniochaeta pulveracea],824,0.0254,non-degrader
RKU41890.1 hypothetical protein DL546_004313 [Coniochaeta pulveracea],378,0.0254,non-degrader
RKU45885.1 hypothetical protein DL546_008282 [Coniochaeta pulveracea],481,0.0253,non-degrader
RKU44775.1 hypothetical protein DL546_006765 [Coniochaeta pulveracea],294,0.0253,non-degrader
RKU40770.1 hypothetical protein DL546_003010 [Coniochaeta pulveracea],497,0.0253,non-degrader
RKU49563.1 hypothetical protein DL546_009298 [Coniochaeta pulveracea],349,0.0252,non-degrader
RKU40215.1 hypothetical protein DL546_000084 [Coniochaeta pulveracea],350,0.0252,non-degrader
RKU39934.1 hypothetical protein DL546_000138 [Coniochaeta pulveracea],193,0.0252,non-degrader
RKU48265.1 hypothetical protein DL546_006207 [Coniochaeta pulveracea],1029,0.0251,non-degrader
RKU47731.1 hypothetical protein DL546_002449 [Coniochaeta pulveracea],623,0.0251,non-degrader
RKU46398.1 hypothetical protein DL546_005212 [Coniochaeta pulveracea],372,0.0251,non-degrader
RKU46185.1 protein disulfide-isomerase precursor [Coniochaeta pulveracea],491,0.0251,non-degrader
RKU42625.1 hypothetical protein DL546_005848 [Coniochaeta pulveracea],1284,0.0251,non-degrader
RKU41541.1 hypothetical protein DL546_000881 [Coniochaeta pulveracea],254,0.0251,non-degrader
RKU48093.1 hypothetical protein DL546_008589 [Coniochaeta pulveracea],294,0.025,non-degrader
RKU42467.1 Cytoplasmic glyoxalase II [Coniochaeta pulveracea],288,0.025,non-degrader
RKU41896.1 hypothetical protein DL546_004566 [Coniochaeta pulveracea],257,0.025,non-degrader
RKU40420.1 hypothetical protein DL546_002248 [Coniochaeta pulveracea],279,0.025,non-degrader
RKU45917.1 Protein ssh4 [Coniochaeta pulveracea],535,0.0249,non-degrader
RKU45553.1 hypothetical protein DL546_006011 [Coniochaeta pulveracea],109,0.0249,non-degrader
RKU44233.1 hypothetical protein DL546_005759 [Coniochaeta pulveracea],328,0.0249,non-degrader
RKU43147.1 hypothetical protein DL546_001518 [Coniochaeta pulveracea],258,0.0249,non-degrader
"RKU49197.1 Hexaprenyldihydroxybenzoate methyltransferase, mitochondrial [Coniochaeta pulveracea]",324,0.0248,non-degrader
RKU46668.1 hypothetical protein DL546_008302 [Coniochaeta pulveracea],922,0.0248,non-degrader
RKU45302.1 hypothetical protein DL546_006770 [Coniochaeta pulveracea],830,0.0248,non-degrader
RKU45102.1 Signal recognition particle [Coniochaeta pulveracea],516,0.0248,non-degrader
RKU41929.1 hypothetical protein DL546_002645 [Coniochaeta pulveracea],438,0.0248,non-degrader
RKU39919.1 hypothetical protein DL546_000613 [Coniochaeta pulveracea],171,0.0248,non-degrader
RKU48512.1 Trihydroxynaphthalene reductase [Coniochaeta pulveracea],280,0.0247,non-degrader
RKU48411.1 transcription elongation factor spt5 [Coniochaeta pulveracea],920,0.0247,non-degrader
RKU41807.1 hypothetical protein DL546_002515 [Coniochaeta pulveracea],551,0.0247,non-degrader
RKU41160.1 hypothetical protein DL546_003206 [Coniochaeta pulveracea],295,0.0247,non-degrader
RKU40767.1 hypothetical protein DL546_002692 [Coniochaeta pulveracea],308,0.0247,non-degrader
RKU47981.1 ribosome biosynthesis protein nip7 [Coniochaeta pulveracea],187,0.0246,non-degrader
RKU46672.1 hypothetical protein DL546_008377 [Coniochaeta pulveracea],125,0.0246,non-degrader
RKU46587.1 hypothetical protein DL546_005560 [Coniochaeta pulveracea],282,0.0246,non-degrader
RKU44854.1 hypothetical protein DL546_005943 [Coniochaeta pulveracea],588,0.0246,non-degrader
RKU43466.1 hypothetical protein DL546_001514 [Coniochaeta pulveracea],193,0.0246,non-degrader
RKU40615.1 hypothetical protein DL546_002389 [Coniochaeta pulveracea],374,0.0246,non-degrader
RKU49107.1 hypothetical protein DL546_006658 [Coniochaeta pulveracea],793,0.0245,non-degrader
RKU44994.1 hypothetical protein DL546_007691 [Coniochaeta pulveracea],148,0.0245,non-degrader
"RKU42240.1 Polyamine N-acetyltransferase 1, variant 2 [Coniochaeta pulveracea]",547,0.0245,non-degrader
RKU41075.1 hypothetical protein DL546_003366 [Coniochaeta pulveracea],154,0.0245,non-degrader
RKU40200.1 hypothetical protein DL546_000898 [Coniochaeta pulveracea],367,0.0245,non-degrader
RKU39976.1 L-xylulose reductase [Coniochaeta pulveracea],292,0.0245,non-degrader
RKU47827.1 hypothetical protein DL546_007886 [Coniochaeta pulveracea],235,0.0244,non-degrader
"RKU45871.1 profilin, required for normal timing of actin polymerization in response to thermal stress [Coniochaeta pulveracea]",131,0.0244,non-degrader
RKU41825.1 hypothetical protein DL546_004274 [Coniochaeta pulveracea],504,0.0244,non-degrader
RKU40157.1 hypothetical protein DL546_001661 [Coniochaeta pulveracea],351,0.0244,non-degrader
"RKU39697.1 GTP-binding protein of the rab, partial [Coniochaeta pulveracea]",61,0.0244,non-degrader
RKU46498.1 hypothetical protein DL546_008394 [Coniochaeta pulveracea],206,0.0243,non-degrader
RKU44008.1 hypothetical protein DL546_007202 [Coniochaeta pulveracea],138,0.0243,non-degrader
RKU43866.1 hypothetical protein DL546_004405 [Coniochaeta pulveracea],165,0.0243,non-degrader
RKU43259.1 hypothetical protein DL546_004756 [Coniochaeta pulveracea],1045,0.0243,non-degrader
RKU41857.1 hypothetical protein DL546_001144 [Coniochaeta pulveracea],294,0.0243,non-degrader
RKU41648.1 hypothetical protein DL546_002293 [Coniochaeta pulveracea],932,0.0243,non-degrader
RKU48320.1 hypothetical protein DL546_008218 [Coniochaeta pulveracea],325,0.0242,non-degrader
RKU46092.1 hypothetical protein DL546_005161 [Coniochaeta pulveracea],215,0.0242,non-degrader
RKU45137.1 hypothetical protein DL546_004640 [Coniochaeta pulveracea],242,0.0242,non-degrader
RKU44831.1 hypothetical protein DL546_003943 [Coniochaeta pulveracea],720,0.0242,non-degrader
RKU42252.1 Heat shock protein hsp98 [Coniochaeta pulveracea],928,0.0242,non-degrader
RKU46457.1 hypothetical protein DL546_007449 [Coniochaeta pulveracea],497,0.0241,non-degrader
RKU45352.1 hypothetical protein DL546_008153 [Coniochaeta pulveracea],285,0.0241,non-degrader
RKU42203.1 hypothetical protein DL546_004857 [Coniochaeta pulveracea],822,0.0241,non-degrader
RKU41134.1 hypothetical protein DL546_000770 [Coniochaeta pulveracea],320,0.0241,non-degrader
"RKU47326.1 acetyl-CoA synthetase, variant 3 [Coniochaeta pulveracea]",525,0.024,non-degrader
RKU46775.1 hypothetical protein DL546_006117 [Coniochaeta pulveracea],235,0.024,non-degrader
RKU45763.1 hypothetical protein DL546_000226 [Coniochaeta pulveracea],622,0.024,non-degrader
RKU44393.1 hypothetical protein DL546_004590 [Coniochaeta pulveracea],293,0.024,non-degrader
RKU43276.1 hypothetical protein DL546_005956 [Coniochaeta pulveracea],530,0.024,non-degrader
RKU42675.1 hypothetical protein DL546_004435 [Coniochaeta pulveracea],689,0.024,non-degrader
RKU42141.1 hypothetical protein DL546_005109 [Coniochaeta pulveracea],226,0.024,non-degrader
RKU48527.1 hypothetical protein DL546_006838 [Coniochaeta pulveracea],442,0.0239,non-degrader
RKU48367.1 hypothetical protein DL546_008982 [Coniochaeta pulveracea],165,0.0239,non-degrader
RKU47791.1 hypothetical protein DL546_006876 [Coniochaeta pulveracea],524,0.0239,non-degrader
RKU47132.1 hypothetical protein DL546_005527 [Coniochaeta pulveracea],330,0.0239,non-degrader
RKU44910.1 hypothetical protein DL546_002874 [Coniochaeta pulveracea],175,0.0239,non-degrader
RKU44794.1 hypothetical protein DL546_007549 [Coniochaeta pulveracea],519,0.0239,non-degrader
RKU41360.1 hypothetical protein DL546_002348 [Coniochaeta pulveracea],386,0.0239,non-degrader
RKU41017.1 hypothetical protein DL546_001183 [Coniochaeta pulveracea],247,0.0239,non-degrader
RKU40003.1 hypothetical protein DL546_000209 [Coniochaeta pulveracea],691,0.0239,non-degrader
"RKU45946.1 serine/threonine protein kinase, CMGC, CDC2/CDK sub [Coniochaeta pulveracea]",561,0.0238,non-degrader
RKU45237.1 hypothetical protein DL546_002704 [Coniochaeta pulveracea],174,0.0238,non-degrader
RKU44109.1 hypothetical protein DL546_002464 [Coniochaeta pulveracea],476,0.0238,non-degrader
RKU43146.1 hypothetical protein DL546_001518 [Coniochaeta pulveracea],300,0.0238,non-degrader
RKU41446.1 hypothetical protein DL546_001843 [Coniochaeta pulveracea],165,0.0238,non-degrader
RKU40963.1 hypothetical protein DL546_003154 [Coniochaeta pulveracea],289,0.0238,non-degrader
RKU46885.1 hypothetical protein DL546_009161 [Coniochaeta pulveracea],382,0.0237,non-degrader
RKU45961.1 hypothetical protein DL546_005302 [Coniochaeta pulveracea],208,0.0237,non-degrader
RKU42085.1 translocon subunit [Coniochaeta pulveracea],476,0.0237,non-degrader
RKU41461.1 hypothetical protein DL546_002888 [Coniochaeta pulveracea],289,0.0237,non-degrader
RKU40436.1 hypothetical protein DL546_002730 [Coniochaeta pulveracea],357,0.0237,non-degrader
RKU49340.1 hypothetical protein DL546_009875 [Coniochaeta pulveracea],235,0.0236,non-degrader
RKU47505.1 hypothetical protein DL546_003495 [Coniochaeta pulveracea],746,0.0236,non-degrader
RKU43603.1 hypothetical protein DL546_006914 [Coniochaeta pulveracea],117,0.0236,non-degrader
RKU44913.1 hypothetical protein DL546_003059 [Coniochaeta pulveracea],396,0.0235,non-degrader
RKU40579.1 FG-nucleoporin nsp1 [Coniochaeta pulveracea],669,0.0235,non-degrader
RKU49669.1 hypothetical protein DL546_009776 [Coniochaeta pulveracea],314,0.0234,non-degrader
RKU48479.1 homoisocitrate dehydrogenase [Coniochaeta pulveracea],355,0.0234,non-degrader
RKU48314.1 Lysophospholipase 1 [Coniochaeta pulveracea],685,0.0234,non-degrader
RKU46405.1 hypothetical protein DL546_005479 [Coniochaeta pulveracea],274,0.0234,non-degrader
RKU46377.1 hypothetical protein DL546_003734 [Coniochaeta pulveracea],581,0.0234,non-degrader
RKU45499.1 hypothetical protein DL546_000748 [Coniochaeta pulveracea],160,0.0234,non-degrader
RKU44598.1 hypothetical protein DL546_005942 [Coniochaeta pulveracea],304,0.0234,non-degrader
RKU43756.1 hypothetical protein DL546_006398 [Coniochaeta pulveracea],287,0.0234,non-degrader
RKU39871.1 hypothetical protein DL546_000711 [Coniochaeta pulveracea],141,0.0234,non-degrader
RKU46923.1 hypothetical protein DL546_003782 [Coniochaeta pulveracea],340,0.0233,non-degrader
RKU43809.1 hypothetical protein DL546_006428 [Coniochaeta pulveracea],103,0.0233,non-degrader
RKU49575.1 hypothetical protein DL546_009383 [Coniochaeta pulveracea],396,0.0232,non-degrader
RKU45738.1 hypothetical protein DL546_008096 [Coniochaeta pulveracea],253,0.0232,non-degrader
RKU44683.1 methylglyoxal reductase (NADPH-dependent) gre2 [Coniochaeta pulveracea],344,0.0232,non-degrader
RKU44038.1 hypothetical protein DL546_005305 [Coniochaeta pulveracea],497,0.0232,non-degrader
RKU43661.1 hypothetical protein DL546_006259 [Coniochaeta pulveracea],114,0.0232,non-degrader
RKU40019.1 hypothetical protein DL546_001609 [Coniochaeta pulveracea],1456,0.0232,non-degrader
RKU48642.1 hypothetical protein DL546_009168 [Coniochaeta pulveracea],99,0.0231,non-degrader
RKU46008.1 hypothetical protein DL546_007958 [Coniochaeta pulveracea],345,0.0231,non-degrader
RKU45459.1 hypothetical protein DL546_007742 [Coniochaeta pulveracea],743,0.0231,non-degrader
RKU44374.1 hypothetical protein DL546_002923 [Coniochaeta pulveracea],291,0.0231,non-degrader
RKU43164.1 hypothetical protein DL546_003632 [Coniochaeta pulveracea],300,0.0231,non-degrader
RKU40597.1 hypothetical protein DL546_003768 [Coniochaeta pulveracea],259,0.0231,non-degrader
RKU40001.1 hypothetical protein DL546_000050 [Coniochaeta pulveracea],532,0.0231,non-degrader
RKU45720.1 hypothetical protein DL546_007708 [Coniochaeta pulveracea],405,0.023,non-degrader
RKU39827.1 hypothetical protein DL546_001282 [Coniochaeta pulveracea],168,0.023,non-degrader
RKU48942.1 hypothetical protein DL546_009292 [Coniochaeta pulveracea],130,0.0229,non-degrader
RKU48325.1 hypothetical protein DL546_008283 [Coniochaeta pulveracea],448,0.0229,non-degrader
RKU47554.1 hypothetical protein DL546_006573 [Coniochaeta pulveracea],794,0.0229,non-degrader
RKU46883.1 hypothetical protein DL546_009142 [Coniochaeta pulveracea],500,0.0229,non-degrader
RKU46547.1 hypothetical protein DL546_001789 [Coniochaeta pulveracea],395,0.0229,non-degrader
RKU44604.1 hypothetical protein DL546_006177 [Coniochaeta pulveracea],235,0.0229,non-degrader
"RKU44190.1 ATP-dependent RNA helicase dbp2, variant 2 [Coniochaeta pulveracea]",547,0.0229,non-degrader
RKU44189.1 ATP-dependent RNA helicase dbp2 [Coniochaeta pulveracea],559,0.0229,non-degrader
RKU40756.1 hypothetical protein DL546_001034 [Coniochaeta pulveracea],208,0.0229,non-degrader
RKU39979.1 hypothetical protein DL546_001589 [Coniochaeta pulveracea],363,0.0229,non-degrader
RKU47566.1 hypothetical protein DL546_006956 [Coniochaeta pulveracea],342,0.0228,non-degrader
RKU47008.1 hypothetical protein DL546_007968 [Coniochaeta pulveracea],235,0.0228,non-degrader
RKU45761.1 hypothetical protein DL546_000077 [Coniochaeta pulveracea],310,0.0228,non-degrader
RKU45327.1 hypothetical protein DL546_007552 [Coniochaeta pulveracea],229,0.0228,non-degrader
RKU44543.1 hypothetical protein DL546_000602 [Coniochaeta pulveracea],618,0.0228,non-degrader
RKU43877.1 Homocysteine synthase [Coniochaeta pulveracea],457,0.0228,non-degrader
RKU42553.1 hypothetical protein DL546_006053 [Coniochaeta pulveracea],346,0.0228,non-degrader
RKU42239.1 Polyamine N-acetyltransferase 1 [Coniochaeta pulveracea],620,0.0228,non-degrader
"RKU46793.1 Succinate-semialdehyde dehydrogenase, mitochondrial [Coniochaeta pulveracea]",496,0.0227,non-degrader
RKU45315.1 hypothetical protein DL546_007243 [Coniochaeta pulveracea],321,0.0227,non-degrader
RKU43887.1 structural constituent of ribosome [Coniochaeta pulveracea],294,0.0227,non-degrader
RKU43873.1 hypothetical protein DL546_004745 [Coniochaeta pulveracea],384,0.0227,non-degrader
RKU43636.1 hypothetical protein DL546_004570 [Coniochaeta pulveracea],326,0.0227,non-degrader
RKU43607.1 hypothetical protein DL546_000380 [Coniochaeta pulveracea],346,0.0227,non-degrader
RKU43589.1 hypothetical protein DL546_005873 [Coniochaeta pulveracea],380,0.0227,non-degrader
RKU43409.1 translation termination inhibitor protein itt1 [Coniochaeta pulveracea],705,0.0227,non-degrader
RKU43312.1 hypothetical protein DL546_002334 [Coniochaeta pulveracea],112,0.0227,non-degrader
RKU42179.1 hypothetical protein DL546_002931 [Coniochaeta pulveracea],357,0.0227,non-degrader
RKU44755.1 hypothetical protein DL546_005634 [Coniochaeta pulveracea],282,0.0226,non-degrader
RKU43054.1 hypothetical protein DL546_006342 [Coniochaeta pulveracea],1054,0.0226,non-degrader
RKU41722.1 hypothetical protein DL546_004198 [Coniochaeta pulveracea],303,0.0226,non-degrader
RKU40261.1 hypothetical protein DL546_001313 [Coniochaeta pulveracea],301,0.0226,non-degrader
RKU39904.1 hypothetical protein DL546_001069 [Coniochaeta pulveracea],229,0.0226,non-degrader
RKU49221.1 hypothetical protein DL546_009267 [Coniochaeta pulveracea],97,0.0225,non-degrader
RKU44405.1 RNA export factor gle2 [Coniochaeta pulveracea],359,0.0225,non-degrader
RKU40418.1 hypothetical protein DL546_001917 [Coniochaeta pulveracea],1305,0.0225,non-degrader
RKU39777.1 hypothetical protein DL546_000885 [Coniochaeta pulveracea],293,0.0225,non-degrader
RKU49603.1 hypothetical protein DL546_009505 [Coniochaeta pulveracea],509,0.0224,non-degrader
RKU48428.1 hypothetical protein DL546_009594 [Coniochaeta pulveracea],172,0.0224,non-degrader
RKU46313.1 hypothetical protein DL546_007993 [Coniochaeta pulveracea],297,0.0224,non-degrader
"RKU45326.1 hypothetical protein DL546_007543, partial [Coniochaeta pulveracea]",265,0.0224,non-degrader
RKU42413.1 hypothetical protein DL546_005372 [Coniochaeta pulveracea],473,0.0224,non-degrader
RKU42158.1 hypothetical protein DL546_000802 [Coniochaeta pulveracea],269,0.0224,non-degrader
RKU49410.1 hypothetical protein DL546_005813 [Coniochaeta pulveracea],100,0.0223,non-degrader
RKU48553.1 hypothetical protein DL546_007866 [Coniochaeta pulveracea],323,0.0223,non-degrader
RKU42439.1 hypothetical protein DL546_002403 [Coniochaeta pulveracea],261,0.0223,non-degrader
RKU40813.1 hypothetical protein DL546_001263 [Coniochaeta pulveracea],458,0.0223,non-degrader
RKU40703.1 hypothetical protein DL546_003208 [Coniochaeta pulveracea],556,0.0223,non-degrader
RKU46107.1 Enolase [Coniochaeta pulveracea],438,0.0222,non-degrader
RKU45434.1 40S ribosomal protein S4 [Coniochaeta pulveracea],262,0.0221,non-degrader
"RKU39764.1 mannosyl-oligosaccharide alpha-1,2-mannosidase [Coniochaeta pulveracea]",573,0.0221,non-degrader
RKU49026.1 hypothetical protein DL546_009743 [Coniochaeta pulveracea],521,0.022,non-degrader
RKU47457.1 hypothetical protein DL546_009143 [Coniochaeta pulveracea],608,0.022,non-degrader
RKU46303.1 hypothetical protein DL546_007814 [Coniochaeta pulveracea],328,0.022,non-degrader
RKU43535.1 hypothetical protein DL546_000267 [Coniochaeta pulveracea],475,0.022,non-degrader
RKU47686.1 mannosyltransferase [Coniochaeta pulveracea],454,0.0219,non-degrader
RKU47558.1 hypothetical protein DL546_006717 [Coniochaeta pulveracea],170,0.0219,non-degrader
RKU46113.1 hypothetical protein DL546_006554 [Coniochaeta pulveracea],145,0.0219,non-degrader
RKU41478.1 hypothetical protein DL546_004380 [Coniochaeta pulveracea],301,0.0219,non-degrader
RKU49012.1 hypothetical protein DL546_009691 [Coniochaeta pulveracea],639,0.0218,non-degrader
RKU48538.1 hypothetical protein DL546_007144 [Coniochaeta pulveracea],468,0.0218,non-degrader
RKU47935.1 hypothetical protein DL546_009405 [Coniochaeta pulveracea],490,0.0218,non-degrader
"RKU45506.1 oligosaccharyl transferase glycoprotein complex, beta subunit [Coniochaeta pulveracea]",468,0.0218,non-degrader
RKU44668.1 hypothetical protein DL546_003682 [Coniochaeta pulveracea],788,0.0218,non-degrader
RKU43774.1 hypothetical protein DL546_003869 [Coniochaeta pulveracea],649,0.0218,non-degrader
RKU43746.1 hypothetical protein DL546_005985 [Coniochaeta pulveracea],415,0.0218,non-degrader
RKU43571.1 hypothetical protein DL546_004263 [Coniochaeta pulveracea],510,0.0218,non-degrader
"RKU42631.1 pyruvate dehydrogenase E1, beta subunit [Coniochaeta pulveracea]",381,0.0218,non-degrader
RKU49405.1 hypothetical protein DL546_005626 [Coniochaeta pulveracea],238,0.0217,non-degrader
RKU48385.1 hypothetical protein DL546_009229 [Coniochaeta pulveracea],379,0.0217,non-degrader
RKU48173.1 hypothetical protein DL546_009432 [Coniochaeta pulveracea],292,0.0217,non-degrader
RKU45921.1 hypothetical protein DL546_002211 [Coniochaeta pulveracea],587,0.0217,non-degrader
RKU44361.1 hypothetical protein DL546_001254 [Coniochaeta pulveracea],280,0.0217,non-degrader
RKU42107.1 hypothetical protein DL546_002128 [Coniochaeta pulveracea],721,0.0217,non-degrader
RKU40002.1 hypothetical protein DL546_000050 [Coniochaeta pulveracea],540,0.0217,non-degrader
RKU45281.1 hypothetical protein DL546_005995 [Coniochaeta pulveracea],544,0.0216,non-degrader
RKU41885.1 40S ribosomal protein S29 [Coniochaeta pulveracea],77,0.0216,non-degrader
RKU40196.1 DNA-directed RNA polymerase II subunit [Coniochaeta pulveracea],172,0.0216,non-degrader
RKU49511.1 hypothetical protein DL546_008705 [Coniochaeta pulveracea],392,0.0215,non-degrader
RKU49360.1 hypothetical protein DL546_001024 [Coniochaeta pulveracea],357,0.0215,non-degrader
RKU48986.1 UDP-glucose-4-epimerase [Coniochaeta pulveracea],372,0.0215,non-degrader
RKU48795.1 hypothetical protein DL546_005860 [Coniochaeta pulveracea],164,0.0215,non-degrader
RKU46593.1 hypothetical protein DL546_005854 [Coniochaeta pulveracea],918,0.0215,non-degrader
RKU45047.1 60S ribosomal protein L17 [Coniochaeta pulveracea],185,0.0215,non-degrader
RKU44815.1 hypothetical protein DL546_001701 [Coniochaeta pulveracea],491,0.0215,non-degrader
RKU44135.1 hypothetical protein DL546_004353 [Coniochaeta pulveracea],341,0.0215,non-degrader
RKU44029.1 hypothetical protein DL546_004678 [Coniochaeta pulveracea],549,0.0215,non-degrader
RKU43924.1 hypothetical protein DL546_000883 [Coniochaeta pulveracea],846,0.0215,non-degrader
RKU42404.1 hypothetical protein DL546_004958 [Coniochaeta pulveracea],291,0.0215,non-degrader
"RKU40528.1 hypothetical protein DL546_000038, partial [Coniochaeta pulveracea]",898,0.0215,non-degrader
RKU39748.1 hypothetical protein DL546_000105 [Coniochaeta pulveracea],557,0.0215,non-degrader
RKU49535.1 hypothetical protein DL546_009034 [Coniochaeta pulveracea],747,0.0214,non-degrader
RKU48605.1 hypothetical protein DL546_008735 [Coniochaeta pulveracea],238,0.0214,non-degrader
RKU46996.1 hypothetical protein DL546_007719 [Coniochaeta pulveracea],106,0.0214,non-degrader
RKU46712.1 hypothetical protein DL546_009062 [Coniochaeta pulveracea],384,0.0214,non-degrader
RKU45279.1 hypothetical protein DL546_005877 [Coniochaeta pulveracea],535,0.0214,non-degrader
RKU43447.1 nucleoside triphosphate pyrophosphohydrolase ham1 [Coniochaeta pulveracea],159,0.0214,non-degrader
RKU42745.1 hypothetical protein DL546_005363 [Coniochaeta pulveracea],507,0.0214,non-degrader
RKU40142.1 hypothetical protein DL546_002202 [Coniochaeta pulveracea],431,0.0214,non-degrader
RKU48991.1 hypothetical protein DL546_009624 [Coniochaeta pulveracea],286,0.0213,non-degrader
RKU48401.1 hypothetical protein DL546_009466 [Coniochaeta pulveracea],300,0.0213,non-degrader
RKU47477.1 hypothetical protein DL546_000346 [Coniochaeta pulveracea],670,0.0213,non-degrader
RKU46374.1 hydrolase 76 protein [Coniochaeta pulveracea],464,0.0213,non-degrader
RKU42910.1 hypothetical protein DL546_002121 [Coniochaeta pulveracea],331,0.0213,non-degrader
RKU41649.1 hypothetical protein DL546_002293 [Coniochaeta pulveracea],771,0.0213,non-degrader
RKU40480.1 hypothetical protein DL546_001275 [Coniochaeta pulveracea],1046,0.0213,non-degrader
RKU40154.1 hypothetical protein DL546_001305 [Coniochaeta pulveracea],272,0.0213,non-degrader
RKU39899.1 hypothetical protein DL546_001793 [Coniochaeta pulveracea],821,0.0213,non-degrader
RKU46826.1 RNA processing protein [Coniochaeta pulveracea],130,0.0212,non-degrader
RKU44351.1 hypothetical protein DL546_007349 [Coniochaeta pulveracea],298,0.0212,non-degrader
RKU43801.1 cystathionine gamma-lyase cys3 [Coniochaeta pulveracea],416,0.0212,non-degrader
"RKU43184.1 Phenylalanyl-tRNA synthetase, beta subunit, cytoplasmic [Coniochaeta pulveracea]",513,0.0212,non-degrader
RKU42827.1 hypothetical protein DL546_006340 [Coniochaeta pulveracea],229,0.0212,non-degrader
RKU41460.1 hypothetical protein DL546_002812 [Coniochaeta pulveracea],259,0.0212,non-degrader
RKU41291.1 hypothetical protein DL546_002284 [Coniochaeta pulveracea],366,0.0212,non-degrader
RKU48496.1 hypothetical protein DL546_005568 [Coniochaeta pulveracea],374,0.0211,non-degrader
RKU47757.1 hypothetical protein DL546_005092 [Coniochaeta pulveracea],134,0.0211,non-degrader
RKU42752.1 hypothetical protein DL546_006082 [Coniochaeta pulveracea],530,0.0211,non-degrader
RKU41855.1 hypothetical protein DL546_000988 [Coniochaeta pulveracea],817,0.0211,non-degrader
RKU41059.1 hypothetical protein DL546_001357 [Coniochaeta pulveracea],402,0.0211,non-degrader
RKU49569.1 hypothetical protein DL546_009343 [Coniochaeta pulveracea],470,0.021,non-degrader
RKU49536.1 hypothetical protein DL546_009034 [Coniochaeta pulveracea],472,0.021,non-degrader
RKU48967.1 hypothetical protein DL546_009460 [Coniochaeta pulveracea],456,0.021,non-degrader
RKU47862.1 hypothetical protein DL546_008561 [Coniochaeta pulveracea],590,0.021,non-degrader
RKU47841.1 hypothetical protein DL546_008145 [Coniochaeta pulveracea],1472,0.021,non-degrader
RKU47110.1 hypothetical protein DL546_004270 [Coniochaeta pulveracea],210,0.021,non-degrader
RKU46703.1 cross-pathway control WD-repeat protein cpc2 [Coniochaeta pulveracea],316,0.021,non-degrader
RKU46563.1 hypothetical protein DL546_003457 [Coniochaeta pulveracea],165,0.021,non-degrader
RKU42432.1 hypothetical protein DL546_000638 [Coniochaeta pulveracea],454,0.021,non-degrader
RKU40885.1 hypothetical protein DL546_002139 [Coniochaeta pulveracea],949,0.021,non-degrader
RKU47573.1 hypothetical protein DL546_007227 [Coniochaeta pulveracea],593,0.0209,non-degrader
RKU47384.1 hypothetical protein DL546_007040 [Coniochaeta pulveracea],436,0.0209,non-degrader
RKU46214.1 hypothetical protein DL546_003009 [Coniochaeta pulveracea],389,0.0209,non-degrader
RKU45488.1 hypothetical protein DL546_008357 [Coniochaeta pulveracea],710,0.0209,non-degrader
RKU44013.1 ATPase of 26S proteasome regulatory subunit 4 [Coniochaeta pulveracea],452,0.0209,non-degrader
RKU42450.1 ribosome bioproteinsis protein ytm1 [Coniochaeta pulveracea],485,0.0209,non-degrader
RKU39782.1 hypothetical protein DL546_000383 [Coniochaeta pulveracea],398,0.0209,non-degrader
RKU47276.1 hypothetical protein DL546_009101 [Coniochaeta pulveracea],96,0.0208,non-degrader
RKU46118.1 hypothetical protein DL546_006754 [Coniochaeta pulveracea],478,0.0208,non-degrader
RKU43066.1 hypothetical protein DL546_000824 [Coniochaeta pulveracea],348,0.0208,non-degrader
RKU40441.1 ubiquitin-protein ligase Anaphase Promoting Complex [Coniochaeta pulveracea],96,0.0208,non-degrader
RKU39890.1 hypothetical protein DL546_001078 [Coniochaeta pulveracea],490,0.0208,non-degrader
"RKU49128.1 2-hexaprenyl-6-methoxy-1,4-benzoquinone methyltransferase [Coniochaeta pulveracea]",330,0.0207,non-degrader
RKU48814.1 hypothetical protein DL546_006614 [Coniochaeta pulveracea],408,0.0207,non-degrader
RKU48415.1 mRNA-capping enzyme subunit beta [Coniochaeta pulveracea],905,0.0207,non-degrader
RKU47567.1 hypothetical protein DL546_006984 [Coniochaeta pulveracea],291,0.0207,non-degrader
RKU46178.1 hypothetical protein DL546_008482 [Coniochaeta pulveracea],267,0.0207,non-degrader
RKU45513.1 hypothetical protein DL546_002299 [Coniochaeta pulveracea],685,0.0207,non-degrader
RKU45182.1 hypothetical protein DL546_007097 [Coniochaeta pulveracea],211,0.0207,non-degrader
RKU44097.1 hypothetical protein DL546_001215 [Coniochaeta pulveracea],349,0.0207,non-degrader
RKU43186.1 hypothetical protein DL546_005056 [Coniochaeta pulveracea],275,0.0207,non-degrader
RKU42828.1 hypothetical protein DL546_006361 [Coniochaeta pulveracea],682,0.0207,non-degrader
RKU42460.1 hypothetical protein DL546_004068 [Coniochaeta pulveracea],257,0.0207,non-degrader
RKU49681.1 hypothetical protein DL546_009803 [Coniochaeta pulveracea],454,0.0206,non-degrader
RKU48153.1 hypothetical protein DL546_009314 [Coniochaeta pulveracea],413,0.0206,non-degrader
RKU43172.1 hypothetical protein DL546_004245 [Coniochaeta pulveracea],422,0.0206,non-degrader
RKU41891.1 hypothetical protein DL546_004313 [Coniochaeta pulveracea],377,0.0206,non-degrader
RKU41651.1 hypothetical protein DL546_002293 [Coniochaeta pulveracea],1155,0.0206,non-degrader
RKU40748.1 hypothetical protein DL546_000353 [Coniochaeta pulveracea],113,0.0206,non-degrader
RKU48568.1 hypothetical protein DL546_008130 [Coniochaeta pulveracea],497,0.0205,non-degrader
RKU48551.1 hypothetical protein DL546_007825 [Coniochaeta pulveracea],429,0.0205,non-degrader
"RKU48257.1 erg10, acetyl-CoA C-acetyltransferase [Coniochaeta pulveracea]",401,0.0205,non-degrader
RKU47120.1 hypothetical protein DL546_004835 [Coniochaeta pulveracea],664,0.0205,non-degrader
RKU43878.1 hypothetical protein DL546_005140 [Coniochaeta pulveracea],99,0.0205,non-degrader
RKU40757.1 hypothetical protein DL546_001129 [Coniochaeta pulveracea],126,0.0205,non-degrader
RKU40362.1 hypothetical protein DL546_001750 [Coniochaeta pulveracea],224,0.0205,non-degrader
RKU48999.1 H(+)-transporting V0 sector ATPase subunit c'' [Coniochaeta pulveracea],199,0.0204,non-degrader
RKU48638.1 hypothetical protein DL546_009117 [Coniochaeta pulveracea],1075,0.0204,non-degrader
RKU46499.1 Golgi apparatus membrane protein tvp23 [Coniochaeta pulveracea],197,0.0204,non-degrader
RKU44271.1 hypothetical protein DL546_000740 [Coniochaeta pulveracea],146,0.0204,non-degrader
RKU41166.1 hypothetical protein DL546_003760 [Coniochaeta pulveracea],382,0.0204,non-degrader
RKU40665.1 hypothetical protein DL546_002213 [Coniochaeta pulveracea],87,0.0204,non-degrader
RKU48895.1 hypothetical protein DL546_008674 [Coniochaeta pulveracea],205,0.0203,non-degrader
RKU47849.1 hypothetical protein DL546_008372 [Coniochaeta pulveracea],269,0.0203,non-degrader
RKU46787.1 hypothetical protein DL546_006657 [Coniochaeta pulveracea],460,0.0203,non-degrader
RKU45320.1 hypothetical protein DL546_007370 [Coniochaeta pulveracea],276,0.0203,non-degrader
RKU43200.1 hypothetical protein DL546_005781 [Coniochaeta pulveracea],381,0.0203,non-degrader
RKU41824.1 hypothetical protein DL546_004274 [Coniochaeta pulveracea],533,0.0203,non-degrader
RKU40160.1 hypothetical protein DL546_002141 [Coniochaeta pulveracea],536,0.0203,non-degrader
RKU49640.1 Replication factor A protein 1 [Coniochaeta pulveracea],608,0.0202,non-degrader
RKU49102.1 hypothetical protein DL546_006394 [Coniochaeta pulveracea],780,0.0202,non-degrader
RKU47980.1 hypothetical protein DL546_004672 [Coniochaeta pulveracea],159,0.0202,non-degrader
RKU46012.1 hypothetical protein DL546_008119 [Coniochaeta pulveracea],664,0.0202,non-degrader
RKU45431.1 hypothetical protein DL546_006596 [Coniochaeta pulveracea],286,0.0202,non-degrader
RKU45349.1 hypothetical protein DL546_008089 [Coniochaeta pulveracea],450,0.0202,non-degrader
RKU41450.1 hypothetical protein DL546_002115 [Coniochaeta pulveracea],243,0.0202,non-degrader
RKU40353.1 hypothetical protein DL546_000897 [Coniochaeta pulveracea],108,0.0202,non-degrader
RKU48816.1 hypothetical protein DL546_006685 [Coniochaeta pulveracea],474,0.0201,non-degrader
RKU48373.1 hypothetical protein DL546_009075 [Coniochaeta pulveracea],207,0.0201,non-degrader
RKU46802.1 hypothetical protein DL546_007183 [Coniochaeta pulveracea],511,0.0201,non-degrader
RKU46278.1 hypothetical protein DL546_007066 [Coniochaeta pulveracea],252,0.0201,non-degrader
RKU44508.1 hypothetical protein DL546_005866 [Coniochaeta pulveracea],259,0.0201,non-degrader
RKU44021.1 hypothetical protein DL546_004058 [Coniochaeta pulveracea],115,0.0201,non-degrader
RKU43909.1 hypothetical protein DL546_006870 [Coniochaeta pulveracea],2391,0.0201,non-degrader
RKU42536.1 hypothetical protein DL546_005111 [Coniochaeta pulveracea],410,0.0201,non-degrader
RKU42162.1 hypothetical protein DL546_001208 [Coniochaeta pulveracea],346,0.0201,non-degrader
"RKU40675.1 nuclear mRNA export, poly(A)+RNA binding protein [Coniochaeta pulveracea]",636,0.0201,non-degrader
RKU40268.1 hypothetical protein DL546_001931 [Coniochaeta pulveracea],1279,0.0201,non-degrader
RKU44482.1 hypothetical protein DL546_003937 [Coniochaeta pulveracea],181,0.02,non-degrader
RKU42965.1 GMP synthase (glutamine-hydrolyzing) [Coniochaeta pulveracea],545,0.02,non-degrader
RKU42814.1 hypothetical protein DL546_005517 [Coniochaeta pulveracea],351,0.02,non-degrader
RKU42518.1 hypothetical protein DL546_003887 [Coniochaeta pulveracea],267,0.02,non-degrader
RKU40800.1 hypothetical protein DL546_002836 [Coniochaeta pulveracea],407,0.02,non-degrader
RKU39957.1 hypothetical protein DL546_001461 [Coniochaeta pulveracea],349,0.02,non-degrader
RKU49391.1 hypothetical protein DL546_004933 [Coniochaeta pulveracea],166,0.0199,non-degrader
RKU49359.1 Obg-like ATPase [Coniochaeta pulveracea],394,0.0199,non-degrader
RKU47365.1 ATP synthase F0 subcomplex subunit OSCP atp5 [Coniochaeta pulveracea],222,0.0199,non-degrader
RKU44741.1 Siderophore transporter [Coniochaeta pulveracea],567,0.0199,non-degrader
RKU44324.1 hypothetical protein DL546_006296 [Coniochaeta pulveracea],848,0.0199,non-degrader
RKU43289.1 mitochondrial phosphate carrier protein [Coniochaeta pulveracea],312,0.0199,non-degrader
RKU40473.1 hypothetical protein DL546_000594 [Coniochaeta pulveracea],490,0.0199,non-degrader
RKU40273.1 hypothetical protein DL546_002511 [Coniochaeta pulveracea],175,0.0199,non-degrader
RKU39754.1 hypothetical protein DL546_000689 [Coniochaeta pulveracea],591,0.0199,non-degrader
RKU46857.1 hypothetical protein DL546_008496 [Coniochaeta pulveracea],166,0.0198,non-degrader
RKU45176.1 ccr4 associated factor [Coniochaeta pulveracea],352,0.0198,non-degrader
RKU44867.1 Vacuolar protein-sorting-associated protein 27 [Coniochaeta pulveracea],747,0.0198,non-degrader
RKU44852.1 hypothetical protein DL546_005772 [Coniochaeta pulveracea],308,0.0198,non-degrader
RKU44297.1 hypothetical protein DL546_003801 [Coniochaeta pulveracea],199,0.0198,non-degrader
RKU42673.1 hypothetical protein DL546_004283 [Coniochaeta pulveracea],713,0.0198,non-degrader
RKU41725.1 hypothetical protein DL546_004404 [Coniochaeta pulveracea],495,0.0198,non-degrader
RKU39882.1 hypothetical protein DL546_000076 [Coniochaeta pulveracea],372,0.0198,non-degrader
RKU49117.1 hypothetical protein DL546_007405 [Coniochaeta pulveracea],193,0.0197,non-degrader
RKU48216.1 Exosome non-catalytic core component [Coniochaeta pulveracea],274,0.0197,non-degrader
RKU48136.1 hypothetical protein DL546_009170 [Coniochaeta pulveracea],575,0.0197,non-degrader
RKU45956.1 hypothetical protein DL546_005104 [Coniochaeta pulveracea],150,0.0197,non-degrader
RKU43778.1 hypothetical protein DL546_004126 [Coniochaeta pulveracea],269,0.0197,non-degrader
RKU42738.1 hypothetical protein DL546_004884 [Coniochaeta pulveracea],179,0.0197,non-degrader
RKU49638.1 hypothetical protein DL546_009678 [Coniochaeta pulveracea],331,0.0196,non-degrader
RKU49593.1 hypothetical protein DL546_009471 [Coniochaeta pulveracea],411,0.0196,non-degrader
RKU49396.1 hypothetical protein DL546_005153 [Coniochaeta pulveracea],371,0.0196,non-degrader
RKU46218.1 hypothetical protein DL546_003217 [Coniochaeta pulveracea],292,0.0196,non-degrader
RKU45710.1 Aminolevulinate dehydratase [Coniochaeta pulveracea],387,0.0196,non-degrader
RKU44011.1 hypothetical protein DL546_007272 [Coniochaeta pulveracea],517,0.0196,non-degrader
RKU40985.1 hypothetical protein DL546_001686 [Coniochaeta pulveracea],314,0.0196,non-degrader
RKU40983.1 hypothetical protein DL546_001525 [Coniochaeta pulveracea],451,0.0196,non-degrader
RKU40105.1 Protein with carboxyl methyl esterase activity [Coniochaeta pulveracea],412,0.0196,non-degrader
RKU43719.1 Peptide-methionine (S)-S-oxide reductase [Coniochaeta pulveracea],206,0.0195,non-degrader
RKU41647.1 hypothetical protein DL546_002293 [Coniochaeta pulveracea],1230,0.0195,non-degrader
RKU39803.1 hypothetical protein DL546_001051 [Coniochaeta pulveracea],109,0.0195,non-degrader
RKU49494.1 hypothetical protein DL546_008400 [Coniochaeta pulveracea],351,0.0194,non-degrader
RKU48595.1 hypothetical protein DL546_008533 [Coniochaeta pulveracea],503,0.0194,non-degrader
RKU47807.1 hypothetical protein DL546_007470 [Coniochaeta pulveracea],84,0.0194,non-degrader
RKU46418.1 hypothetical protein DL546_005991 [Coniochaeta pulveracea],492,0.0194,non-degrader
RKU44561.1 GTP-binding protein of the rab/ypt [Coniochaeta pulveracea],219,0.0194,non-degrader
RKU41846.1 hypothetical protein DL546_000157 [Coniochaeta pulveracea],70,0.0194,non-degrader
RKU41316.1 hypothetical protein DL546_004395 [Coniochaeta pulveracea],166,0.0194,non-degrader
RKU40626.1 hypothetical protein DL546_003406 [Coniochaeta pulveracea],159,0.0194,non-degrader
RKU40547.1 hypothetical protein DL546_002581 [Coniochaeta pulveracea],328,0.0194,non-degrader
RKU40012.1 hypothetical protein DL546_001071 [Coniochaeta pulveracea],321,0.0194,non-degrader
RKU49658.1 oligosaccharyl transferase subunit ost3/OST6 [Coniochaeta pulveracea],329,0.0193,non-degrader
RKU48851.1 hypothetical protein DL546_007685 [Coniochaeta pulveracea],283,0.0193,non-degrader
RKU46360.1 hypothetical protein DL546_002555 [Coniochaeta pulveracea],518,0.0193,non-degrader
RKU46091.1 hypothetical protein DL546_005108 [Coniochaeta pulveracea],396,0.0193,non-degrader
RKU43776.1 hypothetical protein DL546_004047 [Coniochaeta pulveracea],422,0.0193,non-degrader
RKU43696.1 hypothetical protein DL546_001645 [Coniochaeta pulveracea],358,0.0193,non-degrader
RKU41388.1 superkiller [Coniochaeta pulveracea],353,0.0193,non-degrader
RKU41164.1 hypothetical protein DL546_003624 [Coniochaeta pulveracea],401,0.0193,non-degrader
RKU40707.1 hypothetical protein DL546_003513 [Coniochaeta pulveracea],372,0.0193,non-degrader
RKU40369.1 hypothetical protein DL546_002520 [Coniochaeta pulveracea],134,0.0193,non-degrader
RKU48198.1 hypothetical protein DL546_000452 [Coniochaeta pulveracea],658,0.0192,non-degrader
RKU48152.1 hypothetical protein DL546_009314 [Coniochaeta pulveracea],517,0.0192,non-degrader
"RKU45620.1 Altered inheritance of mitochondria protein 24, mitochondrial [Coniochaeta pulveracea]",392,0.0192,non-degrader
RKU45372.1 hypothetical protein DL546_002674 [Coniochaeta pulveracea],90,0.0192,non-degrader
RKU45306.1 hypothetical protein DL546_006890 [Coniochaeta pulveracea],123,0.0192,non-degrader
RKU43991.1 hypothetical protein DL546_006335 [Coniochaeta pulveracea],146,0.0192,non-degrader
RKU43467.1 hypothetical protein DL546_001687 [Coniochaeta pulveracea],263,0.0192,non-degrader
RKU43266.1 hypothetical protein DL546_005344 [Coniochaeta pulveracea],154,0.0192,non-degrader
RKU42947.1 hypothetical protein DL546_005162 [Coniochaeta pulveracea],975,0.0192,non-degrader
RKU42615.1 hypothetical protein DL546_005454 [Coniochaeta pulveracea],375,0.0192,non-degrader
"RKU42468.1 Cytoplasmic glyoxalase II, variant 2 [Coniochaeta pulveracea]",313,0.0192,non-degrader
RKU39818.1 hypothetical protein DL546_000330 [Coniochaeta pulveracea],430,0.0192,non-degrader
RKU46559.1 hypothetical protein DL546_002979 [Coniochaeta pulveracea],195,0.0191,non-degrader
RKU46435.1 hypothetical protein DL546_006648 [Coniochaeta pulveracea],598,0.0191,non-degrader
RKU46246.1 hypothetical protein DL546_005643 [Coniochaeta pulveracea],315,0.0191,non-degrader
RKU45557.1 hypothetical protein DL546_006252 [Coniochaeta pulveracea],264,0.0191,non-degrader
RKU45158.1 hypothetical protein DL546_005969 [Coniochaeta pulveracea],314,0.0191,non-degrader
"RKU44003.1 pyruvate carboxylase, variant 2 [Coniochaeta pulveracea]",985,0.0191,non-degrader
RKU43332.1 hypothetical protein DL546_004135 [Coniochaeta pulveracea],440,0.0191,non-degrader
RKU42594.1 hypothetical protein DL546_004314 [Coniochaeta pulveracea],374,0.0191,non-degrader
RKU41050.1 hypothetical protein DL546_000052 [Coniochaeta pulveracea],293,0.0191,non-degrader
RKU39987.1 hypothetical protein DL546_000448 [Coniochaeta pulveracea],356,0.0191,non-degrader
RKU39925.1 hypothetical protein DL546_001272 [Coniochaeta pulveracea],438,0.0191,non-degrader
RKU48911.1 Leucine aminopeptidase 1 [Coniochaeta pulveracea],325,0.019,non-degrader
RKU45159.1 hypothetical protein DL546_005969 [Coniochaeta pulveracea],312,0.019,non-degrader
RKU41650.1 hypothetical protein DL546_002293 [Coniochaeta pulveracea],1052,0.019,non-degrader
RKU40428.1 hypothetical protein DL546_003015 [Coniochaeta pulveracea],662,0.019,non-degrader
RKU39706.1 hypothetical protein DL546_000068 [Coniochaeta pulveracea],349,0.019,non-degrader
"RKU46889.1 hypothetical protein DL546_000017, partial [Coniochaeta pulveracea]",386,0.0189,non-degrader
RKU46515.1 chaperone ATPase hsp78 [Coniochaeta pulveracea],810,0.0189,non-degrader
RKU43871.1 protein transport protein S31 [Coniochaeta pulveracea],1262,0.0189,non-degrader
RKU42166.1 hypothetical protein DL546_001664 [Coniochaeta pulveracea],487,0.0189,non-degrader
RKU42155.1 hypothetical protein DL546_000349 [Coniochaeta pulveracea],331,0.0189,non-degrader
RKU41911.1 hypothetical protein DL546_005580 [Coniochaeta pulveracea],242,0.0189,non-degrader
RKU41417.1 hypothetical protein DL546_003396 [Coniochaeta pulveracea],282,0.0189,non-degrader
RKU40011.1 putative diacetyl reductase [(R)-acetoin forming] 2 [Coniochaeta pulveracea],294,0.0189,non-degrader
RKU48673.1 hypothetical protein DL546_009436 [Coniochaeta pulveracea],58,0.0188,non-degrader
RKU48517.1 Ca(2+)-dependent cysteine protease [Coniochaeta pulveracea],474,0.0188,non-degrader
RKU46995.1 hypothetical protein DL546_007681 [Coniochaeta pulveracea],435,0.0188,non-degrader
RKU46636.1 hypothetical protein DL546_007630 [Coniochaeta pulveracea],364,0.0188,non-degrader
RKU46148.1 hypothetical protein DL546_007694 [Coniochaeta pulveracea],460,0.0188,non-degrader
RKU46089.1 hypothetical protein DL546_005017 [Coniochaeta pulveracea],198,0.0188,non-degrader
RKU45573.1 hypothetical protein DL546_007074 [Coniochaeta pulveracea],686,0.0188,non-degrader
RKU43158.1 hypothetical protein DL546_003197 [Coniochaeta pulveracea],145,0.0188,non-degrader
RKU42354.1 hypothetical protein DL546_000113 [Coniochaeta pulveracea],605,0.0188,non-degrader
RKU41161.1 hypothetical protein DL546_003445 [Coniochaeta pulveracea],504,0.0188,non-degrader
RKU40823.1 hypothetical protein DL546_002532 [Coniochaeta pulveracea],394,0.0188,non-degrader
"RKU40468.1 Nonribosomal Peptide Synthase (NRPS), partial [Coniochaeta pulveracea]",7815,0.0188,non-degrader
RKU47911.1 proteinral transcription repressor [Coniochaeta pulveracea],612,0.0187,non-degrader
RKU40366.1 hypothetical protein DL546_002212 [Coniochaeta pulveracea],598,0.0187,non-degrader
RKU49615.1 hypothetical protein DL546_009564 [Coniochaeta pulveracea],1319,0.0186,non-degrader
RKU47740.1 hypothetical protein DL546_003557 [Coniochaeta pulveracea],564,0.0186,non-degrader
RKU46630.1 hypothetical protein DL546_007437 [Coniochaeta pulveracea],228,0.0186,non-degrader
RKU46550.1 multiprotein-bridging factor 1 [Coniochaeta pulveracea],156,0.0186,non-degrader
RKU46330.1 Type I Iterative Polyketide synthase (PKS) [Coniochaeta pulveracea],2098,0.0186,non-degrader
RKU44908.1 hypothetical protein DL546_002612 [Coniochaeta pulveracea],638,0.0186,non-degrader
RKU44532.1 hypothetical protein DL546_007192 [Coniochaeta pulveracea],1168,0.0186,non-degrader
RKU44454.1 hypothetical protein DL546_001008 [Coniochaeta pulveracea],629,0.0186,non-degrader
RKU44265.1 hypothetical protein DL546_007450 [Coniochaeta pulveracea],586,0.0186,non-degrader
RKU43622.1 hypothetical protein DL546_003173 [Coniochaeta pulveracea],555,0.0186,non-degrader
RKU43506.1 hypothetical protein DL546_004777 [Coniochaeta pulveracea],577,0.0186,non-degrader
RKU43035.1 hypothetical protein DL546_005160 [Coniochaeta pulveracea],692,0.0186,non-degrader
RKU40883.1 hypothetical protein DL546_001756 [Coniochaeta pulveracea],250,0.0186,non-degrader
RKU47913.1 hypothetical protein DL546_009212 [Coniochaeta pulveracea],789,0.0185,non-degrader
RKU47805.1 hypothetical protein DL546_007382 [Coniochaeta pulveracea],993,0.0185,non-degrader
RKU46572.1 hypothetical protein DL546_004348 [Coniochaeta pulveracea],975,0.0185,non-degrader
RKU46346.1 hypothetical protein DL546_008707 [Coniochaeta pulveracea],258,0.0185,non-degrader
RKU43283.1 hypothetical protein DL546_006386 [Coniochaeta pulveracea],440,0.0185,non-degrader
RKU43280.1 hypothetical protein DL546_006223 [Coniochaeta pulveracea],319,0.0185,non-degrader
RKU43098.1 hypothetical protein DL546_003797 [Coniochaeta pulveracea],155,0.0185,non-degrader
RKU41114.1 hypothetical protein DL546_003020 [Coniochaeta pulveracea],212,0.0185,non-degrader
RKU40612.1 N-acetyl-glucosamine-6-phosphate deacetylase [Coniochaeta pulveracea],611,0.0185,non-degrader
RKU47415.1 hypothetical protein DL546_008066 [Coniochaeta pulveracea],539,0.0184,non-degrader
RKU46992.1 hypothetical protein DL546_007634 [Coniochaeta pulveracea],484,0.0184,non-degrader
RKU46991.1 hypothetical protein DL546_007634 [Coniochaeta pulveracea],484,0.0184,non-degrader
RKU45767.1 hypothetical protein DL546_000718 [Coniochaeta pulveracea],273,0.0184,non-degrader
RKU45605.1 hypothetical protein DL546_008006 [Coniochaeta pulveracea],316,0.0184,non-degrader
RKU45202.1 putative RNA helicase [Coniochaeta pulveracea],543,0.0184,non-degrader
RKU44458.1 hypothetical protein DL546_001438 [Coniochaeta pulveracea],299,0.0184,non-degrader
RKU43659.1 hypothetical protein DL546_006201 [Coniochaeta pulveracea],450,0.0184,non-degrader
RKU39910.1 protein transport protein bos1 [Coniochaeta pulveracea],262,0.0184,non-degrader
RKU48905.1 hypothetical protein DL546_008835 [Coniochaeta pulveracea],539,0.0183,non-degrader
RKU47898.1 hypothetical protein DL546_009019 [Coniochaeta pulveracea],110,0.0183,non-degrader
RKU47262.1 hypothetical protein DL546_008959 [Coniochaeta pulveracea],339,0.0183,non-degrader
RKU46215.1 hypothetical protein DL546_003009 [Coniochaeta pulveracea],345,0.0183,non-degrader
RKU44524.1 hypothetical protein DL546_006891 [Coniochaeta pulveracea],700,0.0183,non-degrader
RKU44433.1 hypothetical protein DL546_007220 [Coniochaeta pulveracea],455,0.0183,non-degrader
RKU43953.1 S-adenosylmethionine transporter [Coniochaeta pulveracea],324,0.0183,non-degrader
RKU42599.1 hypothetical protein DL546_004537 [Coniochaeta pulveracea],305,0.0183,non-degrader
RKU42332.1 hypothetical protein DL546_005188 [Coniochaeta pulveracea],363,0.0183,non-degrader
RKU41439.1 hypothetical protein DL546_001115 [Coniochaeta pulveracea],504,0.0183,non-degrader
RKU41187.1 hypothetical protein DL546_001455 [Coniochaeta pulveracea],242,0.0183,non-degrader
RKU40590.1 26S proteasome regulatory subunit 7 [Coniochaeta pulveracea],439,0.0183,non-degrader
RKU49424.1 hypothetical protein DL546_006650 [Coniochaeta pulveracea],385,0.0182,non-degrader
RKU48167.1 hypothetical protein DL546_009408 [Coniochaeta pulveracea],373,0.0182,non-degrader
"RKU46877.1 Aspartate aminotransferase, cytoplasmic [Coniochaeta pulveracea]",420,0.0182,non-degrader
RKU42908.1 hypothetical protein DL546_001909 [Coniochaeta pulveracea],454,0.0182,non-degrader
RKU42724.1 hypothetical protein DL546_004007 [Coniochaeta pulveracea],238,0.0182,non-degrader
RKU49148.1 hypothetical protein DL546_008244 [Coniochaeta pulveracea],171,0.0181,non-degrader
RKU46835.1 hypothetical protein DL546_007990 [Coniochaeta pulveracea],167,0.0181,non-degrader
RKU45514.1 hypothetical protein DL546_002434 [Coniochaeta pulveracea],405,0.0181,non-degrader
RKU44229.1 hypothetical protein DL546_005535 [Coniochaeta pulveracea],555,0.0181,non-degrader
RKU41007.1 centromeric DNA-binding histone H3-like protein cse4 [Coniochaeta pulveracea],152,0.0181,non-degrader
RKU40944.1 hypothetical protein DL546_001484 [Coniochaeta pulveracea],525,0.0181,non-degrader
RKU40646.1 hypothetical protein DL546_000213 [Coniochaeta pulveracea],271,0.0181,non-degrader
RKU40632.1 hypothetical protein DL546_001366 [Coniochaeta pulveracea],597,0.0181,non-degrader
RKU49047.1 hypothetical protein DL546_000664 [Coniochaeta pulveracea],553,0.018,non-degrader
RKU48498.1 hypothetical protein DL546_005664 [Coniochaeta pulveracea],493,0.018,non-degrader
RKU48058.1 hypothetical protein DL546_008081 [Coniochaeta pulveracea],603,0.018,non-degrader
RKU47338.1 hypothetical protein DL546_004399 [Coniochaeta pulveracea],623,0.018,non-degrader
RKU46369.1 hypothetical protein DL546_003258 [Coniochaeta pulveracea],279,0.018,non-degrader
RKU45322.1 hypothetical protein DL546_007442 [Coniochaeta pulveracea],347,0.018,non-degrader
RKU45013.1 hypothetical protein DL546_003542 [Coniochaeta pulveracea],615,0.018,non-degrader
RKU44972.1 hypothetical protein DL546_007079 [Coniochaeta pulveracea],1129,0.018,non-degrader
RKU43319.1 hypothetical protein DL546_002934 [Coniochaeta pulveracea],1455,0.018,non-degrader
RKU42487.1 hypothetical protein DL546_006005 [Coniochaeta pulveracea],452,0.018,non-degrader
RKU40786.1 hypothetical protein DL546_001278 [Coniochaeta pulveracea],411,0.018,non-degrader
RKU39792.1 hypothetical protein DL546_000753 [Coniochaeta pulveracea],499,0.018,non-degrader
RKU49306.1 GTPase-activating protein S13 [Coniochaeta pulveracea],313,0.0179,non-degrader
RKU48333.1 hypothetical protein DL546_008450 [Coniochaeta pulveracea],220,0.0179,non-degrader
RKU47597.1 hypothetical protein DL546_007841 [Coniochaeta pulveracea],661,0.0179,non-degrader
RKU44294.1 hypothetical protein DL546_003367 [Coniochaeta pulveracea],751,0.0179,non-degrader
RKU43745.1 hypothetical protein DL546_005985 [Coniochaeta pulveracea],437,0.0179,non-degrader
RKU43550.1 prephenate dehydratase [Coniochaeta pulveracea],319,0.0179,non-degrader
RKU42430.1 Branchpoint-bridging protein [Coniochaeta pulveracea],593,0.0179,non-degrader
RKU40124.1 hypothetical protein DL546_000201 [Coniochaeta pulveracea],102,0.0179,non-degrader
RKU49619.1 hypothetical protein DL546_009580 [Coniochaeta pulveracea],150,0.0178,non-degrader
RKU49140.1 hypothetical protein DL546_008091 [Coniochaeta pulveracea],792,0.0178,non-degrader
RKU48879.1 hypothetical protein DL546_008385 [Coniochaeta pulveracea],881,0.0178,non-degrader
RKU44970.1 CDP-diacylglycerol--glycerol-3-phosphate 3-phosphatidyltransferase [Coniochaeta pulveracea],914,0.0178,non-degrader
RKU44337.1 hypothetical protein DL546_006798 [Coniochaeta pulveracea],442,0.0178,non-degrader
RKU44054.1 SCF ubiquitin ligase complex subunit [Coniochaeta pulveracea],822,0.0178,non-degrader
RKU42695.1 hypothetical protein DL546_005892 [Coniochaeta pulveracea],808,0.0178,non-degrader
RKU42341.1 3-hydroxyanthranilic acid dioxygenase [Coniochaeta pulveracea],180,0.0178,non-degrader
RKU41981.1 hypothetical protein DL546_001749 [Coniochaeta pulveracea],186,0.0178,non-degrader
RKU41831.1 Ferulic acid decarboxylase 1 [Coniochaeta pulveracea],469,0.0178,non-degrader
RKU41247.1 hypothetical protein DL546_002840 [Coniochaeta pulveracea],192,0.0178,non-degrader
RKU40853.1 mRNA splicing protein smd1 [Coniochaeta pulveracea],128,0.0178,non-degrader
RKU40562.1 cytosine deaminase [Coniochaeta pulveracea],163,0.0178,non-degrader
RKU49523.1 hypothetical protein DL546_008887 [Coniochaeta pulveracea],323,0.0177,non-degrader
RKU48409.1 hypothetical protein DL546_009500 [Coniochaeta pulveracea],648,0.0177,non-degrader
RKU46805.1 hypothetical protein DL546_007280 [Coniochaeta pulveracea],708,0.0177,non-degrader
RKU46361.1 hypothetical protein DL546_002636 [Coniochaeta pulveracea],333,0.0177,non-degrader
RKU45385.1 karyopherin beta [Coniochaeta pulveracea],876,0.0177,non-degrader
RKU44911.1 hypothetical protein DL546_002911 [Coniochaeta pulveracea],440,0.0177,non-degrader
RKU44546.1 hypothetical protein DL546_001201 [Coniochaeta pulveracea],540,0.0177,non-degrader
RKU44172.1 hypothetical protein DL546_006630 [Coniochaeta pulveracea],397,0.0177,non-degrader
RKU43341.1 hypothetical protein DL546_004741 [Coniochaeta pulveracea],294,0.0177,non-degrader
RKU41456.1 hypothetical protein DL546_002597 [Coniochaeta pulveracea],663,0.0177,non-degrader
RKU41267.1 hypothetical protein DL546_004635 [Coniochaeta pulveracea],160,0.0177,non-degrader
RKU41110.1 hypothetical protein DL546_002642 [Coniochaeta pulveracea],470,0.0177,non-degrader
RKU39813.1 hypothetical protein DL546_001011 [Coniochaeta pulveracea],1163,0.0177,non-degrader
RKU49564.1 hypothetical protein DL546_009309 [Coniochaeta pulveracea],376,0.0176,non-degrader
RKU47873.1 protein kinase ssp1 [Coniochaeta pulveracea],179,0.0176,non-degrader
RKU46634.1 hypothetical protein DL546_007576 [Coniochaeta pulveracea],357,0.0176,non-degrader
RKU46180.1 CENP-B protein 1 [Coniochaeta pulveracea],457,0.0176,non-degrader
RKU45862.1 GTP-binding protein [Coniochaeta pulveracea],201,0.0176,non-degrader
RKU45282.1 hypothetical protein DL546_006074 [Coniochaeta pulveracea],186,0.0176,non-degrader
RKU44270.1 hypothetical protein DL546_000618 [Coniochaeta pulveracea],272,0.0176,non-degrader
RKU44131.1 hypothetical protein DL546_004194 [Coniochaeta pulveracea],84,0.0176,non-degrader
RKU42984.1 hypothetical protein DL546_001074 [Coniochaeta pulveracea],185,0.0176,non-degrader
RKU49153.1 hypothetical protein DL546_008328 [Coniochaeta pulveracea],282,0.0175,non-degrader
RKU47286.1 hypothetical protein DL546_009208 [Coniochaeta pulveracea],119,0.0175,non-degrader
RKU44578.1 hypothetical protein DL546_004491 [Coniochaeta pulveracea],322,0.0175,non-degrader
RKU43777.1 hypothetical protein DL546_004126 [Coniochaeta pulveracea],335,0.0175,non-degrader
RKU43665.1 hypothetical protein DL546_006367 [Coniochaeta pulveracea],327,0.0175,non-degrader
RKU42026.1 hypothetical protein DL546_005243 [Coniochaeta pulveracea],290,0.0175,non-degrader
RKU40998.1 hypothetical protein DL546_003786 [Coniochaeta pulveracea],370,0.0175,non-degrader
RKU40781.1 hypothetical protein DL546_000676 [Coniochaeta pulveracea],341,0.0175,non-degrader
RKU40208.1 hypothetical protein DL546_001950 [Coniochaeta pulveracea],354,0.0175,non-degrader
RKU48514.1 Protein required for ethanol metabolism [Coniochaeta pulveracea],225,0.0174,non-degrader
RKU47432.1 protein transport protein bet1 [Coniochaeta pulveracea],165,0.0174,non-degrader
RKU47051.1 hypothetical protein DL546_008792 [Coniochaeta pulveracea],291,0.0174,non-degrader
RKU46922.1 hypothetical protein DL546_003695 [Coniochaeta pulveracea],579,0.0174,non-degrader
RKU46745.1 hypothetical protein DL546_003852 [Coniochaeta pulveracea],301,0.0174,non-degrader
RKU46379.1 hypothetical protein DL546_003942 [Coniochaeta pulveracea],364,0.0174,non-degrader
RKU45934.1 hypothetical protein DL546_003774 [Coniochaeta pulveracea],629,0.0174,non-degrader
RKU45235.1 cytoskeletal protein binding protein [Coniochaeta pulveracea],808,0.0174,non-degrader
RKU44931.1 hypothetical protein DL546_004375 [Coniochaeta pulveracea],288,0.0174,non-degrader
RKU44378.1 hypothetical protein DL546_003334 [Coniochaeta pulveracea],526,0.0174,non-degrader
RKU44359.1 hypothetical protein DL546_000444 [Coniochaeta pulveracea],213,0.0174,non-degrader
RKU44259.1 hypothetical protein DL546_007247 [Coniochaeta pulveracea],662,0.0174,non-degrader
RKU41915.1 hypothetical protein DL546_000509 [Coniochaeta pulveracea],502,0.0174,non-degrader
RKU40054.1 hypothetical protein DL546_002146 [Coniochaeta pulveracea],218,0.0174,non-degrader
RKU49647.1 hypothetical protein DL546_009707 [Coniochaeta pulveracea],399,0.0173,non-degrader
RKU45415.1 hypothetical protein DL546_005940 [Coniochaeta pulveracea],728,0.0173,non-degrader
RKU45258.1 hypothetical protein DL546_004290 [Coniochaeta pulveracea],444,0.0173,non-degrader
RKU44882.1 hypothetical protein DL546_007407 [Coniochaeta pulveracea],508,0.0173,non-degrader
RKU44760.1 hypothetical protein DL546_006017 [Coniochaeta pulveracea],430,0.0173,non-degrader
RKU44652.1 hypothetical protein DL546_002295 [Coniochaeta pulveracea],274,0.0173,non-degrader
"RKU44444.1 hypothetical protein DL546_007585, partial [Coniochaeta pulveracea]",84,0.0173,non-degrader
RKU43562.1 actin organization and endocytosis protein [Coniochaeta pulveracea],1474,0.0173,non-degrader
RKU43330.1 aspartate transaminase aat1 [Coniochaeta pulveracea],424,0.0173,non-degrader
RKU41433.1 hypothetical protein DL546_000473 [Coniochaeta pulveracea],280,0.0173,non-degrader
RKU41432.1 hypothetical protein DL546_000473 [Coniochaeta pulveracea],301,0.0173,non-degrader
RKU40982.1 hypothetical protein DL546_001444 [Coniochaeta pulveracea],88,0.0173,non-degrader
RKU39889.1 hypothetical protein DL546_001029 [Coniochaeta pulveracea],141,0.0173,non-degrader
RKU39828.1 hypothetical protein DL546_001314 [Coniochaeta pulveracea],149,0.0173,non-degrader
RKU48955.1 hypothetical protein DL546_009400 [Coniochaeta pulveracea],646,0.0172,non-degrader
RKU48918.1 NADPH-adrenodoxin reductase [Coniochaeta pulveracea],520,0.0172,non-degrader
RKU47302.1 hypothetical protein DL546_000358 [Coniochaeta pulveracea],358,0.0172,non-degrader
"RKU46490.1 glutamine--fructose-6-phosphate transaminase (isomerizing), variant 2 [Coniochaeta pulveracea]",548,0.0172,non-degrader
RKU46100.1 hypothetical protein DL546_005701 [Coniochaeta pulveracea],118,0.0172,non-degrader
RKU43568.1 hypothetical protein DL546_004052 [Coniochaeta pulveracea],290,0.0172,non-degrader
RKU42914.1 hypothetical protein DL546_002478 [Coniochaeta pulveracea],574,0.0172,non-degrader
RKU41548.1 hypothetical protein DL546_001904 [Coniochaeta pulveracea],504,0.0172,non-degrader
RKU41518.1 hypothetical protein DL546_004299 [Coniochaeta pulveracea],313,0.0172,non-degrader
RKU41002.1 hypothetical protein DL546_004040 [Coniochaeta pulveracea],293,0.0172,non-degrader
RKU40988.1 High-affinity glucose transporter rgt2 [Coniochaeta pulveracea],527,0.0172,non-degrader
RKU39930.1 hypothetical protein DL546_001572 [Coniochaeta pulveracea],303,0.0172,non-degrader
RKU39849.1 hypothetical protein DL546_000831 [Coniochaeta pulveracea],419,0.0172,non-degrader
RKU48154.1 hypothetical protein DL546_009314 [Coniochaeta pulveracea],380,0.0171,non-degrader
RKU47385.1 hypothetical protein DL546_007040 [Coniochaeta pulveracea],486,0.0171,non-degrader
RKU46926.1 hypothetical protein DL546_003927 [Coniochaeta pulveracea],378,0.0171,non-degrader
RKU44006.1 hypothetical protein DL546_007142 [Coniochaeta pulveracea],401,0.0171,non-degrader
RKU43212.1 RNA-splicing factor [Coniochaeta pulveracea],428,0.0171,non-degrader
RKU42985.1 hypothetical protein DL546_001117 [Coniochaeta pulveracea],190,0.0171,non-degrader
RKU41218.1 hypothetical protein DL546_004311 [Coniochaeta pulveracea],520,0.0171,non-degrader
RKU39905.1 hypothetical protein DL546_001146 [Coniochaeta pulveracea],471,0.0171,non-degrader
RKU48508.1 hypothetical protein DL546_006180 [Coniochaeta pulveracea],301,0.017,non-degrader
RKU47621.1 hypothetical protein DL546_008402 [Coniochaeta pulveracea],363,0.017,non-degrader
"RKU47619.1 Non-essential glycogen phosphorylase, variant 2 [Coniochaeta pulveracea]",895,0.017,non-degrader
RKU47618.1 Non-essential glycogen phosphorylase [Coniochaeta pulveracea],895,0.017,non-degrader
RKU44002.1 pyruvate carboxylase [Coniochaeta pulveracea],906,0.017,non-degrader
RKU43684.1 hypothetical protein DL546_000220 [Coniochaeta pulveracea],886,0.017,non-degrader
RKU40821.1 hypothetical protein DL546_002151 [Coniochaeta pulveracea],1415,0.017,non-degrader
RKU40319.1 hypothetical protein DL546_002468 [Coniochaeta pulveracea],474,0.017,non-degrader
RKU39727.1 hypothetical protein DL546_000072 [Coniochaeta pulveracea],313,0.017,non-degrader
RKU47396.1 hypothetical protein DL546_007430 [Coniochaeta pulveracea],765,0.0169,non-degrader
RKU44577.1 Peroxisomal membrane protein PAS20 [Coniochaeta pulveracea],601,0.0169,non-degrader
RKU44019.1 hypothetical protein DL546_003998 [Coniochaeta pulveracea],259,0.0169,non-degrader
RKU43773.1 hypothetical protein DL546_003771 [Coniochaeta pulveracea],514,0.0169,non-degrader
RKU42696.1 hypothetical protein DL546_005964 [Coniochaeta pulveracea],95,0.0169,non-degrader
RKU41942.1 ATP-binding cassette permease mdl1 [Coniochaeta pulveracea],823,0.0169,non-degrader
RKU41221.1 hypothetical protein DL546_004618 [Coniochaeta pulveracea],656,0.0169,non-degrader
RKU47764.1 hypothetical protein DL546_005490 [Coniochaeta pulveracea],569,0.0168,non-degrader
RKU47188.1 hypothetical protein DL546_007816 [Coniochaeta pulveracea],173,0.0168,non-degrader
RKU45638.1 hypothetical protein DL546_001796 [Coniochaeta pulveracea],550,0.0168,non-degrader
RKU41032.1 hypothetical protein DL546_002981 [Coniochaeta pulveracea],402,0.0168,non-degrader
RKU40464.1 hypothetical protein DL546_002238 [Coniochaeta pulveracea],247,0.0168,non-degrader
RKU40399.1 Phosphoacetylglucosamine Mutase [Coniochaeta pulveracea],543,0.0168,non-degrader
RKU40090.1 hypothetical protein DL546_002230 [Coniochaeta pulveracea],119,0.0168,non-degrader
RKU48476.1 hypothetical protein DL546_004038 [Coniochaeta pulveracea],431,0.0167,non-degrader
RKU46454.1 hypothetical protein DL546_007294 [Coniochaeta pulveracea],817,0.0167,non-degrader
RKU45764.1 hypothetical protein DL546_000374 [Coniochaeta pulveracea],470,0.0167,non-degrader
RKU44822.1 hypothetical protein DL546_002466 [Coniochaeta pulveracea],208,0.0167,non-degrader
RKU44772.1 hypothetical protein DL546_006495 [Coniochaeta pulveracea],513,0.0167,non-degrader
RKU43040.1 actin-related protein 6 [Coniochaeta pulveracea],447,0.0167,non-degrader
RKU42565.1 hypothetical protein DL546_001703 [Coniochaeta pulveracea],560,0.0167,non-degrader
RKU42373.1 hypothetical protein DL546_002321 [Coniochaeta pulveracea],1530,0.0167,non-degrader
RKU41747.1 triosephosphate isomerase [Coniochaeta pulveracea],250,0.0167,non-degrader
RKU41551.1 hypothetical protein DL546_002175 [Coniochaeta pulveracea],1734,0.0167,non-degrader
RKU41318.1 hypothetical protein DL546_004504 [Coniochaeta pulveracea],104,0.0167,non-degrader
RKU40435.1 hypothetical protein DL546_002613 [Coniochaeta pulveracea],405,0.0167,non-degrader
RKU48803.1 hypothetical protein DL546_006317 [Coniochaeta pulveracea],78,0.0166,non-degrader
RKU48396.1 hypothetical protein DL546_009387 [Coniochaeta pulveracea],169,0.0166,non-degrader
RKU47789.1 hypothetical protein DL546_006787 [Coniochaeta pulveracea],494,0.0166,non-degrader
RKU47746.1 Twinfilin-1 [Coniochaeta pulveracea],333,0.0166,non-degrader
RKU47209.1 hypothetical protein DL546_008191 [Coniochaeta pulveracea],532,0.0166,non-degrader
RKU46182.1 hypothetical protein DL546_008546 [Coniochaeta pulveracea],133,0.0166,non-degrader
RKU45030.1 hypothetical protein DL546_005060 [Coniochaeta pulveracea],285,0.0166,non-degrader
RKU44481.1 dihydrolipoamide dehydrogenase precursor [Coniochaeta pulveracea],502,0.0166,non-degrader
RKU44298.1 hypothetical protein DL546_003955 [Coniochaeta pulveracea],1336,0.0166,non-degrader
RKU44212.1 hypothetical protein DL546_003144 [Coniochaeta pulveracea],539,0.0166,non-degrader
RKU43095.1 hypothetical protein DL546_003626 [Coniochaeta pulveracea],480,0.0166,non-degrader
RKU40974.1 hypothetical protein DL546_004009 [Coniochaeta pulveracea],809,0.0166,non-degrader
RKU40340.1 hypothetical protein DL546_002287 [Coniochaeta pulveracea],531,0.0166,non-degrader
RKU39750.1 hypothetical protein DL546_000310 [Coniochaeta pulveracea],195,0.0166,non-degrader
RKU47947.1 hypothetical protein DL546_001288 [Coniochaeta pulveracea],631,0.0165,non-degrader
RKU47946.1 hypothetical protein DL546_001197 [Coniochaeta pulveracea],464,0.0165,non-degrader
RKU47838.1 hypothetical protein DL546_008099 [Coniochaeta pulveracea],271,0.0165,non-degrader
RKU47766.1 hypothetical protein DL546_005612 [Coniochaeta pulveracea],364,0.0165,non-degrader
RKU44442.1 hypothetical protein DL546_007546 [Coniochaeta pulveracea],397,0.0165,non-degrader
RKU41973.1 hypothetical protein DL546_001014 [Coniochaeta pulveracea],280,0.0165,non-degrader
RKU41730.1 histone H2B [Coniochaeta pulveracea],138,0.0165,non-degrader
RKU41491.1 hypothetical protein DL546_000563 [Coniochaeta pulveracea],294,0.0165,non-degrader
"RKU40989.1 High-affinity glucose transporter rgt2, variant 2 [Coniochaeta pulveracea]",523,0.0165,non-degrader
RKU40339.1 hypothetical protein DL546_002194 [Coniochaeta pulveracea],532,0.0165,non-degrader
RKU40259.1 hypothetical protein DL546_001191 [Coniochaeta pulveracea],344,0.0165,non-degrader
"RKU39933.1 hypothetical protein DL546_001836, partial [Coniochaeta pulveracea]",287,0.0165,non-degrader
RKU49692.1 hypothetical protein DL546_009826 [Coniochaeta pulveracea],341,0.0164,non-degrader
RKU49420.1 hypothetical protein DL546_006286 [Coniochaeta pulveracea],236,0.0164,non-degrader
RKU48897.1 hypothetical protein DL546_008697 [Coniochaeta pulveracea],231,0.0164,non-degrader
RKU48224.1 hypothetical protein DL546_003008 [Coniochaeta pulveracea],340,0.0164,non-degrader
RKU48191.1 Protein kinase [Coniochaeta pulveracea],877,0.0164,non-degrader
RKU47919.1 hypothetical protein DL546_009294 [Coniochaeta pulveracea],410,0.0164,non-degrader
"RKU47087.1 hypothetical protein DL546_000033, partial [Coniochaeta pulveracea]",290,0.0164,non-degrader
RKU46535.1 hypothetical protein DL546_008944 [Coniochaeta pulveracea],421,0.0164,non-degrader
RKU44542.1 hypothetical protein DL546_000385 [Coniochaeta pulveracea],673,0.0164,non-degrader
RKU43487.1 Epsin-3 [Coniochaeta pulveracea],523,0.0164,non-degrader
RKU42941.1 hypothetical protein DL546_004767 [Coniochaeta pulveracea],270,0.0164,non-degrader
RKU42076.1 Peptidyl-prolyl cis-trans isomerase B [Coniochaeta pulveracea],207,0.0164,non-degrader
RKU41278.1 hypothetical protein DL546_000758 [Coniochaeta pulveracea],94,0.0164,non-degrader
RKU41064.1 hypothetical protein DL546_002253 [Coniochaeta pulveracea],1676,0.0164,non-degrader
RKU40442.1 hypothetical protein DL546_003130 [Coniochaeta pulveracea],346,0.0164,non-degrader
RKU40207.1 hypothetical protein DL546_001807 [Coniochaeta pulveracea],502,0.0164,non-degrader
"RKU39720.1 hypothetical protein DL546_000543, partial [Coniochaeta pulveracea]",321,0.0164,non-degrader
RKU49220.1 hypothetical protein DL546_009262 [Coniochaeta pulveracea],400,0.0163,non-degrader
RKU48456.1 hypothetical protein DL546_002304 [Coniochaeta pulveracea],117,0.0163,non-degrader
RKU48258.1 hypothetical protein DL546_005775 [Coniochaeta pulveracea],331,0.0163,non-degrader
RKU47636.1 hypothetical protein DL546_008610 [Coniochaeta pulveracea],486,0.0163,non-degrader
RKU47129.1 hypothetical protein DL546_005391 [Coniochaeta pulveracea],228,0.0163,non-degrader
RKU46694.1 hypothetical protein DL546_008780 [Coniochaeta pulveracea],349,0.0163,non-degrader
RKU46573.1 hypothetical protein DL546_004475 [Coniochaeta pulveracea],95,0.0163,non-degrader
RKU46562.1 hypothetical protein DL546_003404 [Coniochaeta pulveracea],264,0.0163,non-degrader
RKU45960.1 hypothetical protein DL546_005270 [Coniochaeta pulveracea],310,0.0163,non-degrader
RKU44791.1 hypothetical protein DL546_007441 [Coniochaeta pulveracea],267,0.0163,non-degrader
RKU43005.1 hypothetical protein DL546_002810 [Coniochaeta pulveracea],344,0.0163,non-degrader
RKU41719.1 hypothetical protein DL546_003954 [Coniochaeta pulveracea],520,0.0163,non-degrader
RKU40977.1 hypothetical protein DL546_000549 [Coniochaeta pulveracea],571,0.0163,non-degrader
RKU40737.1 Histone acetyltransferase type B subunit 2 [Coniochaeta pulveracea],525,0.0163,non-degrader
RKU39703.1 hypothetical protein DL546_000215 [Coniochaeta pulveracea],264,0.0163,non-degrader
RKU47312.1 hypothetical protein DL546_002285 [Coniochaeta pulveracea],503,0.0162,non-degrader
RKU46413.1 hypothetical protein DL546_005731 [Coniochaeta pulveracea],140,0.0162,non-degrader
RKU46163.1 autophagy-related protein 22 [Coniochaeta pulveracea],501,0.0162,non-degrader
RKU44929.1 hypothetical protein DL546_004238 [Coniochaeta pulveracea],368,0.0162,non-degrader
RKU44121.1 hypothetical protein DL546_003228 [Coniochaeta pulveracea],566,0.0162,non-degrader
RKU41451.1 hypothetical protein DL546_002157 [Coniochaeta pulveracea],203,0.0162,non-degrader
RKU40298.1 C2H2 finger domain transcription factor con7 [Coniochaeta pulveracea],410,0.0162,non-degrader
RKU49612.1 hypothetical protein DL546_009554 [Coniochaeta pulveracea],432,0.0161,non-degrader
"RKU48987.1 UDP-glucose-4-epimerase, variant 2 [Coniochaeta pulveracea]",258,0.0161,non-degrader
RKU48382.1 Arf guanine nucleotide exchange factor sbh1 [Coniochaeta pulveracea],112,0.0161,non-degrader
RKU47779.1 hypothetical protein DL546_006385 [Coniochaeta pulveracea],312,0.0161,non-degrader
RKU47453.1 hypothetical protein DL546_009021 [Coniochaeta pulveracea],309,0.0161,non-degrader
RKU46690.1 hypothetical protein DL546_008687 [Coniochaeta pulveracea],319,0.0161,non-degrader
RKU46462.1 putative endonuclease lcl3 [Coniochaeta pulveracea],296,0.0161,non-degrader
RKU45973.1 60S ribosomal protein L12 [Coniochaeta pulveracea],165,0.0161,non-degrader
RKU45754.1 hypothetical protein DL546_008405 [Coniochaeta pulveracea],457,0.0161,non-degrader
RKU45718.1 hypothetical protein DL546_007669 [Coniochaeta pulveracea],624,0.0161,non-degrader
RKU45358.1 fumarase fum1 [Coniochaeta pulveracea],470,0.0161,non-degrader
RKU45132.1 hypothetical protein DL546_004304 [Coniochaeta pulveracea],457,0.0161,non-degrader
RKU44844.1 hypothetical protein DL546_005005 [Coniochaeta pulveracea],296,0.0161,non-degrader
RKU44825.1 hypothetical protein DL546_002647 [Coniochaeta pulveracea],799,0.0161,non-degrader
RKU44037.1 hypothetical protein DL546_005263 [Coniochaeta pulveracea],424,0.0161,non-degrader
RKU43586.1 hypothetical protein DL546_005680 [Coniochaeta pulveracea],748,0.0161,non-degrader
RKU43307.1 hypothetical protein DL546_001848 [Coniochaeta pulveracea],327,0.0161,non-degrader
RKU43238.1 subunit of TIM23 translocase complex [Coniochaeta pulveracea],104,0.0161,non-degrader
RKU43023.1 hypothetical protein DL546_004346 [Coniochaeta pulveracea],1442,0.0161,non-degrader
RKU42996.1 biotin holocarboxylase synthetase [Coniochaeta pulveracea],684,0.0161,non-degrader
RKU42564.1 hypothetical protein DL546_001703 [Coniochaeta pulveracea],556,0.0161,non-degrader
RKU41209.1 hypothetical protein DL546_003491 [Coniochaeta pulveracea],299,0.0161,non-degrader
RKU47808.1 hypothetical protein DL546_007496 [Coniochaeta pulveracea],327,0.016,non-degrader
RKU47634.1 Ubiquitin-conjugating enzyme E2 2 [Coniochaeta pulveracea],151,0.016,non-degrader
RKU47349.1 rRNA-processing protein sof1 [Coniochaeta pulveracea],446,0.016,non-degrader
RKU47039.1 ribosome biosynthesis protein rrb1 [Coniochaeta pulveracea],498,0.016,non-degrader
RKU46969.1 hypothetical protein DL546_006695 [Coniochaeta pulveracea],267,0.016,non-degrader
RKU46650.1 hypothetical protein DL546_007964 [Coniochaeta pulveracea],314,0.016,non-degrader
RKU46549.1 hypothetical protein DL546_001965 [Coniochaeta pulveracea],136,0.016,non-degrader
RKU46514.1 hypothetical protein DL546_008643 [Coniochaeta pulveracea],243,0.016,non-degrader
RKU46181.1 hypothetical protein DL546_008522 [Coniochaeta pulveracea],693,0.016,non-degrader
RKU46106.1 Aminopeptidase 2 mitochondrial [Coniochaeta pulveracea],752,0.016,non-degrader
RKU45420.1 hypothetical protein DL546_006110 [Coniochaeta pulveracea],357,0.016,non-degrader
RKU44832.1 hypothetical protein DL546_004023 [Coniochaeta pulveracea],482,0.016,non-degrader
RKU44632.1 hypothetical protein DL546_007337 [Coniochaeta pulveracea],556,0.016,non-degrader
RKU43975.1 hypothetical protein DL546_005175 [Coniochaeta pulveracea],252,0.016,non-degrader
RKU43074.1 hypothetical protein DL546_001564 [Coniochaeta pulveracea],669,0.016,non-degrader
RKU40900.1 hypothetical protein DL546_003370 [Coniochaeta pulveracea],368,0.016,non-degrader
RKU40725.1 hypothetical protein DL546_001851 [Coniochaeta pulveracea],906,0.016,non-degrader
RKU40296.1 hypothetical protein DL546_002247 [Coniochaeta pulveracea],597,0.016,non-degrader
RKU39961.1 hypothetical protein DL546_001826 [Coniochaeta pulveracea],509,0.016,non-degrader
RKU49655.1 hypothetical protein DL546_009738 [Coniochaeta pulveracea],336,0.0159,non-degrader
RKU49618.1 hypothetical protein DL546_009580 [Coniochaeta pulveracea],168,0.0159,non-degrader
RKU49098.1 Nuclear transport factor 2 [Coniochaeta pulveracea],125,0.0159,non-degrader
RKU48910.1 hypothetical protein DL546_008906 [Coniochaeta pulveracea],281,0.0159,non-degrader
RKU48334.1 hypothetical protein DL546_008450 [Coniochaeta pulveracea],286,0.0159,non-degrader
RKU47411.1 hypothetical protein DL546_007951 [Coniochaeta pulveracea],249,0.0159,non-degrader
RKU47148.1 hypothetical protein DL546_006448 [Coniochaeta pulveracea],337,0.0159,non-degrader
RKU46943.1 RuvB-like protein 2 [Coniochaeta pulveracea],469,0.0159,non-degrader
"RKU46933.1 tRNA methyltransferase, has a role in tRNA modification [Coniochaeta pulveracea]",259,0.0159,non-degrader
RKU46381.1 hypothetical protein DL546_004134 [Coniochaeta pulveracea],384,0.0159,non-degrader
RKU45922.1 hypothetical protein DL546_002415 [Coniochaeta pulveracea],306,0.0159,non-degrader
RKU44061.1 hypothetical protein DL546_006297 [Coniochaeta pulveracea],739,0.0159,non-degrader
RKU43069.1 DExD/H-box ATP-dependent RNA helicase dhh1 [Coniochaeta pulveracea],584,0.0159,non-degrader
RKU42559.1 hypothetical protein DL546_001354 [Coniochaeta pulveracea],423,0.0159,non-degrader
RKU42109.1 hypothetical protein DL546_002469 [Coniochaeta pulveracea],555,0.0159,non-degrader
RKU41217.1 hypothetical protein DL546_004243 [Coniochaeta pulveracea],684,0.0159,non-degrader
RKU40777.1 Vacuolar ATP synthase subunit B [Coniochaeta pulveracea],515,0.0159,non-degrader
RKU40667.1 hypothetical protein DL546_002531 [Coniochaeta pulveracea],364,0.0159,non-degrader
RKU49720.1 hypothetical protein DL546_009892 [Coniochaeta pulveracea],381,0.0158,non-degrader
RKU47925.1 cytosolic Fe-S cluster assembly factor cfd1 [Coniochaeta pulveracea],310,0.0158,non-degrader
RKU47507.1 hypothetical protein DL546_003654 [Coniochaeta pulveracea],584,0.0158,non-degrader
RKU46359.1 Type I Iterative Polyketide synthase (PKS) [Coniochaeta pulveracea],2402,0.0158,non-degrader
RKU45212.1 hypothetical protein DL546_008260 [Coniochaeta pulveracea],270,0.0158,non-degrader
RKU45162.1 negative regulator of the PHO system [Coniochaeta pulveracea],330,0.0158,non-degrader
RKU44551.1 hypothetical protein DL546_001685 [Coniochaeta pulveracea],446,0.0158,non-degrader
RKU44502.1 hypothetical protein DL546_005390 [Coniochaeta pulveracea],348,0.0158,non-degrader
RKU44136.1 hypothetical protein DL546_004392 [Coniochaeta pulveracea],417,0.0158,non-degrader
RKU43361.1 RuvB ATP-dependent DNA helicase pontin [Coniochaeta pulveracea],458,0.0158,non-degrader
RKU42071.1 hypothetical protein DL546_004228 [Coniochaeta pulveracea],452,0.0158,non-degrader
RKU41256.1 hypothetical protein DL546_003823 [Coniochaeta pulveracea],357,0.0158,non-degrader
RKU41206.1 hypothetical protein DL546_003335 [Coniochaeta pulveracea],358,0.0158,non-degrader
RKU40526.1 hypothetical protein DL546_003331 [Coniochaeta pulveracea],526,0.0158,non-degrader
RKU40444.1 hypothetical protein DL546_003245 [Coniochaeta pulveracea],326,0.0158,non-degrader
RKU47845.1 hypothetical protein DL546_008300 [Coniochaeta pulveracea],1049,0.0157,non-degrader
RKU47828.1 hypothetical protein DL546_007907 [Coniochaeta pulveracea],446,0.0157,non-degrader
RKU47304.1 hypothetical protein DL546_000637 [Coniochaeta pulveracea],531,0.0157,non-degrader
RKU47247.1 hypothetical protein DL546_008798 [Coniochaeta pulveracea],402,0.0157,non-degrader
RKU46897.1 hypothetical protein DL546_000845 [Coniochaeta pulveracea],533,0.0157,non-degrader
RKU46812.1 hypothetical protein DL546_007572 [Coniochaeta pulveracea],269,0.0157,non-degrader
RKU46199.1 hypothetical protein DL546_000814 [Coniochaeta pulveracea],483,0.0157,non-degrader
RKU44932.1 hypothetical protein DL546_004416 [Coniochaeta pulveracea],446,0.0157,non-degrader
RKU44635.1 succinate semialdehyde dehydrogenase NADP+ linked [Coniochaeta pulveracea],536,0.0157,non-degrader
RKU43418.1 hypothetical protein DL546_004556 [Coniochaeta pulveracea],355,0.0157,non-degrader
RKU41823.1 hypothetical protein DL546_004197 [Coniochaeta pulveracea],617,0.0157,non-degrader
RKU48539.1 hypothetical protein DL546_007193 [Coniochaeta pulveracea],1229,0.0156,non-degrader
RKU47601.1 THO complex subunit 2 [Coniochaeta pulveracea],2448,0.0156,non-degrader
RKU46518.1 hypothetical protein DL546_008712 [Coniochaeta pulveracea],354,0.0156,non-degrader
RKU46447.1 hypothetical protein DL546_006981 [Coniochaeta pulveracea],440,0.0156,non-degrader
RKU44821.1 hypothetical protein DL546_002407 [Coniochaeta pulveracea],328,0.0156,non-degrader
RKU43342.1 hypothetical protein DL546_004797 [Coniochaeta pulveracea],773,0.0156,non-degrader
RKU42661.1 hypothetical protein DL546_003297 [Coniochaeta pulveracea],191,0.0156,non-degrader
RKU41957.1 hypothetical protein DL546_005102 [Coniochaeta pulveracea],448,0.0156,non-degrader
RKU41956.1 hypothetical protein DL546_004928 [Coniochaeta pulveracea],200,0.0156,non-degrader
RKU41425.1 hypothetical protein DL546_004411 [Coniochaeta pulveracea],415,0.0156,non-degrader
RKU41172.1 ER membrane complex subunit 3 [Coniochaeta pulveracea],261,0.0156,non-degrader
RKU40788.1 hypothetical protein DL546_001474 [Coniochaeta pulveracea],334,0.0156,non-degrader
RKU40739.1 hypothetical protein DL546_003378 [Coniochaeta pulveracea],97,0.0156,non-degrader
RKU40455.1 hypothetical protein DL546_001196 [Coniochaeta pulveracea],338,0.0156,non-degrader
RKU39876.1 H/ACA snoRNP pseudouridylase subunit [Coniochaeta pulveracea],223,0.0156,non-degrader
RKU49149.1 hypothetical protein DL546_008254 [Coniochaeta pulveracea],380,0.0155,non-degrader
RKU48706.1 hypothetical protein DL546_009593 [Coniochaeta pulveracea],426,0.0155,non-degrader
RKU48379.1 hypothetical protein DL546_009147 [Coniochaeta pulveracea],473,0.0155,non-degrader
RKU47756.1 hypothetical protein DL546_005030 [Coniochaeta pulveracea],139,0.0155,non-degrader
RKU46966.1 hypothetical protein DL546_006612 [Coniochaeta pulveracea],123,0.0155,non-degrader
RKU46415.1 hypothetical protein DL546_005816 [Coniochaeta pulveracea],789,0.0155,non-degrader
RKU46045.1 hypothetical protein DL546_001297 [Coniochaeta pulveracea],180,0.0155,non-degrader
"RKU45549.1 SNAP receptor, synaptobrevin [Coniochaeta pulveracea]",118,0.0155,non-degrader
RKU45275.1 hypothetical protein DL546_005687 [Coniochaeta pulveracea],310,0.0155,non-degrader
RKU42932.1 hypothetical protein DL546_003991 [Coniochaeta pulveracea],574,0.0155,non-degrader
RKU42237.1 hypothetical protein DL546_002505 [Coniochaeta pulveracea],273,0.0155,non-degrader
RKU41565.1 hypothetical protein DL546_003765 [Coniochaeta pulveracea],636,0.0155,non-degrader
RKU49602.1 hypothetical protein DL546_009502 [Coniochaeta pulveracea],811,0.0154,non-degrader
RKU49335.1 hypothetical protein DL546_009864 [Coniochaeta pulveracea],610,0.0154,non-degrader
RKU49146.1 hypothetical protein DL546_008205 [Coniochaeta pulveracea],427,0.0154,non-degrader
RKU48349.1 ATP synthase subunit G atp20 [Coniochaeta pulveracea],221,0.0154,non-degrader
RKU48329.1 hypothetical protein DL546_008381 [Coniochaeta pulveracea],294,0.0154,non-degrader
RKU47831.1 hypothetical protein DL546_007952 [Coniochaeta pulveracea],347,0.0154,non-degrader
RKU46905.1 hypothetical protein DL546_001888 [Coniochaeta pulveracea],1036,0.0154,non-degrader
RKU46653.1 hypothetical protein DL546_008002 [Coniochaeta pulveracea],834,0.0154,non-degrader
RKU45641.1 hypothetical protein DL546_002405 [Coniochaeta pulveracea],350,0.0154,non-degrader
RKU42735.1 mitochondrial thiamine pyrophosphate transporter [Coniochaeta pulveracea],327,0.0154,non-degrader
RKU40585.1 mRNA splicing protein prp28 [Coniochaeta pulveracea],706,0.0154,non-degrader
RKU40034.1 hypothetical protein DL546_001844 [Coniochaeta pulveracea],474,0.0154,non-degrader
RKU49368.1 hypothetical protein DL546_001833 [Coniochaeta pulveracea],596,0.0153,non-degrader
RKU49253.1 hypothetical protein DL546_009647 [Coniochaeta pulveracea],580,0.0153,non-degrader
RKU48686.1 hypothetical protein DL546_009507 [Coniochaeta pulveracea],302,0.0153,non-degrader
RKU48455.1 hypothetical protein DL546_002250 [Coniochaeta pulveracea],332,0.0153,non-degrader
RKU47230.1 pyruvate dehydrogenase complex dihydrolipoamide acetyltransferase component (E2) [Coniochaeta pulveracea],463,0.0153,non-degrader
RKU47128.1 hypothetical protein DL546_005353 [Coniochaeta pulveracea],392,0.0153,non-degrader
RKU46906.1 chitin deacetylase [Coniochaeta pulveracea],392,0.0153,non-degrader
RKU46297.1 hypothetical protein DL546_007696 [Coniochaeta pulveracea],314,0.0153,non-degrader
RKU45799.1 hypothetical protein DL546_004920 [Coniochaeta pulveracea],695,0.0153,non-degrader
RKU43965.1 hypothetical protein DL546_004572 [Coniochaeta pulveracea],277,0.0153,non-degrader
RKU41900.1 hypothetical protein DL546_004873 [Coniochaeta pulveracea],254,0.0153,non-degrader
RKU41572.1 hypothetical protein DL546_004251 [Coniochaeta pulveracea],433,0.0153,non-degrader
RKU40695.1 hypothetical protein DL546_001897 [Coniochaeta pulveracea],385,0.0153,non-degrader
RKU39739.1 hypothetical protein DL546_000167 [Coniochaeta pulveracea],114,0.0153,non-degrader
RKU49425.1 hypothetical protein DL546_006674 [Coniochaeta pulveracea],332,0.0152,non-degrader
RKU49260.1 hypothetical protein DL546_009672 [Coniochaeta pulveracea],503,0.0152,non-degrader
RKU47522.1 hypothetical protein DL546_004810 [Coniochaeta pulveracea],762,0.0152,non-degrader
RKU47480.1 hypothetical protein DL546_000919 [Coniochaeta pulveracea],938,0.0152,non-degrader
RKU46803.1 hypothetical protein DL546_007237 [Coniochaeta pulveracea],201,0.0152,non-degrader
RKU46491.1 hypothetical protein DL546_008284 [Coniochaeta pulveracea],183,0.0152,non-degrader
RKU46231.1 hypothetical protein DL546_004685 [Coniochaeta pulveracea],594,0.0152,non-degrader
RKU45690.1 hypothetical protein DL546_006481 [Coniochaeta pulveracea],344,0.0152,non-degrader
RKU45125.1 hypothetical protein DL546_003856 [Coniochaeta pulveracea],210,0.0152,non-degrader
RKU44334.1 hypothetical protein DL546_006668 [Coniochaeta pulveracea],333,0.0152,non-degrader
RKU44276.1 hypothetical protein DL546_001286 [Coniochaeta pulveracea],444,0.0152,non-degrader
RKU42792.1 hypothetical protein DL546_003579 [Coniochaeta pulveracea],200,0.0152,non-degrader
RKU40728.1 small nuclear ribonucleoprotein Sm D3 [Coniochaeta pulveracea],115,0.0152,non-degrader
RKU40349.1 hypothetical protein DL546_000501 [Coniochaeta pulveracea],260,0.0152,non-degrader
RKU39831.1 ATP-dependent DNA helicase sgs1 [Coniochaeta pulveracea],330,0.0152,non-degrader
RKU49446.1 hypothetical protein DL546_007368 [Coniochaeta pulveracea],284,0.0151,non-degrader
RKU47546.1 hypothetical protein DL546_006302 [Coniochaeta pulveracea],255,0.0151,non-degrader
RKU46973.1 hypothetical protein DL546_006792 [Coniochaeta pulveracea],623,0.0151,non-degrader
RKU46670.1 hypothetical protein DL546_008330 [Coniochaeta pulveracea],199,0.0151,non-degrader
RKU45975.1 hypothetical protein DL546_006702 [Coniochaeta pulveracea],441,0.0151,non-degrader
RKU45769.1 hypothetical protein DL546_000953 [Coniochaeta pulveracea],343,0.0151,non-degrader
RKU45399.1 hypothetical protein DL546_004904 [Coniochaeta pulveracea],308,0.0151,non-degrader
RKU45130.1 hypothetical protein DL546_004138 [Coniochaeta pulveracea],456,0.0151,non-degrader
RKU44659.1 isoleucine--tRNA ligase [Coniochaeta pulveracea],1079,0.0151,non-degrader
RKU44558.1 hypothetical protein DL546_002279 [Coniochaeta pulveracea],226,0.0151,non-degrader
RKU44260.1 hypothetical protein DL546_007291 [Coniochaeta pulveracea],835,0.0151,non-degrader
RKU43496.1 hypothetical protein DL546_003858 [Coniochaeta pulveracea],84,0.0151,non-degrader
RKU42276.1 hypothetical protein DL546_005708 [Coniochaeta pulveracea],378,0.0151,non-degrader
RKU42194.1 hypothetical protein DL546_004108 [Coniochaeta pulveracea],117,0.0151,non-degrader
RKU42161.1 hypothetical protein DL546_001110 [Coniochaeta pulveracea],509,0.0151,non-degrader
RKU40492.1 hypothetical protein DL546_001920 [Coniochaeta pulveracea],154,0.0151,non-degrader
RKU40240.1 hypothetical protein DL546_001190 [Coniochaeta pulveracea],671,0.0151,non-degrader
RKU40089.1 hypothetical protein DL546_002155 [Coniochaeta pulveracea],460,0.0151,non-degrader
RKU39935.1 hypothetical protein DL546_000203 [Coniochaeta pulveracea],363,0.0151,non-degrader
RKU39806.1 hypothetical protein DL546_000356 [Coniochaeta pulveracea],223,0.0151,non-degrader
RKU39755.1 hypothetical protein DL546_000081 [Coniochaeta pulveracea],136,0.0151,non-degrader
RKU49542.1 Histidine biosynthesis bifunctional protein hisB [Coniochaeta pulveracea],554,0.015,non-degrader
RKU49525.1 actin-related protein 2 [Coniochaeta pulveracea],454,0.015,non-degrader
RKU49449.1 hypothetical protein DL546_007412 [Coniochaeta pulveracea],781,0.015,non-degrader
RKU48101.1 hypothetical protein DL546_008738 [Coniochaeta pulveracea],1026,0.015,non-degrader
RKU47486.1 hypothetical protein DL546_001472 [Coniochaeta pulveracea],507,0.015,non-degrader
RKU46461.1 hypothetical protein DL546_007548 [Coniochaeta pulveracea],537,0.015,non-degrader
RKU45982.1 TFIIH complex serine/threonine-protein kinase subunit kin28 [Coniochaeta pulveracea],405,0.015,non-degrader
RKU45687.1 hypothetical protein DL546_006360 [Coniochaeta pulveracea],133,0.015,non-degrader
RKU43963.1 hypothetical protein DL546_004403 [Coniochaeta pulveracea],338,0.015,non-degrader
RKU43962.1 hypothetical protein DL546_004403 [Coniochaeta pulveracea],338,0.015,non-degrader
RKU43839.1 Mitochondrial dicarboxylate transporter [Coniochaeta pulveracea],322,0.015,non-degrader
RKU43744.1 hypothetical protein DL546_005985 [Coniochaeta pulveracea],551,0.015,non-degrader
RKU42583.1 hypothetical protein DL546_003543 [Coniochaeta pulveracea],307,0.015,non-degrader
RKU41510.1 adenine deaminase [Coniochaeta pulveracea],678,0.015,non-degrader
RKU41320.1 hypothetical protein DL546_004602 [Coniochaeta pulveracea],535,0.015,non-degrader
RKU40242.1 hypothetical protein DL546_001412 [Coniochaeta pulveracea],557,0.015,non-degrader
RKU40226.1 hypothetical protein DL546_002164 [Coniochaeta pulveracea],202,0.015,non-degrader
RKU49354.1 hypothetical protein DL546_000094 [Coniochaeta pulveracea],194,0.0149,non-degrader
RKU47960.1 40S ribosomal protein [Coniochaeta pulveracea],203,0.0149,non-degrader
RKU47736.1 Type I Iterative Polyketide synthase (PKS) [Coniochaeta pulveracea],3206,0.0149,non-degrader
RKU47506.1 hypothetical protein DL546_003595 [Coniochaeta pulveracea],255,0.0149,non-degrader
RKU46165.1 hypothetical protein DL546_008073 [Coniochaeta pulveracea],176,0.0149,non-degrader
RKU46088.1 hypothetical protein DL546_004961 [Coniochaeta pulveracea],242,0.0149,non-degrader
RKU44566.1 NADH-cytochrome b5 reductase [Coniochaeta pulveracea],333,0.0149,non-degrader
RKU43795.1 oligosaccharyl transferase stt3 subunit [Coniochaeta pulveracea],754,0.0149,non-degrader
RKU43388.1 hypothetical protein DL546_001540 [Coniochaeta pulveracea],326,0.0149,non-degrader
RKU42765.1 hypothetical protein DL546_000735 [Coniochaeta pulveracea],336,0.0149,non-degrader
RKU42222.1 hypothetical protein DL546_001073 [Coniochaeta pulveracea],258,0.0149,non-degrader
"RKU40907.1 plasma membrane H+-ATPase, variant 2 [Coniochaeta pulveracea]",633,0.0149,non-degrader
RKU48164.1 hypothetical protein DL546_009394 [Coniochaeta pulveracea],238,0.0148,non-degrader
RKU46814.1 peroxisomal targeting signal 2 receptor [Coniochaeta pulveracea],395,0.0148,non-degrader
RKU45270.1 hypothetical protein DL546_005151 [Coniochaeta pulveracea],420,0.0148,non-degrader
RKU44295.1 regulator of ime2 [Coniochaeta pulveracea],632,0.0148,non-degrader
RKU43296.1 hypothetical protein DL546_009918 [Coniochaeta pulveracea],484,0.0148,non-degrader
RKU42415.1 NAD(P)H-dependent D-xylose reductase (XR) [Coniochaeta pulveracea],326,0.0148,non-degrader
RKU41908.1 hypothetical protein DL546_005319 [Coniochaeta pulveracea],919,0.0148,non-degrader
RKU41797.1 hypothetical protein DL546_001612 [Coniochaeta pulveracea],335,0.0148,non-degrader
RKU41443.1 hypothetical protein DL546_001558 [Coniochaeta pulveracea],520,0.0148,non-degrader
RKU41277.1 hypothetical protein DL546_000656 [Coniochaeta pulveracea],322,0.0148,non-degrader
RKU40819.1 hypothetical protein DL546_001987 [Coniochaeta pulveracea],347,0.0148,non-degrader
RKU40785.1 hypothetical protein DL546_001173 [Coniochaeta pulveracea],568,0.0148,non-degrader
RKU40445.1 hypothetical protein DL546_000007 [Coniochaeta pulveracea],585,0.0148,non-degrader
RKU49690.1 hypothetical protein DL546_009821 [Coniochaeta pulveracea],499,0.0147,non-degrader
RKU49087.1 hypothetical protein DL546_005078 [Coniochaeta pulveracea],289,0.0147,non-degrader
RKU47835.1 hypothetical protein DL546_008042 [Coniochaeta pulveracea],512,0.0147,non-degrader
RKU47792.1 hypothetical protein DL546_006913 [Coniochaeta pulveracea],320,0.0147,non-degrader
RKU47470.1 Peptidyl-prolyl cis-trans isomerase cyp10 [Coniochaeta pulveracea],170,0.0147,non-degrader
RKU46981.1 hypothetical protein DL546_007300 [Coniochaeta pulveracea],708,0.0147,non-degrader
RKU46305.1 hypothetical protein DL546_007839 [Coniochaeta pulveracea],408,0.0147,non-degrader
RKU46288.1 hypothetical protein DL546_007392 [Coniochaeta pulveracea],108,0.0147,non-degrader
RKU45533.1 hypothetical protein DL546_004310 [Coniochaeta pulveracea],341,0.0147,non-degrader
RKU45224.1 hypothetical protein DL546_001321 [Coniochaeta pulveracea],221,0.0147,non-degrader
RKU45105.1 CENP-B protein 1 [Coniochaeta pulveracea],452,0.0147,non-degrader
RKU45037.1 actin [Coniochaeta pulveracea],375,0.0147,non-degrader
RKU44540.1 NAD(+) salvage pathway protein [Coniochaeta pulveracea],227,0.0147,non-degrader
RKU44001.1 hypothetical protein DL546_006953 [Coniochaeta pulveracea],498,0.0147,non-degrader
"RKU43585.1 carbamoyl-phosphate synthase (glutamine-hydrolyzing) cpa2, variant 2 [Coniochaeta pulveracea]",1072,0.0147,non-degrader
RKU41008.1 hypothetical protein DL546_000325 [Coniochaeta pulveracea],248,0.0147,non-degrader
RKU40886.1 hypothetical protein DL546_002286 [Coniochaeta pulveracea],353,0.0147,non-degrader
RKU40267.1 hypothetical protein DL546_001860 [Coniochaeta pulveracea],291,0.0147,non-degrader
RKU40156.1 hypothetical protein DL546_001481 [Coniochaeta pulveracea],1321,0.0147,non-degrader
RKU39848.1 hypothetical protein DL546_000742 [Coniochaeta pulveracea],276,0.0147,non-degrader
RKU39781.1 S-methyl-5-thioribose-1-phosphate isomerase [Coniochaeta pulveracea],393,0.0147,non-degrader
RKU48809.1 hypothetical protein DL546_006425 [Coniochaeta pulveracea],501,0.0146,non-degrader
RKU47310.1 mitochondrial phosphate carrier protein [Coniochaeta pulveracea],321,0.0146,non-degrader
RKU47035.1 hypothetical protein DL546_008604 [Coniochaeta pulveracea],345,0.0146,non-degrader
RKU46715.1 hypothetical protein DL546_000059 [Coniochaeta pulveracea],415,0.0146,non-degrader
RKU46649.1 hypothetical protein DL546_007964 [Coniochaeta pulveracea],346,0.0146,non-degrader
RKU45948.1 substrate-specific activator of APC-dependent proteolysis [Coniochaeta pulveracea],600,0.0146,non-degrader
RKU45354.1 hypothetical protein DL546_008186 [Coniochaeta pulveracea],486,0.0146,non-degrader
RKU44927.1 hypothetical protein DL546_004119 [Coniochaeta pulveracea],326,0.0146,non-degrader
RKU44077.1 hypothetical protein DL546_006989 [Coniochaeta pulveracea],569,0.0146,non-degrader
RKU42486.1 hypothetical protein DL546_005966 [Coniochaeta pulveracea],503,0.0146,non-degrader
RKU42032.1 hypothetical protein DL546_005523 [Coniochaeta pulveracea],522,0.0146,non-degrader
RKU41594.1 hypothetical protein DL546_000223 [Coniochaeta pulveracea],290,0.0146,non-degrader
RKU40815.1 hypothetical protein DL546_001554 [Coniochaeta pulveracea],349,0.0146,non-degrader
RKU40514.1 hypothetical protein DL546_000682 [Coniochaeta pulveracea],374,0.0146,non-degrader
RKU40067.1 hypothetical protein DL546_001601 [Coniochaeta pulveracea],471,0.0146,non-degrader
RKU39844.1 hypothetical protein DL546_000359 [Coniochaeta pulveracea],128,0.0146,non-degrader
RKU39747.1 hypothetical protein DL546_000025 [Coniochaeta pulveracea],280,0.0146,non-degrader
"RKU39702.1 Chitin synthase, class 5 [Coniochaeta pulveracea]",409,0.0146,non-degrader
RKU49211.1 hypothetical protein DL546_009171 [Coniochaeta pulveracea],251,0.0145,non-degrader
RKU48531.1 hypothetical protein DL546_006991 [Coniochaeta pulveracea],281,0.0145,non-degrader
RKU48264.1 glucose transporter [Coniochaeta pulveracea],581,0.0145,non-degrader
RKU47641.1 hypothetical protein DL546_008727 [Coniochaeta pulveracea],211,0.0145,non-degrader
RKU47630.1 carboxy methyl transferase for protein phosphatase 2A [Coniochaeta pulveracea],391,0.0145,non-degrader
RKU47250.1 hypothetical protein DL546_008832 [Coniochaeta pulveracea],670,0.0145,non-degrader
"RKU46723.1 Malate dehydrogenase, cytoplasmic [Coniochaeta pulveracea]",336,0.0145,non-degrader
RKU46404.1 hypothetical protein DL546_005444 [Coniochaeta pulveracea],310,0.0145,non-degrader
RKU45944.1 hypothetical protein DL546_004325 [Coniochaeta pulveracea],138,0.0145,non-degrader
RKU45915.1 hypothetical protein DL546_001447 [Coniochaeta pulveracea],274,0.0145,non-degrader
RKU45753.1 hypothetical protein DL546_008405 [Coniochaeta pulveracea],331,0.0145,non-degrader
RKU44750.1 3-dehydroquinate dehydratase (3-dehydroquinase) [Coniochaeta pulveracea],1587,0.0145,non-degrader
RKU43108.1 hypothetical protein DL546_004546 [Coniochaeta pulveracea],147,0.0145,non-degrader
RKU42185.1 hypothetical protein DL546_003423 [Coniochaeta pulveracea],203,0.0145,non-degrader
RKU41866.1 exosome 3'-_5 exonuclease subunit ski4 (Csl4) [Coniochaeta pulveracea],208,0.0145,non-degrader
RKU41624.1 hypothetical protein DL546_004942 [Coniochaeta pulveracea],325,0.0145,non-degrader
RKU41330.1 hypothetical protein DL546_003443 [Coniochaeta pulveracea],356,0.0145,non-degrader
RKU40302.1 hypothetical protein DL546_000462 [Coniochaeta pulveracea],257,0.0145,non-degrader
RKU39819.1 hypothetical protein DL546_000429 [Coniochaeta pulveracea],332,0.0145,non-degrader
RKU49518.1 hypothetical protein DL546_008839 [Coniochaeta pulveracea],510,0.0144,non-degrader
RKU49219.1 hypothetical protein DL546_009252 [Coniochaeta pulveracea],219,0.0144,non-degrader
RKU48974.1 hypothetical protein DL546_009487 [Coniochaeta pulveracea],976,0.0144,non-degrader
RKU48617.1 hypothetical protein DL546_008837 [Coniochaeta pulveracea],177,0.0144,non-degrader
RKU47476.1 hypothetical protein DL546_000141 [Coniochaeta pulveracea],959,0.0144,non-degrader
RKU47245.1 hypothetical protein DL546_008767 [Coniochaeta pulveracea],222,0.0144,non-degrader
RKU45054.1 hypothetical protein DL546_006772 [Coniochaeta pulveracea],396,0.0144,non-degrader
RKU44588.1 hypothetical protein DL546_005119 [Coniochaeta pulveracea],639,0.0144,non-degrader
RKU43701.1 hypothetical protein DL546_002264 [Coniochaeta pulveracea],348,0.0144,non-degrader
RKU43508.1 pheromone processing endoprotease [Coniochaeta pulveracea],875,0.0144,non-degrader
RKU43274.1 hypothetical protein DL546_005812 [Coniochaeta pulveracea],487,0.0144,non-degrader
RKU42255.1 hypothetical protein DL546_004063 [Coniochaeta pulveracea],372,0.0144,non-degrader
RKU42074.1 hypothetical protein DL546_004629 [Coniochaeta pulveracea],576,0.0144,non-degrader
RKU41756.1 GTPase-activating protein [Coniochaeta pulveracea],1346,0.0144,non-degrader
RKU41493.1 hypothetical protein DL546_000972 [Coniochaeta pulveracea],187,0.0144,non-degrader
RKU40987.1 hypothetical protein DL546_001858 [Coniochaeta pulveracea],498,0.0144,non-degrader
RKU40758.1 hypothetical protein DL546_001193 [Coniochaeta pulveracea],315,0.0144,non-degrader
RKU39826.1 hypothetical protein DL546_001253 [Coniochaeta pulveracea],143,0.0144,non-degrader
RKU48760.1 hypothetical protein DL546_003165 [Coniochaeta pulveracea],800,0.0143,non-degrader
RKU48683.1 hypothetical protein DL546_009494 [Coniochaeta pulveracea],364,0.0143,non-degrader
RKU47918.1 hypothetical protein DL546_009286 [Coniochaeta pulveracea],338,0.0143,non-degrader
RKU47763.1 Fungal hydrophobin [Coniochaeta pulveracea],121,0.0143,non-degrader
RKU46893.1 hypothetical protein DL546_000458 [Coniochaeta pulveracea],391,0.0143,non-degrader
RKU46007.1 hypothetical protein DL546_007949 [Coniochaeta pulveracea],354,0.0143,non-degrader
RKU45071.1 hypothetical protein DL546_007397 [Coniochaeta pulveracea],488,0.0143,non-degrader
RKU44123.1 hypothetical protein DL546_003553 [Coniochaeta pulveracea],386,0.0143,non-degrader
RKU44120.1 hypothetical protein DL546_003228 [Coniochaeta pulveracea],621,0.0143,non-degrader
RKU42254.1 hypothetical protein DL546_003919 [Coniochaeta pulveracea],693,0.0143,non-degrader
RKU41791.1 hypothetical protein DL546_000502 [Coniochaeta pulveracea],299,0.0143,non-degrader
RKU41269.1 NADH-cytochrome b5 reductase [Coniochaeta pulveracea],309,0.0143,non-degrader
RKU41224.1 hypothetical protein DL546_000125 [Coniochaeta pulveracea],399,0.0143,non-degrader
RKU41170.1 hypothetical protein DL546_004043 [Coniochaeta pulveracea],639,0.0143,non-degrader
RKU40462.1 hypothetical protein DL546_001940 [Coniochaeta pulveracea],575,0.0143,non-degrader
RKU40344.1 hypothetical protein DL546_003085 [Coniochaeta pulveracea],253,0.0143,non-degrader
RKU49312.1 hypothetical protein DL546_009823 [Coniochaeta pulveracea],297,0.0142,non-degrader
RKU48878.1 hypothetical protein DL546_008361 [Coniochaeta pulveracea],596,0.0142,non-degrader
RKU47451.1 hypothetical protein DL546_008998 [Coniochaeta pulveracea],1009,0.0142,non-degrader
RKU47202.1 hypothetical protein DL546_008104 [Coniochaeta pulveracea],207,0.0142,non-degrader
RKU46271.1 hypothetical protein DL546_006764 [Coniochaeta pulveracea],697,0.0142,non-degrader
"RKU45242.1 dolichyl-diphosphooligosaccharide--protein glycosyltransferase subunit 1, variant 2 [Coniochaeta pulveracea]",395,0.0142,non-degrader
RKU45111.1 Protein pns1 [Coniochaeta pulveracea],781,0.0142,non-degrader
RKU42960.1 hypothetical protein DL546_006041 [Coniochaeta pulveracea],271,0.0142,non-degrader
RKU42603.1 hypothetical protein DL546_004764 [Coniochaeta pulveracea],333,0.0142,non-degrader
RKU42500.1 hypothetical protein DL546_001353 [Coniochaeta pulveracea],504,0.0142,non-degrader
RKU40914.1 hypothetical protein DL546_000595 [Coniochaeta pulveracea],281,0.0142,non-degrader
RKU40701.1 putative Hybrid PKS-NRPS biosynthetic cluster [Coniochaeta pulveracea],4038,0.0142,non-degrader
RKU40424.1 hypothetical protein DL546_002518 [Coniochaeta pulveracea],477,0.0142,non-degrader
"RKU40299.1 C2H2 finger domain transcription factor con7, variant 2 [Coniochaeta pulveracea]",426,0.0142,non-degrader
RKU49417.1 hypothetical protein DL546_006205 [Coniochaeta pulveracea],250,0.0141,non-degrader
RKU48021.1 hypothetical protein DL546_007188 [Coniochaeta pulveracea],308,0.0141,non-degrader
RKU46520.1 hypothetical protein DL546_008741 [Coniochaeta pulveracea],610,0.0141,non-degrader
RKU45976.1 hypothetical protein DL546_006702 [Coniochaeta pulveracea],380,0.0141,non-degrader
RKU45655.1 putrescine aminopropyltransferase [Coniochaeta pulveracea],291,0.0141,non-degrader
RKU45541.1 hypothetical protein DL546_005115 [Coniochaeta pulveracea],178,0.0141,non-degrader
RKU45441.1 hypothetical protein DL546_007095 [Coniochaeta pulveracea],92,0.0141,non-degrader
RKU45428.1 hypothetical protein DL546_006534 [Coniochaeta pulveracea],255,0.0141,non-degrader
"RKU45386.1 karyopherin beta, variant 2 [Coniochaeta pulveracea]",740,0.0141,non-degrader
RKU45181.1 hypothetical protein DL546_007076 [Coniochaeta pulveracea],409,0.0141,non-degrader
RKU45040.1 hypothetical protein DL546_005570 [Coniochaeta pulveracea],827,0.0141,non-degrader
RKU44993.1 hypothetical protein DL546_007670 [Coniochaeta pulveracea],488,0.0141,non-degrader
"RKU44016.1 Succinate--CoA ligase [ADP-forming] subunit alpha, mitochondrial, variant 2 [Coniochaeta pulveracea]",330,0.0141,non-degrader
"RKU44015.1 Succinate--CoA ligase [ADP-forming] subunit alpha, mitochondrial [Coniochaeta pulveracea]",330,0.0141,non-degrader
RKU43287.1 T-complex protein 1 subunit eta [Coniochaeta pulveracea],557,0.0141,non-degrader
RKU43273.1 hypothetical protein DL546_005769 [Coniochaeta pulveracea],416,0.0141,non-degrader
RKU42677.1 hypothetical protein DL546_004647 [Coniochaeta pulveracea],124,0.0141,non-degrader
RKU40320.1 catalase [Coniochaeta pulveracea],719,0.0141,non-degrader
RKU39926.1 hypothetical protein DL546_001352 [Coniochaeta pulveracea],244,0.0141,non-degrader
RKU49178.1 Phosphatidyl-N-methylethanolamine N-methyltransferase [Coniochaeta pulveracea],229,0.014,non-degrader
RKU49097.1 Golgi apparatus membrane protein tvp18 [Coniochaeta pulveracea],149,0.014,non-degrader
RKU48838.1 hypothetical protein DL546_007377 [Coniochaeta pulveracea],655,0.014,non-degrader
RKU48786.1 hypothetical protein DL546_005532 [Coniochaeta pulveracea],301,0.014,non-degrader
RKU48038.1 hypothetical protein DL546_007699 [Coniochaeta pulveracea],470,0.014,non-degrader
RKU47197.1 hypothetical protein DL546_007970 [Coniochaeta pulveracea],575,0.014,non-degrader
RKU47153.1 hypothetical protein DL546_006655 [Coniochaeta pulveracea],379,0.014,non-degrader
RKU45401.1 hypothetical protein DL546_005046 [Coniochaeta pulveracea],366,0.014,non-degrader
RKU44552.1 hypothetical protein DL546_001685 [Coniochaeta pulveracea],452,0.014,non-degrader
RKU44017.1 Elongator subunit [Coniochaeta pulveracea],576,0.014,non-degrader
RKU42692.1 hypothetical protein DL546_005674 [Coniochaeta pulveracea],257,0.014,non-degrader
RKU40924.1 Eukaryotic translation initiation factor 6 [Coniochaeta pulveracea],246,0.014,non-degrader
RKU40625.1 hypothetical protein DL546_003312 [Coniochaeta pulveracea],497,0.014,non-degrader
RKU40587.1 hypothetical protein DL546_002711 [Coniochaeta pulveracea],188,0.014,non-degrader
"RKU49205.1 3,4-dihydroxy 2-butanone 4-phosphate synthase [Coniochaeta pulveracea]",233,0.0139,non-degrader
RKU49000.1 hypothetical protein DL546_009655 [Coniochaeta pulveracea],676,0.0139,non-degrader
RKU48662.1 hypothetical protein DL546_009388 [Coniochaeta pulveracea],529,0.0139,non-degrader
RKU48370.1 hypothetical protein DL546_009022 [Coniochaeta pulveracea],336,0.0139,non-degrader
RKU47761.1 hypothetical protein DL546_005330 [Coniochaeta pulveracea],171,0.0139,non-degrader
RKU45842.1 hypothetical protein DL546_007107 [Coniochaeta pulveracea],198,0.0139,non-degrader
RKU44960.1 Mitochondrial presequence protease [Coniochaeta pulveracea],908,0.0139,non-degrader
RKU44712.1 hypothetical protein DL546_006726 [Coniochaeta pulveracea],315,0.0139,non-degrader
RKU44422.1 hypothetical protein DL546_006730 [Coniochaeta pulveracea],199,0.0139,non-degrader
RKU43928.1 40S ribosomal protein S23 [Coniochaeta pulveracea],145,0.0139,non-degrader
RKU43800.1 alpha-tubulin [Coniochaeta pulveracea],456,0.0139,non-degrader
RKU43129.1 Trehalose-6-P synthase/phosphatase complex synthase subunit [Coniochaeta pulveracea],525,0.0139,non-degrader
RKU41706.1 hypothetical protein DL546_002904 [Coniochaeta pulveracea],499,0.0139,non-degrader
RKU41680.1 hypothetical protein DL546_005164 [Coniochaeta pulveracea],566,0.0139,non-degrader
RKU41615.1 1-pyrroline-5-carboxylate dehydrogenase [Coniochaeta pulveracea],589,0.0139,non-degrader
RKU41519.1 hypothetical protein DL546_004342 [Coniochaeta pulveracea],332,0.0139,non-degrader
RKU48958.1 hypothetical protein DL546_009422 [Coniochaeta pulveracea],828,0.0138,non-degrader
RKU48268.1 hypothetical protein DL546_006433 [Coniochaeta pulveracea],385,0.0138,non-degrader
RKU48181.1 hypothetical protein DL546_009473 [Coniochaeta pulveracea],687,0.0138,non-degrader
RKU47726.1 hypothetical protein DL546_001970 [Coniochaeta pulveracea],397,0.0138,non-degrader
RKU47320.1 hypothetical protein DL546_002935 [Coniochaeta pulveracea],926,0.0138,non-degrader
RKU47071.1 hypothetical protein DL546_009089 [Coniochaeta pulveracea],379,0.0138,non-degrader
RKU46936.1 hypothetical protein DL546_004918 [Coniochaeta pulveracea],405,0.0138,non-degrader
RKU46697.1 translational activator of GCN4 [Coniochaeta pulveracea],1759,0.0138,non-degrader
RKU46098.1 Meiosis-specific subunit of the t-SNARE complex [Coniochaeta pulveracea],450,0.0138,non-degrader
RKU45789.1 NAD-dependent isocitrate dehydrogenase [Coniochaeta pulveracea],379,0.0138,non-degrader
RKU45160.1 hypothetical protein DL546_006032 [Coniochaeta pulveracea],956,0.0138,non-degrader
RKU45070.1 10 kDa heat shock protein [Coniochaeta pulveracea],97,0.0138,non-degrader
RKU43579.1 dual specificity protein kinase yak1 [Coniochaeta pulveracea],915,0.0138,non-degrader
RKU41794.1 hypothetical protein DL546_001243 [Coniochaeta pulveracea],663,0.0138,non-degrader
RKU40978.1 putative kinase [Coniochaeta pulveracea],239,0.0138,non-degrader
RKU40791.1 Ubiquitin-conjugating enzyme 13 [Coniochaeta pulveracea],150,0.0138,non-degrader
RKU40311.1 hypothetical protein DL546_001747 [Coniochaeta pulveracea],345,0.0138,non-degrader
RKU40037.1 3-oxo-5a-steroid 4-dehydrogenase [Coniochaeta pulveracea],338,0.0138,non-degrader
RKU39875.1 hypothetical protein DL546_001160 [Coniochaeta pulveracea],322,0.0138,non-degrader
RKU39867.1 hypothetical protein DL546_001235 [Coniochaeta pulveracea],245,0.0138,non-degrader
RKU39765.1 hypothetical protein DL546_000378 [Coniochaeta pulveracea],326,0.0138,non-degrader
RKU39741.1 hypothetical protein DL546_000271 [Coniochaeta pulveracea],301,0.0138,non-degrader
RKU49613.1 hypothetical protein DL546_009554 [Coniochaeta pulveracea],387,0.0137,non-degrader
RKU49459.1 hypothetical protein DL546_007679 [Coniochaeta pulveracea],559,0.0137,non-degrader
RKU49184.1 hypothetical protein DL546_008831 [Coniochaeta pulveracea],131,0.0137,non-degrader
RKU48836.1 hypothetical protein DL546_007302 [Coniochaeta pulveracea],515,0.0137,non-degrader
RKU48085.1 Coronin-like protein crn1 [Coniochaeta pulveracea],613,0.0137,non-degrader
RKU46868.1 Ras-related protein Rab-6A [Coniochaeta pulveracea],209,0.0137,non-degrader
RKU46746.1 hypothetical protein DL546_003906 [Coniochaeta pulveracea],484,0.0137,non-degrader
RKU46705.1 hypothetical protein DL546_008988 [Coniochaeta pulveracea],121,0.0137,non-degrader
RKU46363.1 hypothetical protein DL546_002774 [Coniochaeta pulveracea],439,0.0137,non-degrader
RKU46068.1 hypothetical protein DL546_003704 [Coniochaeta pulveracea],385,0.0137,non-degrader
RKU45234.1 hypothetical protein DL546_002239 [Coniochaeta pulveracea],633,0.0137,non-degrader
"RKU44487.1 Ubiquinone biosynthesis protein coq9, mitochondrial [Coniochaeta pulveracea]",302,0.0137,non-degrader
RKU44278.1 hypothetical protein DL546_001445 [Coniochaeta pulveracea],293,0.0137,non-degrader
RKU43743.1 hypothetical protein DL546_005985 [Coniochaeta pulveracea],306,0.0137,non-degrader
RKU43591.1 hypothetical protein DL546_005949 [Coniochaeta pulveracea],466,0.0137,non-degrader
RKU43102.1 hypothetical protein DL546_004076 [Coniochaeta pulveracea],354,0.0137,non-degrader
RKU42697.1 monothiol glutaredoxin grx4 [Coniochaeta pulveracea],261,0.0137,non-degrader
RKU41571.1 hypothetical protein DL546_004251 [Coniochaeta pulveracea],311,0.0137,non-degrader
RKU40521.1 Type I Iterative Polyketide synthase (PKS) [Coniochaeta pulveracea],2227,0.0137,non-degrader
RKU40382.1 protein transport protein sft2 [Coniochaeta pulveracea],215,0.0137,non-degrader
RKU40128.1 hypothetical protein DL546_000632 [Coniochaeta pulveracea],195,0.0137,non-degrader
RKU39799.1 hypothetical protein DL546_000520 [Coniochaeta pulveracea],342,0.0137,non-degrader
RKU49664.1 hypothetical protein DL546_009764 [Coniochaeta pulveracea],333,0.0136,non-degrader
RKU49547.1 hypothetical protein DL546_009145 [Coniochaeta pulveracea],263,0.0136,non-degrader
RKU48620.1 hypothetical protein DL546_008861 [Coniochaeta pulveracea],130,0.0136,non-degrader
RKU48381.1 hypothetical protein DL546_009162 [Coniochaeta pulveracea],1269,0.0136,non-degrader
RKU48357.1 hypothetical protein DL546_008866 [Coniochaeta pulveracea],354,0.0136,non-degrader
RKU47339.1 hypothetical protein DL546_004508 [Coniochaeta pulveracea],451,0.0136,non-degrader
RKU47107.1 hypothetical protein DL546_003967 [Coniochaeta pulveracea],327,0.0136,non-degrader
RKU45748.1 hypothetical protein DL546_008294 [Coniochaeta pulveracea],391,0.0136,non-degrader
RKU45398.1 translation elongation factor EF-1 alpha [Coniochaeta pulveracea],460,0.0136,non-degrader
RKU44435.1 hypothetical protein DL546_007360 [Coniochaeta pulveracea],353,0.0136,non-degrader
RKU44050.1 hypothetical protein DL546_005778 [Coniochaeta pulveracea],368,0.0136,non-degrader
RKU43872.1 hypothetical protein DL546_004709 [Coniochaeta pulveracea],331,0.0136,non-degrader
RKU42854.1 hypothetical protein DL546_002679 [Coniochaeta pulveracea],376,0.0136,non-degrader
RKU41759.1 SUMO ligase siz1 [Coniochaeta pulveracea],523,0.0136,non-degrader
RKU41731.1 histone H2A [Coniochaeta pulveracea],136,0.0136,non-degrader
RKU41681.1 NineTeen Complex (NTC) component [Coniochaeta pulveracea],712,0.0136,non-degrader
RKU41423.1 hypothetical protein DL546_004188 [Coniochaeta pulveracea],1004,0.0136,non-degrader
RKU41215.1 hypothetical protein DL546_004098 [Coniochaeta pulveracea],140,0.0136,non-degrader
RKU41201.1 hypothetical protein DL546_003033 [Coniochaeta pulveracea],420,0.0136,non-degrader
RKU41102.1 hypothetical protein DL546_001337 [Coniochaeta pulveracea],650,0.0136,non-degrader
RKU40010.1 Glutathione S-transferase 2 [Coniochaeta pulveracea],221,0.0136,non-degrader
RKU39774.1 hypothetical protein DL546_000557 [Coniochaeta pulveracea],441,0.0136,non-degrader
RKU49441.1 hypothetical protein DL546_007114 [Coniochaeta pulveracea],553,0.0135,non-degrader
RKU48315.1 Aromatic/aminoadipate aminotransferase 1 [Coniochaeta pulveracea],476,0.0135,non-degrader
RKU48024.1 hypothetical protein DL546_007293 [Coniochaeta pulveracea],576,0.0135,non-degrader
RKU47639.1 hypothetical protein DL546_008693 [Coniochaeta pulveracea],861,0.0135,non-degrader
RKU45728.1 hypothetical protein DL546_007956 [Coniochaeta pulveracea],170,0.0135,non-degrader
RKU45521.1 hypothetical protein DL546_003287 [Coniochaeta pulveracea],363,0.0135,non-degrader
RKU45155.1 Mitochondrial Translation Optimization [Coniochaeta pulveracea],689,0.0135,non-degrader
RKU45062.1 replication factor A protein 2 [Coniochaeta pulveracea],286,0.0135,non-degrader
RKU44060.1 hypothetical protein DL546_006269 [Coniochaeta pulveracea],401,0.0135,non-degrader
RKU43957.1 Ras-related protein Rab-11B [Coniochaeta pulveracea],212,0.0135,non-degrader
RKU42433.1 hypothetical protein DL546_000638 [Coniochaeta pulveracea],439,0.0135,non-degrader
RKU41947.1 putative tRNA threonylcarbamoyladenosine biosynthesis protein kae1 [Coniochaeta pulveracea],395,0.0135,non-degrader
RKU41340.1 hypothetical protein DL546_004408 [Coniochaeta pulveracea],121,0.0135,non-degrader
RKU41298.1 hypothetical protein DL546_002699 [Coniochaeta pulveracea],393,0.0135,non-degrader
RKU41296.1 hypothetical protein DL546_002530 [Coniochaeta pulveracea],541,0.0135,non-degrader
RKU41196.1 putative PKS/NRPS-like protein biosynthetic cluster [Coniochaeta pulveracea],266,0.0135,non-degrader
RKU40474.1 hypothetical protein DL546_000706 [Coniochaeta pulveracea],125,0.0135,non-degrader
RKU40378.1 hypothetical protein DL546_000446 [Coniochaeta pulveracea],287,0.0135,non-degrader
RKU40146.1 hypothetical protein DL546_000106 [Coniochaeta pulveracea],227,0.0135,non-degrader
RKU40144.1 hypothetical protein DL546_002444 [Coniochaeta pulveracea],324,0.0135,non-degrader
RKU49682.1 hypothetical protein DL546_009804 [Coniochaeta pulveracea],84,0.0134,non-degrader
RKU49062.1 hypothetical protein DL546_002768 [Coniochaeta pulveracea],327,0.0134,non-degrader
RKU47863.1 hypothetical protein DL546_008602 [Coniochaeta pulveracea],166,0.0134,non-degrader
RKU47333.1 putative monocarboxylate transporter mch1 [Coniochaeta pulveracea],588,0.0134,non-degrader
RKU47233.1 hypothetical protein DL546_008614 [Coniochaeta pulveracea],457,0.0134,non-degrader
RKU46617.1 RNA binding protein snu13 [Coniochaeta pulveracea],127,0.0134,non-degrader
RKU43201.1 hypothetical protein DL546_005820 [Coniochaeta pulveracea],329,0.0134,non-degrader
RKU42969.1 hypothetical protein DL546_006300 [Coniochaeta pulveracea],336,0.0134,non-degrader
RKU42326.1 hypothetical protein DL546_004737 [Coniochaeta pulveracea],848,0.0134,non-degrader
RKU41804.1 hypothetical protein DL546_002311 [Coniochaeta pulveracea],369,0.0134,non-degrader
RKU41047.1 hypothetical protein DL546_004139 [Coniochaeta pulveracea],585,0.0134,non-degrader
RKU39969.1 hypothetical protein DL546_000585 [Coniochaeta pulveracea],629,0.0134,non-degrader
RKU39948.1 hypothetical protein DL546_001892 [Coniochaeta pulveracea],518,0.0134,non-degrader
RKU48602.1 hypothetical protein DL546_008694 [Coniochaeta pulveracea],568,0.0133,non-degrader
RKU48548.1 hypothetical protein DL546_007473 [Coniochaeta pulveracea],281,0.0133,non-degrader
RKU47760.1 hypothetical protein DL546_005275 [Coniochaeta pulveracea],272,0.0133,non-degrader
RKU47460.1 hypothetical protein DL546_009203 [Coniochaeta pulveracea],307,0.0133,non-degrader
RKU47193.1 Exopolyphosphatase [Coniochaeta pulveracea],399,0.0133,non-degrader
RKU46395.1 hypothetical protein DL546_004994 [Coniochaeta pulveracea],452,0.0133,non-degrader
RKU46051.1 hypothetical protein DL546_002418 [Coniochaeta pulveracea],590,0.0133,non-degrader
RKU45715.1 hypothetical protein DL546_007584 [Coniochaeta pulveracea],103,0.0133,non-degrader
RKU45440.1 hypothetical protein DL546_007084 [Coniochaeta pulveracea],159,0.0133,non-degrader
RKU44814.1 hypothetical protein DL546_001544 [Coniochaeta pulveracea],387,0.0133,non-degrader
RKU44686.1 ribosomal protein S8A [Coniochaeta pulveracea],202,0.0133,non-degrader
RKU44344.1 exosome non-catalytic core subunit rrp40 [Coniochaeta pulveracea],248,0.0133,non-degrader
"RKU44283.1 serine/threonine protein kinase, AGC [Coniochaeta pulveracea]",392,0.0133,non-degrader
RKU44195.1 hypothetical protein DL546_001306 [Coniochaeta pulveracea],518,0.0133,non-degrader
RKU43415.1 hypothetical protein DL546_004280 [Coniochaeta pulveracea],377,0.0133,non-degrader
RKU43000.1 hypothetical protein DL546_002409 [Coniochaeta pulveracea],559,0.0133,non-degrader
RKU42916.1 hypothetical protein DL546_002732 [Coniochaeta pulveracea],224,0.0133,non-degrader
RKU42305.1 FKBP12-associated protein [Coniochaeta pulveracea],1179,0.0133,non-degrader
RKU41546.1 hypothetical protein DL546_001460 [Coniochaeta pulveracea],300,0.0133,non-degrader
RKU41363.1 hypothetical protein DL546_002644 [Coniochaeta pulveracea],886,0.0133,non-degrader
RKU41198.1 Type I Iterative Polyketide synthase (PKS) [Coniochaeta pulveracea],2645,0.0133,non-degrader
RKU40662.1 hypothetical protein DL546_001995 [Coniochaeta pulveracea],414,0.0133,non-degrader
RKU40052.1 hypothetical protein DL546_001901 [Coniochaeta pulveracea],372,0.0133,non-degrader
"RKU39914.1 hypothetical protein DL546_001933, partial [Coniochaeta pulveracea]",117,0.0133,non-degrader
RKU48712.1 T-complex protein 1 subunit epsilon [Coniochaeta pulveracea],550,0.0132,non-degrader
RKU48307.1 hypothetical protein DL546_007863 [Coniochaeta pulveracea],329,0.0132,non-degrader
RKU48251.1 Transcription initiation factor TFIID subunit 9 [Coniochaeta pulveracea],271,0.0132,non-degrader
RKU48001.1 hypothetical protein DL546_005981 [Coniochaeta pulveracea],444,0.0132,non-degrader
RKU47523.1 hypothetical protein DL546_004810 [Coniochaeta pulveracea],656,0.0132,non-degrader
RKU47439.1 hypothetical protein DL546_008756 [Coniochaeta pulveracea],481,0.0132,non-degrader
RKU47430.1 glutamate synthase [NADH] [Coniochaeta pulveracea],2113,0.0132,non-degrader
RKU47130.1 hypothetical protein DL546_005410 [Coniochaeta pulveracea],509,0.0132,non-degrader
RKU46930.1 hypothetical protein DL546_004116 [Coniochaeta pulveracea],727,0.0132,non-degrader
RKU46880.1 hypothetical protein DL546_009118 [Coniochaeta pulveracea],109,0.0132,non-degrader
RKU46531.1 hypothetical protein DL546_008889 [Coniochaeta pulveracea],351,0.0132,non-degrader
RKU46420.1 hypothetical protein DL546_006131 [Coniochaeta pulveracea],574,0.0132,non-degrader
RKU46095.1 hypothetical protein DL546_005360 [Coniochaeta pulveracea],1317,0.0132,non-degrader
RKU45486.1 hypothetical protein DL546_008304 [Coniochaeta pulveracea],438,0.0132,non-degrader
RKU44505.1 hypothetical protein DL546_005538 [Coniochaeta pulveracea],352,0.0132,non-degrader
RKU43061.1 hypothetical protein DL546_000208 [Coniochaeta pulveracea],831,0.0132,non-degrader
RKU43011.1 hypothetical protein DL546_003196 [Coniochaeta pulveracea],1010,0.0132,non-degrader
RKU42469.1 hypothetical protein DL546_004897 [Coniochaeta pulveracea],195,0.0132,non-degrader
RKU42142.1 hypothetical protein DL546_005144 [Coniochaeta pulveracea],198,0.0132,non-degrader
RKU42015.1 hypothetical protein DL546_004724 [Coniochaeta pulveracea],358,0.0132,non-degrader
RKU41920.1 hypothetical protein DL546_001491 [Coniochaeta pulveracea],271,0.0132,non-degrader
RKU41288.1 hypothetical protein DL546_001679 [Coniochaeta pulveracea],540,0.0132,non-degrader
RKU40688.1 hypothetical protein DL546_000894 [Coniochaeta pulveracea],300,0.0132,non-degrader
RKU40100.1 hypothetical protein DL546_001966 [Coniochaeta pulveracea],1073,0.0132,non-degrader
RKU49125.1 hypothetical protein DL546_007663 [Coniochaeta pulveracea],730,0.0131,non-degrader
RKU48730.1 S-adenosyl-L-homocysteine hydrolase [Coniochaeta pulveracea],449,0.0131,non-degrader
RKU47929.1 hypothetical protein DL546_009362 [Coniochaeta pulveracea],552,0.0131,non-degrader
RKU47752.1 hypothetical protein DL546_004450 [Coniochaeta pulveracea],544,0.0131,non-degrader
RKU47123.1 hypothetical protein DL546_005057 [Coniochaeta pulveracea],480,0.0131,non-degrader
RKU45988.1 hypothetical protein DL546_007222 [Coniochaeta pulveracea],233,0.0131,non-degrader
RKU45642.1 COPII coat Sec23p-Sfb3p heterodimer component [Coniochaeta pulveracea],1016,0.0131,non-degrader
RKU45286.1 isocitrate dehydrogenase (NAD(+)) idh1 [Coniochaeta pulveracea],383,0.0131,non-degrader
RKU44469.1 hypothetical protein DL546_002525 [Coniochaeta pulveracea],931,0.0131,non-degrader
RKU44320.1 hypothetical protein DL546_005982 [Coniochaeta pulveracea],886,0.0131,non-degrader
RKU43964.1 hypothetical protein DL546_004507 [Coniochaeta pulveracea],418,0.0131,non-degrader
RKU43195.1 hypothetical protein DL546_005524 [Coniochaeta pulveracea],648,0.0131,non-degrader
RKU43171.1 hypothetical protein DL546_004193 [Coniochaeta pulveracea],257,0.0131,non-degrader
RKU43065.1 hypothetical protein DL546_000705 [Coniochaeta pulveracea],533,0.0131,non-degrader
RKU42568.1 hypothetical protein DL546_001939 [Coniochaeta pulveracea],970,0.0131,non-degrader
RKU41931.1 hypothetical protein DL546_002800 [Coniochaeta pulveracea],600,0.0131,non-degrader
RKU41626.1 putative PKS/NRPS-like protein biosynthetic cluster [Coniochaeta pulveracea],2215,0.0131,non-degrader
RKU41542.1 hypothetical protein DL546_000961 [Coniochaeta pulveracea],349,0.0131,non-degrader
RKU41488.1 velvet protein [Coniochaeta pulveracea],580,0.0131,non-degrader
RKU41104.1 hypothetical protein DL546_001548 [Coniochaeta pulveracea],1501,0.0131,non-degrader
RKU40287.1 hypothetical protein DL546_001187 [Coniochaeta pulveracea],156,0.0131,non-degrader
RKU40266.1 hypothetical protein DL546_001780 [Coniochaeta pulveracea],486,0.0131,non-degrader
RKU40203.1 High-affinity glucose transporter rgt2 [Coniochaeta pulveracea],546,0.0131,non-degrader
RKU48643.1 hypothetical protein DL546_009186 [Coniochaeta pulveracea],334,0.013,non-degrader
RKU47583.1 hypothetical protein DL546_007525 [Coniochaeta pulveracea],482,0.013,non-degrader
RKU47425.1 hypothetical protein DL546_008449 [Coniochaeta pulveracea],336,0.013,non-degrader
RKU47336.1 anthranilate synthase component 1 [Coniochaeta pulveracea],526,0.013,non-degrader
RKU47167.1 bud emergence protein 1 [Coniochaeta pulveracea],602,0.013,non-degrader
RKU46951.1 hypothetical protein DL546_005798 [Coniochaeta pulveracea],404,0.013,non-degrader
"RKU46717.1 Cell wall alpha-1,3-glucan synthase ags1 [Coniochaeta pulveracea]",2356,0.013,non-degrader
RKU45712.1 hypothetical protein DL546_007514 [Coniochaeta pulveracea],124,0.013,non-degrader
RKU45552.1 hypothetical protein DL546_005974 [Coniochaeta pulveracea],221,0.013,non-degrader
RKU44842.1 hypothetical protein DL546_004885 [Coniochaeta pulveracea],420,0.013,non-degrader
RKU44300.1 hypothetical protein DL546_004410 [Coniochaeta pulveracea],181,0.013,non-degrader
RKU44132.1 capsular associated protein [Coniochaeta pulveracea],426,0.013,non-degrader
RKU43923.1 hypothetical protein DL546_000685 [Coniochaeta pulveracea],851,0.013,non-degrader
RKU43729.1 hypothetical protein DL546_005023 [Coniochaeta pulveracea],1563,0.013,non-degrader
RKU43714.1 hypothetical protein DL546_003912 [Coniochaeta pulveracea],439,0.013,non-degrader
RKU43264.1 hypothetical protein DL546_005225 [Coniochaeta pulveracea],190,0.013,non-degrader
RKU42850.1 hypothetical protein DL546_002391 [Coniochaeta pulveracea],672,0.013,non-degrader
RKU42091.1 hypothetical protein DL546_005625 [Coniochaeta pulveracea],228,0.013,non-degrader
RKU41452.1 hypothetical protein DL546_002201 [Coniochaeta pulveracea],953,0.013,non-degrader
RKU41379.1 hypothetical protein DL546_003947 [Coniochaeta pulveracea],296,0.013,non-degrader
RKU41144.1 hypothetical protein DL546_001921 [Coniochaeta pulveracea],343,0.013,non-degrader
RKU40129.1 hypothetical protein DL546_000847 [Coniochaeta pulveracea],539,0.013,non-degrader
RKU39945.1 hypothetical protein DL546_001588 [Coniochaeta pulveracea],328,0.013,non-degrader
RKU39752.1 hypothetical protein DL546_000457 [Coniochaeta pulveracea],755,0.013,non-degrader
RKU49167.1 hypothetical protein DL546_008606 [Coniochaeta pulveracea],430,0.0129,non-degrader
RKU48709.1 ATPase with role in protein import into the ER [Coniochaeta pulveracea],663,0.0129,non-degrader
RKU48614.1 hypothetical protein DL546_008817 [Coniochaeta pulveracea],227,0.0129,non-degrader
RKU48088.1 hypothetical protein DL546_008553 [Coniochaeta pulveracea],568,0.0129,non-degrader
RKU47738.1 hypothetical protein DL546_003419 [Coniochaeta pulveracea],502,0.0129,non-degrader
RKU47513.1 hypothetical protein DL546_004115 [Coniochaeta pulveracea],331,0.0129,non-degrader
RKU47054.1 hypothetical protein DL546_008813 [Coniochaeta pulveracea],1679,0.0129,non-degrader
RKU46452.1 hypothetical protein DL546_007241 [Coniochaeta pulveracea],406,0.0129,non-degrader
RKU46389.1 hypothetical protein DL546_004586 [Coniochaeta pulveracea],376,0.0129,non-degrader
RKU46225.1 hypothetical protein DL546_004213 [Coniochaeta pulveracea],357,0.0129,non-degrader
RKU46224.1 hypothetical protein DL546_004213 [Coniochaeta pulveracea],357,0.0129,non-degrader
RKU46035.1 hypothetical protein DL546_008701 [Coniochaeta pulveracea],515,0.0129,non-degrader
RKU46017.1 hypothetical protein DL546_008235 [Coniochaeta pulveracea],548,0.0129,non-degrader
RKU43434.1 hypothetical protein DL546_005807 [Coniochaeta pulveracea],87,0.0129,non-degrader
RKU43263.1 hypothetical protein DL546_005197 [Coniochaeta pulveracea],84,0.0129,non-degrader
RKU42566.1 hypothetical protein DL546_001703 [Coniochaeta pulveracea],401,0.0129,non-degrader
RKU42056.1 hypothetical protein DL546_002688 [Coniochaeta pulveracea],452,0.0129,non-degrader
RKU41899.1 hypothetical protein DL546_004853 [Coniochaeta pulveracea],175,0.0129,non-degrader
RKU41670.1 hypothetical protein DL546_004486 [Coniochaeta pulveracea],443,0.0129,non-degrader
RKU41103.1 hypothetical protein DL546_001439 [Coniochaeta pulveracea],353,0.0129,non-degrader
RKU40806.1 Trimeric GatFAB AmidoTransferase(AdT) complex subunit [Coniochaeta pulveracea],511,0.0129,non-degrader
RKU40243.1 hypothetical protein DL546_001575 [Coniochaeta pulveracea],494,0.0129,non-degrader
RKU49509.1 hypothetical protein DL546_008686 [Coniochaeta pulveracea],195,0.0128,non-degrader
RKU49104.1 hypothetical protein DL546_006509 [Coniochaeta pulveracea],1473,0.0128,non-degrader
RKU48446.1 hypothetical protein DL546_001333 [Coniochaeta pulveracea],185,0.0128,non-degrader
RKU47383.1 hypothetical protein DL546_007016 [Coniochaeta pulveracea],224,0.0128,non-degrader
RKU47213.1 hypothetical protein DL546_008253 [Coniochaeta pulveracea],175,0.0128,non-degrader
RKU45537.1 40S ribosomal protein S27 [Coniochaeta pulveracea],82,0.0128,non-degrader
RKU45241.1 dolichyl-diphosphooligosaccharide--protein glycosyltransferase subunit 1 [Coniochaeta pulveracea],486,0.0128,non-degrader
RKU44289.1 hypothetical protein DL546_002841 [Coniochaeta pulveracea],288,0.0128,non-degrader
RKU44085.1 hypothetical protein DL546_007278 [Coniochaeta pulveracea],146,0.0128,non-degrader
RKU43545.1 60S ribosomal protein L2A [Coniochaeta pulveracea],254,0.0128,non-degrader
RKU42443.1 imidazoleglycerol-phosphate dehydratase [Coniochaeta pulveracea],232,0.0128,non-degrader
RKU41524.1 hypothetical protein DL546_004657 [Coniochaeta pulveracea],726,0.0128,non-degrader
RKU41408.1 hypothetical protein DL546_002291 [Coniochaeta pulveracea],286,0.0128,non-degrader
RKU49287.1 hypothetical protein DL546_009756 [Coniochaeta pulveracea],381,0.0127,non-degrader
RKU49154.1 hypothetical protein DL546_008328 [Coniochaeta pulveracea],333,0.0127,non-degrader
RKU49074.1 hypothetical protein DL546_003990 [Coniochaeta pulveracea],519,0.0127,non-degrader
RKU48497.1 hypothetical protein DL546_005622 [Coniochaeta pulveracea],412,0.0127,non-degrader
RKU48341.1 Heat shock protein ssb1 [Coniochaeta pulveracea],614,0.0127,non-degrader
RKU48332.1 class II myosin [Coniochaeta pulveracea],1232,0.0127,non-degrader
RKU48073.1 hypothetical protein DL546_008313 [Coniochaeta pulveracea],648,0.0127,non-degrader
RKU47517.1 hypothetical protein DL546_004426 [Coniochaeta pulveracea],533,0.0127,non-degrader
RKU47126.1 hypothetical protein DL546_005216 [Coniochaeta pulveracea],467,0.0127,non-degrader
RKU46011.1 hypothetical protein DL546_008086 [Coniochaeta pulveracea],340,0.0127,non-degrader
RKU45686.1 hypothetical protein DL546_006299 [Coniochaeta pulveracea],929,0.0127,non-degrader
RKU44709.1 hypothetical protein DL546_006656 [Coniochaeta pulveracea],322,0.0127,non-degrader
RKU44451.1 26S proteasome regulatory subunit [Coniochaeta pulveracea],380,0.0127,non-degrader
RKU44083.1 hypothetical protein DL546_007239 [Coniochaeta pulveracea],242,0.0127,non-degrader
RKU43733.1 hypothetical protein DL546_005418 [Coniochaeta pulveracea],224,0.0127,non-degrader
RKU42561.1 hypothetical protein DL546_001493 [Coniochaeta pulveracea],424,0.0127,non-degrader
RKU42247.1 hypothetical protein DL546_003375 [Coniochaeta pulveracea],530,0.0127,non-degrader
RKU42172.1 hypothetical protein DL546_002278 [Coniochaeta pulveracea],634,0.0127,non-degrader
RKU42117.1 hypothetical protein DL546_003248 [Coniochaeta pulveracea],1023,0.0127,non-degrader
RKU41312.1 GPI mannosyltransferase 1 [Coniochaeta pulveracea],463,0.0127,non-degrader
RKU41071.1 hypothetical protein DL546_002972 [Coniochaeta pulveracea],580,0.0127,non-degrader
RKU40275.1 hypothetical protein DL546_002583 [Coniochaeta pulveracea],549,0.0127,non-degrader
RKU39735.1 histidine kinase osmosensor [Coniochaeta pulveracea],1290,0.0127,non-degrader
RKU49144.1 hypothetical protein DL546_008167 [Coniochaeta pulveracea],226,0.0126,non-degrader
RKU49124.1 hypothetical protein DL546_007663 [Coniochaeta pulveracea],701,0.0126,non-degrader
RKU48690.1 hypothetical protein DL546_009523 [Coniochaeta pulveracea],190,0.0126,non-degrader
RKU48053.1 protein translocase subunit [Coniochaeta pulveracea],87,0.0126,non-degrader
RKU47939.1 60S ribosomal protein L10a [Coniochaeta pulveracea],155,0.0126,non-degrader
RKU46591.1 Trihydroxynaphthalene reductase [Coniochaeta pulveracea],354,0.0126,non-degrader
RKU46383.1 Pyridoxine 4-dehydrogenase [Coniochaeta pulveracea],329,0.0126,non-degrader
RKU45755.1 monothiol glutaredoxin grx5 [Coniochaeta pulveracea],164,0.0126,non-degrader
RKU45654.1 hypothetical protein DL546_003896 [Coniochaeta pulveracea],345,0.0126,non-degrader
RKU45284.1 hypothetical protein DL546_006109 [Coniochaeta pulveracea],279,0.0126,non-degrader
RKU45025.1 hypothetical protein DL546_004696 [Coniochaeta pulveracea],519,0.0126,non-degrader
RKU44731.1 hypothetical protein DL546_007427 [Coniochaeta pulveracea],290,0.0126,non-degrader
RKU44252.1 hypothetical protein DL546_006759 [Coniochaeta pulveracea],548,0.0126,non-degrader
RKU43340.1 hypothetical protein DL546_004654 [Coniochaeta pulveracea],313,0.0126,non-degrader
RKU43303.1 Glutathione reductase [Coniochaeta pulveracea],505,0.0126,non-degrader
RKU43125.1 T-complex protein 1 subunit zeta [Coniochaeta pulveracea],544,0.0126,non-degrader
RKU42524.1 hypothetical protein DL546_004229 [Coniochaeta pulveracea],1239,0.0126,non-degrader
RKU42331.1 hypothetical protein DL546_005149 [Coniochaeta pulveracea],257,0.0126,non-degrader
RKU42182.1 26S proteasome regulatory subunit 6A [Coniochaeta pulveracea],460,0.0126,non-degrader
RKU41272.1 hypothetical protein DL546_000018 [Coniochaeta pulveracea],548,0.0126,non-degrader
RKU41126.1 hypothetical protein DL546_004269 [Coniochaeta pulveracea],254,0.0126,non-degrader
RKU40594.1 hypothetical protein DL546_003399 [Coniochaeta pulveracea],1321,0.0126,non-degrader
RKU40542.1 hypothetical protein DL546_002195 [Coniochaeta pulveracea],438,0.0126,non-degrader
RKU40423.1 hypothetical protein DL546_002483 [Coniochaeta pulveracea],187,0.0126,non-degrader
RKU40372.1 hypothetical protein DL546_002787 [Coniochaeta pulveracea],561,0.0126,non-degrader
RKU39989.1 hypothetical protein DL546_000683 [Coniochaeta pulveracea],586,0.0126,non-degrader
RKU39869.1 hypothetical protein DL546_000423 [Coniochaeta pulveracea],488,0.0126,non-degrader
RKU39832.1 hypothetical protein DL546_000560 [Coniochaeta pulveracea],293,0.0126,non-degrader
RKU39737.1 hypothetical protein DL546_000617 [Coniochaeta pulveracea],513,0.0126,non-degrader
RKU49676.1 hypothetical protein DL546_009790 [Coniochaeta pulveracea],510,0.0125,non-degrader
RKU49196.1 mRNA cap guanine-N7 methyltransferase [Coniochaeta pulveracea],502,0.0125,non-degrader
RKU49143.1 hypothetical protein DL546_008149 [Coniochaeta pulveracea],171,0.0125,non-degrader
RKU49122.1 hypothetical protein DL546_007609 [Coniochaeta pulveracea],448,0.0125,non-degrader
RKU48404.1 hypothetical protein DL546_009482 [Coniochaeta pulveracea],278,0.0125,non-degrader
RKU47968.1 hypothetical protein DL546_003580 [Coniochaeta pulveracea],316,0.0125,non-degrader
RKU47586.1 hypothetical protein DL546_007626 [Coniochaeta pulveracea],446,0.0125,non-degrader
RKU47073.1 hypothetical protein DL546_009114 [Coniochaeta pulveracea],988,0.0125,non-degrader
RKU46646.1 hypothetical protein DL546_007919 [Coniochaeta pulveracea],683,0.0125,non-degrader
RKU46200.1 hypothetical protein DL546_000946 [Coniochaeta pulveracea],221,0.0125,non-degrader
RKU45538.1 hypothetical protein DL546_004610 [Coniochaeta pulveracea],260,0.0125,non-degrader
RKU45418.1 RNA polymerase III C11 subunit [Coniochaeta pulveracea],111,0.0125,non-degrader
RKU45328.1 hypothetical protein DL546_007568 [Coniochaeta pulveracea],79,0.0125,non-degrader
RKU45190.1 hypothetical protein DL546_007336 [Coniochaeta pulveracea],508,0.0125,non-degrader
RKU44918.1 hypothetical protein DL546_003321 [Coniochaeta pulveracea],307,0.0125,non-degrader
RKU44432.1 hypothetical protein DL546_007197 [Coniochaeta pulveracea],214,0.0125,non-degrader
RKU44311.1 hypothetical protein DL546_005196 [Coniochaeta pulveracea],714,0.0125,non-degrader
RKU44141.1 hypothetical protein DL546_004832 [Coniochaeta pulveracea],502,0.0125,non-degrader
RKU43531.1 hypothetical protein DL546_006827 [Coniochaeta pulveracea],347,0.0125,non-degrader
RKU43208.1 hypothetical protein DL546_006217 [Coniochaeta pulveracea],371,0.0125,non-degrader
RKU42894.1 hypothetical protein DL546_006308 [Coniochaeta pulveracea],483,0.0125,non-degrader
"RKU42761.1 hypothetical protein DL546_006507, partial [Coniochaeta pulveracea]",168,0.0125,non-degrader
"RKU42292.1 Aminomethyltransferase, mitochondrial [Coniochaeta pulveracea]",463,0.0125,non-degrader
RKU41362.1 hypothetical protein DL546_002534 [Coniochaeta pulveracea],559,0.0125,non-degrader
RKU40887.1 hypothetical protein DL546_002354 [Coniochaeta pulveracea],139,0.0125,non-degrader
"RKU40000.1 hypothetical protein DL546_002108, partial [Coniochaeta pulveracea]",77,0.0125,non-degrader
RKU49634.1 hypothetical protein DL546_009660 [Coniochaeta pulveracea],630,0.0124,non-degrader
RKU49609.1 hypothetical protein DL546_009535 [Coniochaeta pulveracea],1144,0.0124,non-degrader
RKU49519.1 hypothetical protein DL546_008847 [Coniochaeta pulveracea],320,0.0124,non-degrader
RKU48807.1 Transmembrane nucleoporin [Coniochaeta pulveracea],286,0.0124,non-degrader
RKU48117.1 guanine nucleotide-binding protein subunit beta 1 [Coniochaeta pulveracea],360,0.0124,non-degrader
RKU47551.1 hypothetical protein DL546_006496 [Coniochaeta pulveracea],270,0.0124,non-degrader
RKU47471.1 hypothetical protein DL546_009357 [Coniochaeta pulveracea],401,0.0124,non-degrader
RKU47348.1 26S proteasome regulatory subunit rpn6 [Coniochaeta pulveracea],422,0.0124,non-degrader
RKU46281.1 hypothetical protein DL546_007153 [Coniochaeta pulveracea],108,0.0124,non-degrader
RKU45776.1 hypothetical protein DL546_001889 [Coniochaeta pulveracea],931,0.0124,non-degrader
RKU45637.1 hypothetical protein DL546_001571 [Coniochaeta pulveracea],237,0.0124,non-degrader
RKU45566.1 hypothetical protein DL546_006783 [Coniochaeta pulveracea],775,0.0124,non-degrader
RKU45332.1 hypothetical protein DL546_007688 [Coniochaeta pulveracea],363,0.0124,non-degrader
RKU44493.1 COPII subunit [Coniochaeta pulveracea],946,0.0124,non-degrader
RKU43775.1 hypothetical protein DL546_004047 [Coniochaeta pulveracea],508,0.0124,non-degrader
RKU43758.1 hypothetical protein DL546_006490 [Coniochaeta pulveracea],358,0.0124,non-degrader
RKU43670.1 Glucosamine-phosphate N-acetyltransferase-like protein [Coniochaeta pulveracea],173,0.0124,non-degrader
RKU43650.1 hypothetical protein DL546_005762 [Coniochaeta pulveracea],351,0.0124,non-degrader
RKU43580.1 hypothetical protein DL546_005285 [Coniochaeta pulveracea],480,0.0124,non-degrader
RKU43114.1 hypothetical protein DL546_004910 [Coniochaeta pulveracea],176,0.0124,non-degrader
RKU43060.1 Endoglucanase EG-1 [Coniochaeta pulveracea],428,0.0124,non-degrader
RKU43057.1 hypothetical protein DL546_006531 [Coniochaeta pulveracea],558,0.0124,non-degrader
RKU42398.1 hypothetical protein DL546_004563 [Coniochaeta pulveracea],303,0.0124,non-degrader
RKU41876.1 hypothetical protein DL546_003269 [Coniochaeta pulveracea],307,0.0124,non-degrader
RKU41641.1 hypothetical protein DL546_001652 [Coniochaeta pulveracea],468,0.0124,non-degrader
RKU41618.1 hypothetical protein DL546_003281 [Coniochaeta pulveracea],247,0.0124,non-degrader
RKU41517.1 hypothetical protein DL546_004262 [Coniochaeta pulveracea],374,0.0124,non-degrader
RKU41236.1 hypothetical protein DL546_001993 [Coniochaeta pulveracea],269,0.0124,non-degrader
RKU41080.1 hypothetical protein DL546_003597 [Coniochaeta pulveracea],336,0.0124,non-degrader
RKU40501.1 hypothetical protein DL546_002880 [Coniochaeta pulveracea],349,0.0124,non-degrader
RKU40491.1 hypothetical protein DL546_001861 [Coniochaeta pulveracea],297,0.0124,non-degrader
RKU39916.1 hypothetical protein DL546_000357 [Coniochaeta pulveracea],365,0.0124,non-degrader
RKU39835.1 hypothetical protein DL546_000935 [Coniochaeta pulveracea],539,0.0124,non-degrader
"RKU39736.1 histidine kinase osmosensor, variant 2 [Coniochaeta pulveracea]",1287,0.0124,non-degrader
RKU49506.1 hypothetical protein DL546_008599 [Coniochaeta pulveracea],478,0.0123,non-degrader
RKU49166.1 hypothetical protein DL546_008596 [Coniochaeta pulveracea],203,0.0123,non-degrader
RKU48215.1 hypothetical protein DL546_002462 [Coniochaeta pulveracea],509,0.0123,non-degrader
RKU47297.1 DNA mismatch repair protein [Coniochaeta pulveracea],710,0.0123,non-degrader
RKU46500.1 hypothetical protein DL546_008417 [Coniochaeta pulveracea],326,0.0123,non-degrader
RKU46085.1 hypothetical protein DL546_004831 [Coniochaeta pulveracea],372,0.0123,non-degrader
RKU45355.1 hypothetical protein DL546_008207 [Coniochaeta pulveracea],479,0.0123,non-degrader
RKU45139.1 hypothetical protein DL546_004752 [Coniochaeta pulveracea],577,0.0123,non-degrader
RKU44667.1 hypothetical protein DL546_003583 [Coniochaeta pulveracea],393,0.0123,non-degrader
RKU43693.1 hypothetical protein DL546_001308 [Coniochaeta pulveracea],358,0.0123,non-degrader
RKU43398.1 hypothetical protein DL546_002574 [Coniochaeta pulveracea],326,0.0123,non-degrader
RKU43222.1 hypothetical protein DL546_001557 [Coniochaeta pulveracea],570,0.0123,non-degrader
RKU43058.1 hypothetical protein DL546_006531 [Coniochaeta pulveracea],556,0.0123,non-degrader
RKU43014.1 Type I Iterative Polyketide synthase (PKS) [Coniochaeta pulveracea],2293,0.0123,non-degrader
RKU43003.1 hypothetical protein DL546_002596 [Coniochaeta pulveracea],317,0.0123,non-degrader
"RKU41762.1 major facilitator super transporter protein, variant 2 [Coniochaeta pulveracea]",815,0.0123,non-degrader
RKU41738.1 hypothetical protein DL546_000037 [Coniochaeta pulveracea],208,0.0123,non-degrader
RKU41737.1 hypothetical protein DL546_005333 [Coniochaeta pulveracea],455,0.0123,non-degrader
RKU41653.1 pyruvate carboxylase [Coniochaeta pulveracea],1195,0.0123,non-degrader
RKU41255.1 hypothetical protein DL546_003724 [Coniochaeta pulveracea],397,0.0123,non-degrader
RKU41053.1 hypothetical protein DL546_000373 [Coniochaeta pulveracea],589,0.0123,non-degrader
RKU40592.1 hypothetical protein DL546_003283 [Coniochaeta pulveracea],115,0.0123,non-degrader
RKU40114.1 hypothetical protein DL546_001591 [Coniochaeta pulveracea],298,0.0123,non-degrader
RKU39773.1 hypothetical protein DL546_000512 [Coniochaeta pulveracea],120,0.0123,non-degrader
RKU49118.1 hypothetical protein DL546_007421 [Coniochaeta pulveracea],1260,0.0122,non-degrader
RKU49092.1 hypothetical protein DL546_005773 [Coniochaeta pulveracea],235,0.0122,non-degrader
RKU49043.1 hypothetical protein DL546_000045 [Coniochaeta pulveracea],428,0.0122,non-degrader
RKU48870.1 hypothetical protein DL546_008179 [Coniochaeta pulveracea],1446,0.0122,non-degrader
RKU48611.1 F-actin-capping protein subunit alpha [Coniochaeta pulveracea],271,0.0122,non-degrader
RKU48454.1 hypothetical protein DL546_002166 [Coniochaeta pulveracea],515,0.0122,non-degrader
RKU48419.1 hypothetical protein DL546_009547 [Coniochaeta pulveracea],272,0.0122,non-degrader
RKU47998.1 hypothetical protein DL546_005861 [Coniochaeta pulveracea],476,0.0122,non-degrader
RKU47491.1 ubiquitin-protein ligase peroxin 12 [Coniochaeta pulveracea],443,0.0122,non-degrader
RKU47456.1 hypothetical protein DL546_009138 [Coniochaeta pulveracea],454,0.0122,non-degrader
RKU47116.1 hypothetical protein DL546_004513 [Coniochaeta pulveracea],687,0.0122,non-degrader
RKU46354.1 hypothetical protein DL546_001778 [Coniochaeta pulveracea],146,0.0122,non-degrader
RKU45300.1 hypothetical protein DL546_006703 [Coniochaeta pulveracea],305,0.0122,non-degrader
"RKU44802.1 hypothetical protein DL546_000002, partial [Coniochaeta pulveracea]",1497,0.0122,non-degrader
RKU44800.1 tyrosine protein phosphatase yvh1 [Coniochaeta pulveracea],365,0.0122,non-degrader
"RKU44251.1 monovalent cation:H+ antiporter, CPA1 (nhx1) [Coniochaeta pulveracea]",669,0.0122,non-degrader
RKU43785.1 Pyridoxine 4-dehydrogenase [Coniochaeta pulveracea],329,0.0122,non-degrader
RKU43724.1 hypothetical protein DL546_004576 [Coniochaeta pulveracea],352,0.0122,non-degrader
RKU43668.1 hypothetical protein DL546_006485 [Coniochaeta pulveracea],546,0.0122,non-degrader
RKU42414.1 hypothetical protein DL546_005423 [Coniochaeta pulveracea],527,0.0122,non-degrader
RKU41960.1 hypothetical protein DL546_005259 [Coniochaeta pulveracea],196,0.0122,non-degrader
RKU41613.1 hypothetical protein DL546_002943 [Coniochaeta pulveracea],80,0.0122,non-degrader
RKU40986.1 hypothetical protein DL546_001858 [Coniochaeta pulveracea],537,0.0122,non-degrader
RKU40557.1 hypothetical protein DL546_003389 [Coniochaeta pulveracea],487,0.0122,non-degrader
RKU40377.1 hypothetical protein DL546_000446 [Coniochaeta pulveracea],397,0.0122,non-degrader
RKU39865.1 hypothetical protein DL546_001013 [Coniochaeta pulveracea],147,0.0122,non-degrader
RKU49279.1 hypothetical protein DL546_009735 [Coniochaeta pulveracea],346,0.0121,non-degrader
RKU48541.1 hypothetical protein DL546_007279 [Coniochaeta pulveracea],105,0.0121,non-degrader
RKU48429.1 hypothetical protein DL546_009599 [Coniochaeta pulveracea],575,0.0121,non-degrader
RKU47725.1 hypothetical protein DL546_001890 [Coniochaeta pulveracea],235,0.0121,non-degrader
RKU46600.1 hypothetical protein DL546_006226 [Coniochaeta pulveracea],710,0.0121,non-degrader
RKU46510.1 bifunctional phosphoribosylaminoimidazolecarboxamide formyltransferase/IMP cyclohydrolase [Coniochaeta pulveracea],595,0.0121,non-degrader
RKU46328.1 hypothetical protein DL546_008341 [Coniochaeta pulveracea],556,0.0121,non-degrader
RKU45886.1 hypothetical protein DL546_008298 [Coniochaeta pulveracea],335,0.0121,non-degrader
RKU45791.1 hypothetical protein DL546_004154 [Coniochaeta pulveracea],387,0.0121,non-degrader
RKU44633.1 hypothetical protein DL546_007375 [Coniochaeta pulveracea],404,0.0121,non-degrader
RKU44124.1 hypothetical protein DL546_003553 [Coniochaeta pulveracea],385,0.0121,non-degrader
RKU43284.1 hypothetical protein DL546_006437 [Coniochaeta pulveracea],558,0.0121,non-degrader
RKU43240.1 hypothetical protein DL546_003390 [Coniochaeta pulveracea],353,0.0121,non-degrader
RKU43239.1 hypothetical protein DL546_003344 [Coniochaeta pulveracea],348,0.0121,non-degrader
RKU42955.1 hypothetical protein DL546_005789 [Coniochaeta pulveracea],290,0.0121,non-degrader
RKU42927.1 hypothetical protein DL546_003532 [Coniochaeta pulveracea],1129,0.0121,non-degrader
RKU42906.1 hypothetical protein DL546_001647 [Coniochaeta pulveracea],629,0.0121,non-degrader
RKU42253.1 hypothetical protein DL546_003863 [Coniochaeta pulveracea],385,0.0121,non-degrader
RKU41305.1 hypothetical protein DL546_003361 [Coniochaeta pulveracea],826,0.0121,non-degrader
RKU41051.1 hypothetical protein DL546_000145 [Coniochaeta pulveracea],298,0.0121,non-degrader
RKU40884.1 DNA-directed RNA polymerase III core subunit ret1 [Coniochaeta pulveracea],449,0.0121,non-degrader
RKU40432.1 3-dehydroshikimate dehydratase [Coniochaeta pulveracea],359,0.0121,non-degrader
RKU49710.1 hypothetical protein DL546_009870 [Coniochaeta pulveracea],232,0.012,non-degrader
RKU49559.1 hypothetical protein DL546_009263 [Coniochaeta pulveracea],166,0.012,non-degrader
RKU49498.1 hypothetical protein DL546_008454 [Coniochaeta pulveracea],443,0.012,non-degrader
RKU48502.1 hypothetical protein DL546_005882 [Coniochaeta pulveracea],230,0.012,non-degrader
RKU48439.1 hypothetical protein DL546_000488 [Coniochaeta pulveracea],590,0.012,non-degrader
RKU47986.1 spindle assembly checkpoint kinase [Coniochaeta pulveracea],397,0.012,non-degrader
RKU47019.1 hypothetical protein DL546_008265 [Coniochaeta pulveracea],1202,0.012,non-degrader
RKU46698.1 hypothetical protein DL546_008878 [Coniochaeta pulveracea],219,0.012,non-degrader
RKU46387.1 hypothetical protein DL546_004487 [Coniochaeta pulveracea],318,0.012,non-degrader
RKU46287.1 Hsp70 ATPase ssc1 [Coniochaeta pulveracea],496,0.012,non-degrader
RKU45143.1 hypothetical protein DL546_005171 [Coniochaeta pulveracea],237,0.012,non-degrader
RKU44512.1 Superkiller protein 3 [Coniochaeta pulveracea],1428,0.012,non-degrader
RKU44140.1 hypothetical protein DL546_004769 [Coniochaeta pulveracea],544,0.012,non-degrader
RKU43138.1 hypothetical protein DL546_000480 [Coniochaeta pulveracea],330,0.012,non-degrader
RKU42867.1 40S ribosomal protein S3 [Coniochaeta pulveracea],263,0.012,non-degrader
RKU41354.1 hypothetical protein DL546_001801 [Coniochaeta pulveracea],343,0.012,non-degrader
RKU40816.1 hypothetical protein DL546_001597 [Coniochaeta pulveracea],633,0.012,non-degrader
RKU40153.1 hypothetical protein DL546_001174 [Coniochaeta pulveracea],596,0.012,non-degrader
RKU39936.1 26S proteasome non-ATPase regulatory subunit [Coniochaeta pulveracea],581,0.012,non-degrader
RKU39886.1 hypothetical protein DL546_000593 [Coniochaeta pulveracea],257,0.012,non-degrader
RKU39855.1 hypothetical protein DL546_001371 [Coniochaeta pulveracea],254,0.012,non-degrader
RKU49594.1 hypothetical protein DL546_009476 [Coniochaeta pulveracea],480,0.0119,non-degrader
RKU49439.1 dihydroorotate dehydrogenase [Coniochaeta pulveracea],339,0.0119,non-degrader
RKU49342.1 hypothetical protein DL546_009879 [Coniochaeta pulveracea],525,0.0119,non-degrader
RKU48837.1 hypothetical protein DL546_007326 [Coniochaeta pulveracea],346,0.0119,non-degrader
RKU48228.1 hypothetical protein DL546_003295 [Coniochaeta pulveracea],439,0.0119,non-degrader
RKU48218.1 hypothetical protein DL546_002605 [Coniochaeta pulveracea],1063,0.0119,non-degrader
RKU48061.1 hypothetical protein DL546_008131 [Coniochaeta pulveracea],249,0.0119,non-degrader
RKU46958.1 hypothetical protein DL546_006159 [Coniochaeta pulveracea],690,0.0119,non-degrader
RKU46895.1 Acyl-CoA synthetase member 2 mitochondrial [Coniochaeta pulveracea],610,0.0119,non-degrader
RKU46859.1 hypothetical protein DL546_008513 [Coniochaeta pulveracea],156,0.0119,non-degrader
RKU46771.1 hypothetical protein DL546_005766 [Coniochaeta pulveracea],2244,0.0119,non-degrader
RKU46127.1 hypothetical protein DL546_006888 [Coniochaeta pulveracea],516,0.0119,non-degrader
RKU44206.1 hypothetical protein DL546_002487 [Coniochaeta pulveracea],245,0.0119,non-degrader
RKU43903.1 hypothetical protein DL546_006688 [Coniochaeta pulveracea],757,0.0119,non-degrader
RKU43889.1 H(+)-transporting V0 sector ATPase subunit d [Coniochaeta pulveracea],365,0.0119,non-degrader
RKU41834.1 hypothetical protein DL546_004730 [Coniochaeta pulveracea],266,0.0119,non-degrader
RKU41777.1 hypothetical protein DL546_004432 [Coniochaeta pulveracea],522,0.0119,non-degrader
RKU41761.1 major facilitator super transporter protein [Coniochaeta pulveracea],889,0.0119,non-degrader
RKU41742.1 hypothetical protein DL546_000573 [Coniochaeta pulveracea],521,0.0119,non-degrader
RKU41598.1 hypothetical protein DL546_000688 [Coniochaeta pulveracea],394,0.0119,non-degrader
RKU41516.1 hypothetical protein DL546_004046 [Coniochaeta pulveracea],2087,0.0119,non-degrader
RKU41182.1 hypothetical protein DL546_000608 [Coniochaeta pulveracea],956,0.0119,non-degrader
RKU41054.1 hypothetical protein DL546_000580 [Coniochaeta pulveracea],449,0.0119,non-degrader
RKU40765.1 hypothetical protein DL546_002050 [Coniochaeta pulveracea],290,0.0119,non-degrader
RKU40617.1 atp3 gamma subunit of the F1 sector of mitochondrial F1F0 ATP synthase [Coniochaeta pulveracea],285,0.0119,non-degrader
RKU40379.1 hypothetical protein DL546_000539 [Coniochaeta pulveracea],416,0.0119,non-degrader
RKU40272.1 hypothetical protein DL546_002380 [Coniochaeta pulveracea],522,0.0119,non-degrader
RKU39874.1 hypothetical protein DL546_001012 [Coniochaeta pulveracea],422,0.0119,non-degrader
RKU49350.1 hypothetical protein DL546_009891 [Coniochaeta pulveracea],392,0.0118,non-degrader
RKU49300.1 hypothetical protein DL546_009798 [Coniochaeta pulveracea],366,0.0118,non-degrader
RKU48400.1 hypothetical protein DL546_009461 [Coniochaeta pulveracea],591,0.0118,non-degrader
RKU48306.1 hypothetical protein DL546_007824 [Coniochaeta pulveracea],553,0.0118,non-degrader
RKU47346.1 hypothetical protein DL546_005068 [Coniochaeta pulveracea],284,0.0118,non-degrader
RKU47152.1 hypothetical protein DL546_006603 [Coniochaeta pulveracea],744,0.0118,non-degrader
RKU47099.1 hypothetical protein DL546_003227 [Coniochaeta pulveracea],248,0.0118,non-degrader
RKU46719.1 hypothetical protein DL546_000958 [Coniochaeta pulveracea],534,0.0118,non-degrader
RKU46104.1 hypothetical protein DL546_005904 [Coniochaeta pulveracea],822,0.0118,non-degrader
RKU45701.1 hypothetical protein DL546_006919 [Coniochaeta pulveracea],326,0.0118,non-degrader
RKU45498.1 hypothetical protein DL546_000645 [Coniochaeta pulveracea],479,0.0118,non-degrader
RKU45126.1 hypothetical protein DL546_003898 [Coniochaeta pulveracea],120,0.0118,non-degrader
RKU45082.1 hypothetical protein DL546_007716 [Coniochaeta pulveracea],1882,0.0118,non-degrader
RKU44965.1 hypothetical protein DL546_006881 [Coniochaeta pulveracea],351,0.0118,non-degrader
RKU44478.1 hypothetical protein DL546_003528 [Coniochaeta pulveracea],664,0.0118,non-degrader
RKU44373.1 hypothetical protein DL546_002845 [Coniochaeta pulveracea],276,0.0118,non-degrader
RKU44365.1 hypothetical protein DL546_001729 [Coniochaeta pulveracea],567,0.0118,non-degrader
RKU43084.1 hypothetical protein DL546_002589 [Coniochaeta pulveracea],152,0.0118,non-degrader
RKU43025.1 hypothetical protein DL546_004628 [Coniochaeta pulveracea],343,0.0118,non-degrader
RKU43017.1 hypothetical protein DL546_003830 [Coniochaeta pulveracea],412,0.0118,non-degrader
RKU42383.1 hypothetical protein DL546_003337 [Coniochaeta pulveracea],700,0.0118,non-degrader
RKU40932.1 60S ribosomal protein L43 [Coniochaeta pulveracea],92,0.0118,non-degrader
RKU40639.1 hypothetical protein DL546_003718 [Coniochaeta pulveracea],248,0.0118,non-degrader
RKU40426.1 hypothetical protein DL546_002670 [Coniochaeta pulveracea],715,0.0118,non-degrader
RKU39985.1 hypothetical protein DL546_000227 [Coniochaeta pulveracea],823,0.0118,non-degrader
RKU49686.1 hypothetical protein DL546_009812 [Coniochaeta pulveracea],287,0.0117,non-degrader
RKU49361.1 hypothetical protein DL546_001093 [Coniochaeta pulveracea],317,0.0117,non-degrader
RKU49349.1 hypothetical protein DL546_009889 [Coniochaeta pulveracea],284,0.0117,non-degrader
RKU49040.1 hypothetical protein DL546_009773 [Coniochaeta pulveracea],493,0.0117,non-degrader
RKU48754.1 hypothetical protein DL546_002607 [Coniochaeta pulveracea],393,0.0117,non-degrader
RKU48693.1 hypothetical protein DL546_009534 [Coniochaeta pulveracea],497,0.0117,non-degrader
RKU48472.1 hypothetical protein DL546_003832 [Coniochaeta pulveracea],280,0.0117,non-degrader
RKU48368.1 hypothetical protein DL546_008990 [Coniochaeta pulveracea],669,0.0117,non-degrader
RKU48295.1 nuclease [Coniochaeta pulveracea],222,0.0117,non-degrader
RKU47437.1 hypothetical protein DL546_008717 [Coniochaeta pulveracea],533,0.0117,non-degrader
RKU47393.1 hypothetical protein DL546_007314 [Coniochaeta pulveracea],228,0.0117,non-degrader
RKU46964.1 DEAH-box ATP-dependent RNA helicase prp43 [Coniochaeta pulveracea],766,0.0117,non-degrader
RKU46903.1 permease [Coniochaeta pulveracea],433,0.0117,non-degrader
RKU45760.1 hypothetical protein DL546_000016 [Coniochaeta pulveracea],227,0.0117,non-degrader
RKU45018.1 hypothetical protein DL546_004071 [Coniochaeta pulveracea],664,0.0117,non-degrader
RKU44426.1 protein DBF8 [Coniochaeta pulveracea],301,0.0117,non-degrader
RKU43671.1 hypothetical protein DL546_006568 [Coniochaeta pulveracea],468,0.0117,non-degrader
RKU43498.1 Hsp90 cochaperone [Coniochaeta pulveracea],584,0.0117,non-degrader
RKU42687.1 UTP-glucose-1-phosphate uridylyltransferase [Coniochaeta pulveracea],525,0.0117,non-degrader
RKU41270.1 hypothetical protein DL546_004759 [Coniochaeta pulveracea],283,0.0117,non-degrader
RKU40122.1 hypothetical protein DL546_002268 [Coniochaeta pulveracea],383,0.0117,non-degrader
RKU49309.1 ssDNA endonuclease and repair protein rad10 [Coniochaeta pulveracea],411,0.0116,non-degrader
RKU48767.1 hypothetical protein DL546_003836 [Coniochaeta pulveracea],445,0.0116,non-degrader
RKU48436.1 hypothetical protein DL546_009630 [Coniochaeta pulveracea],591,0.0116,non-degrader
RKU48272.1 NuA4 histone acetyltransferase subunit [Coniochaeta pulveracea],466,0.0116,non-degrader
RKU47749.1 hypothetical protein DL546_004208 [Coniochaeta pulveracea],426,0.0116,non-degrader
RKU47077.1 hypothetical protein DL546_009174 [Coniochaeta pulveracea],182,0.0116,non-degrader
RKU46574.1 hypothetical protein DL546_004528 [Coniochaeta pulveracea],155,0.0116,non-degrader
RKU46370.1 hypothetical protein DL546_003286 [Coniochaeta pulveracea],406,0.0116,non-degrader
RKU46364.1 high-affinity Zn(2+) transporter zrt1 [Coniochaeta pulveracea],391,0.0116,non-degrader
RKU45744.1 hypothetical protein DL546_008201 [Coniochaeta pulveracea],536,0.0116,non-degrader
RKU44765.1 hypothetical protein DL546_006253 [Coniochaeta pulveracea],191,0.0116,non-degrader
RKU44427.1 hypothetical protein DL546_006985 [Coniochaeta pulveracea],718,0.0116,non-degrader
RKU44009.1 hypothetical protein DL546_007219 [Coniochaeta pulveracea],371,0.0116,non-degrader
RKU43720.1 hypothetical protein DL546_004305 [Coniochaeta pulveracea],360,0.0116,non-degrader
RKU43644.1 hypothetical protein DL546_005230 [Coniochaeta pulveracea],151,0.0116,non-degrader
RKU43618.1 hypothetical protein DL546_002259 [Coniochaeta pulveracea],621,0.0116,non-degrader
RKU43204.1 hypothetical protein DL546_006001 [Coniochaeta pulveracea],376,0.0116,non-degrader
RKU43097.1 hypothetical protein DL546_003709 [Coniochaeta pulveracea],392,0.0116,non-degrader
RKU42679.1 hypothetical protein DL546_004826 [Coniochaeta pulveracea],587,0.0116,non-degrader
RKU41848.1 stretch-activated cation channel mid1 [Coniochaeta pulveracea],667,0.0116,non-degrader
RKU41704.1 Ubiquitin-conjugating enzyme E2 4 [Coniochaeta pulveracea],147,0.0116,non-degrader
RKU41471.1 hypothetical protein DL546_003829 [Coniochaeta pulveracea],473,0.0116,non-degrader
RKU41283.1 40S ribosomal protein [Coniochaeta pulveracea],259,0.0116,non-degrader
RKU41258.1 hypothetical protein DL546_004019 [Coniochaeta pulveracea],569,0.0116,non-degrader
RKU40797.1 hypothetical protein DL546_002635 [Coniochaeta pulveracea],562,0.0116,non-degrader
RKU39888.1 hypothetical protein DL546_000852 [Coniochaeta pulveracea],630,0.0116,non-degrader
RKU39801.1 hypothetical protein DL546_000737 [Coniochaeta pulveracea],334,0.0116,non-degrader
RKU39708.1 hypothetical protein DL546_000270 [Coniochaeta pulveracea],280,0.0116,non-degrader
RKU49708.1 Maltose acetyltransferase [Coniochaeta pulveracea],691,0.0115,non-degrader
RKU49643.1 hypothetical protein DL546_009690 [Coniochaeta pulveracea],435,0.0115,non-degrader
RKU49485.1 hypothetical protein DL546_008214 [Coniochaeta pulveracea],245,0.0115,non-degrader
RKU48612.1 hypothetical protein DL546_008794 [Coniochaeta pulveracea],402,0.0115,non-degrader
RKU48431.1 hypothetical protein DL546_009609 [Coniochaeta pulveracea],416,0.0115,non-degrader
RKU47933.1 hypothetical protein DL546_009397 [Coniochaeta pulveracea],375,0.0115,non-degrader
RKU47426.1 hypothetical protein DL546_008461 [Coniochaeta pulveracea],577,0.0115,non-degrader
RKU46939.1 hypothetical protein DL546_005118 [Coniochaeta pulveracea],505,0.0115,non-degrader
RKU46817.1 hypothetical protein DL546_007701 [Coniochaeta pulveracea],289,0.0115,non-degrader
RKU46669.1 hypothetical protein DL546_008323 [Coniochaeta pulveracea],178,0.0115,non-degrader
RKU46226.1 hypothetical protein DL546_004282 [Coniochaeta pulveracea],592,0.0115,non-degrader
RKU45933.1 hypothetical protein DL546_003715 [Coniochaeta pulveracea],259,0.0115,non-degrader
RKU45884.1 hypothetical protein DL546_008252 [Coniochaeta pulveracea],1141,0.0115,non-degrader
"RKU44768.1 acetyl-CoA hydrolase, variant 2 [Coniochaeta pulveracea]",475,0.0115,non-degrader
RKU43979.1 hypothetical protein DL546_005397 [Coniochaeta pulveracea],841,0.0115,non-degrader
RKU42355.1 hypothetical protein DL546_000255 [Coniochaeta pulveracea],468,0.0115,non-degrader
RKU42095.1 hypothetical protein DL546_000477 [Coniochaeta pulveracea],1405,0.0115,non-degrader
RKU41494.1 hypothetical protein DL546_001032 [Coniochaeta pulveracea],240,0.0115,non-degrader
RKU41116.1 hypothetical protein DL546_003201 [Coniochaeta pulveracea],848,0.0115,non-degrader
"RKU40618.1 atp3 gamma subunit of the F1 sector of mitochondrial F1F0 ATP synthase, variant 2 [Coniochaeta pulveracea]",295,0.0115,non-degrader
RKU40172.1 Tlg2-vesicle protein [Coniochaeta pulveracea],398,0.0115,non-degrader
RKU49645.1 hypothetical protein DL546_009698 [Coniochaeta pulveracea],230,0.0114,non-degrader
RKU49271.1 hypothetical protein DL546_009712 [Coniochaeta pulveracea],339,0.0114,non-degrader
RKU49257.1 Peroxisomal membrane protein PMP27 [Coniochaeta pulveracea],235,0.0114,non-degrader
RKU48883.1 hypothetical protein DL546_008480 [Coniochaeta pulveracea],277,0.0114,non-degrader
RKU48783.1 hypothetical protein DL546_005249 [Coniochaeta pulveracea],166,0.0114,non-degrader
"RKU48582.1 splicing factor, variant 2 [Coniochaeta pulveracea]",219,0.0114,non-degrader
RKU48433.1 hypothetical protein DL546_009618 [Coniochaeta pulveracea],584,0.0114,non-degrader
RKU48292.1 hypothetical protein DL546_007490 [Coniochaeta pulveracea],437,0.0114,non-degrader
RKU47607.1 MCM DNA helicase complex subunit [Coniochaeta pulveracea],900,0.0114,non-degrader
RKU47185.1 Cleavage polyadenylation factor subunit clp1 [Coniochaeta pulveracea],478,0.0114,non-degrader
RKU47100.1 hypothetical protein DL546_003415 [Coniochaeta pulveracea],184,0.0114,non-degrader
RKU45870.1 Golgi Transport [Coniochaeta pulveracea],139,0.0114,non-degrader
RKU44742.1 hypothetical protein DL546_004506 [Coniochaeta pulveracea],612,0.0114,non-degrader
RKU44571.1 ubiquitin-protein transferase activating protein [Coniochaeta pulveracea],603,0.0114,non-degrader
RKU44436.1 hypothetical protein DL546_007384 [Coniochaeta pulveracea],313,0.0114,non-degrader
"RKU43990.1 Alpha-1,3-mannosyltransferase-like protein [Coniochaeta pulveracea]",476,0.0114,non-degrader
RKU43247.1 hypothetical protein DL546_004105 [Coniochaeta pulveracea],516,0.0114,non-degrader
RKU42926.1 hypothetical protein DL546_003532 [Coniochaeta pulveracea],1346,0.0114,non-degrader
RKU42674.1 hypothetical protein DL546_004371 [Coniochaeta pulveracea],499,0.0114,non-degrader
RKU42340.1 hypothetical protein DL546_005460 [Coniochaeta pulveracea],157,0.0114,non-degrader
RKU42232.1 hypothetical protein DL546_001936 [Coniochaeta pulveracea],651,0.0114,non-degrader
RKU42175.1 hypothetical protein DL546_002552 [Coniochaeta pulveracea],341,0.0114,non-degrader
RKU41659.1 hypothetical protein DL546_003252 [Coniochaeta pulveracea],383,0.0114,non-degrader
RKU41553.1 hypothetical protein DL546_002563 [Coniochaeta pulveracea],457,0.0114,non-degrader
RKU41338.1 hypothetical protein DL546_004284 [Coniochaeta pulveracea],341,0.0114,non-degrader
RKU41237.1 hypothetical protein DL546_002055 [Coniochaeta pulveracea],601,0.0114,non-degrader
RKU41156.1 hypothetical protein DL546_002901 [Coniochaeta pulveracea],335,0.0114,non-degrader
RKU41131.1 hypothetical protein DL546_000235 [Coniochaeta pulveracea],1661,0.0114,non-degrader
RKU40840.1 hypothetical protein DL546_000415 [Coniochaeta pulveracea],404,0.0114,non-degrader
RKU40537.1 hydrolase 76 protein [Coniochaeta pulveracea],615,0.0114,non-degrader
RKU39975.1 hypothetical protein DL546_001169 [Coniochaeta pulveracea],378,0.0114,non-degrader
RKU39966.1 hypothetical protein DL546_000304 [Coniochaeta pulveracea],586,0.0114,non-degrader
RKU39878.1 Fe(2+) transporter [Coniochaeta pulveracea],310,0.0114,non-degrader
RKU39802.1 hypothetical protein DL546_000837 [Coniochaeta pulveracea],545,0.0114,non-degrader
RKU49646.1 hypothetical protein DL546_009700 [Coniochaeta pulveracea],480,0.0113,non-degrader
RKU48932.1 hypothetical protein DL546_009169 [Coniochaeta pulveracea],540,0.0113,non-degrader
RKU48183.1 hypothetical protein DL546_009488 [Coniochaeta pulveracea],782,0.0113,non-degrader
RKU47487.1 hypothetical protein DL546_001660 [Coniochaeta pulveracea],1080,0.0113,non-degrader
"RKU47366.1 NADH dehydrogenase (ubiquinone) 78K chain precursor, 5-prime end [Coniochaeta pulveracea]",742,0.0113,non-degrader
RKU47127.1 hypothetical protein DL546_005257 [Coniochaeta pulveracea],977,0.0113,non-degrader
RKU45467.1 hypothetical protein DL546_007879 [Coniochaeta pulveracea],864,0.0113,non-degrader
RKU45325.1 hypothetical protein DL546_007485 [Coniochaeta pulveracea],693,0.0113,non-degrader
RKU45059.1 U4/U6-U5 snRNP complex subunit dib1 [Coniochaeta pulveracea],143,0.0113,non-degrader
RKU43806.1 hypothetical protein DL546_006341 [Coniochaeta pulveracea],467,0.0113,non-degrader
RKU43042.1 hypothetical protein DL546_005787 [Coniochaeta pulveracea],832,0.0113,non-degrader
RKU42438.1 hypothetical protein DL546_002309 [Coniochaeta pulveracea],656,0.0113,non-degrader
RKU41543.1 hypothetical protein DL546_001025 [Coniochaeta pulveracea],1158,0.0113,non-degrader
RKU41496.1 hypothetical protein DL546_001424 [Coniochaeta pulveracea],540,0.0113,non-degrader
RKU41000.1 hypothetical protein DL546_003890 [Coniochaeta pulveracea],509,0.0113,non-degrader
RKU40140.1 hypothetical protein DL546_002028 [Coniochaeta pulveracea],241,0.0113,non-degrader
RKU40130.1 Transmembrane osmosensor [Coniochaeta pulveracea],319,0.0113,non-degrader
RKU39850.1 hypothetical protein DL546_000948 [Coniochaeta pulveracea],510,0.0113,non-degrader
RKU49263.1 hypothetical protein DL546_009686 [Coniochaeta pulveracea],216,0.0112,non-degrader
RKU48881.1 hypothetical protein DL546_008438 [Coniochaeta pulveracea],1355,0.0112,non-degrader
RKU48813.1 hypothetical protein DL546_006564 [Coniochaeta pulveracea],227,0.0112,non-degrader
RKU48664.1 hypothetical protein DL546_009403 [Coniochaeta pulveracea],640,0.0112,non-degrader
RKU48211.1 hypothetical protein DL546_002095 [Coniochaeta pulveracea],416,0.0112,non-degrader
RKU47633.1 hypothetical protein DL546_008580 [Coniochaeta pulveracea],430,0.0112,non-degrader
RKU47454.1 hypothetical protein DL546_009029 [Coniochaeta pulveracea],535,0.0112,non-degrader
RKU46938.1 hypothetical protein DL546_005037 [Coniochaeta pulveracea],244,0.0112,non-degrader
RKU46058.1 hypothetical protein DL546_002957 [Coniochaeta pulveracea],357,0.0112,non-degrader
RKU45954.1 hypothetical protein DL546_004992 [Coniochaeta pulveracea],286,0.0112,non-degrader
RKU45711.1 3'-phosphoadenosine 5'-phosphosulfate sulfotransferase [Coniochaeta pulveracea],290,0.0112,non-degrader
RKU44917.1 hypothetical protein DL546_003194 [Coniochaeta pulveracea],982,0.0112,non-degrader
RKU44183.1 hypothetical protein DL546_007177 [Coniochaeta pulveracea],257,0.0112,non-degrader
RKU44113.1 hypothetical protein DL546_002694 [Coniochaeta pulveracea],216,0.0112,non-degrader
RKU43771.1 hypothetical protein DL546_003648 [Coniochaeta pulveracea],267,0.0112,non-degrader
RKU43505.1 hypothetical protein DL546_004500 [Coniochaeta pulveracea],2119,0.0112,non-degrader
RKU43353.1 hypothetical protein DL546_005497 [Coniochaeta pulveracea],433,0.0112,non-degrader
"RKU43300.1 Succinate--CoA ligase [ADP-forming] subunit beta, mitochondrial [Coniochaeta pulveracea]",445,0.0112,non-degrader
RKU43181.1 hypothetical protein DL546_004801 [Coniochaeta pulveracea],474,0.0112,non-degrader
RKU43029.1 hypothetical protein DL546_004905 [Coniochaeta pulveracea],293,0.0112,non-degrader
RKU42121.1 hypothetical protein DL546_003628 [Coniochaeta pulveracea],526,0.0112,non-degrader
RKU42067.1 hypothetical protein DL546_003793 [Coniochaeta pulveracea],336,0.0112,non-degrader
RKU42031.1 hypothetical protein DL546_005493 [Coniochaeta pulveracea],232,0.0112,non-degrader
RKU41532.1 battenin CLN3 protein [Coniochaeta pulveracea],422,0.0112,non-degrader
RKU41135.1 hypothetical protein DL546_000842 [Coniochaeta pulveracea],219,0.0112,non-degrader
RKU40868.1 hypothetical protein DL546_003977 [Coniochaeta pulveracea],376,0.0112,non-degrader
RKU40551.1 hypothetical protein DL546_002918 [Coniochaeta pulveracea],133,0.0112,non-degrader
RKU40040.1 hypothetical protein DL546_000269 [Coniochaeta pulveracea],1608,0.0112,non-degrader
RKU39959.1 ornithine carbamoyltransferase [Coniochaeta pulveracea],359,0.0112,non-degrader
RKU49608.1 hypothetical protein DL546_009533 [Coniochaeta pulveracea],907,0.0111,non-degrader
RKU49553.1 hypothetical protein DL546_009206 [Coniochaeta pulveracea],399,0.0111,non-degrader
RKU48776.1 hypothetical protein DL546_004534 [Coniochaeta pulveracea],316,0.0111,non-degrader
RKU48184.1 Protein ste50 [Coniochaeta pulveracea],497,0.0111,non-degrader
RKU47758.1 hypothetical protein DL546_005131 [Coniochaeta pulveracea],207,0.0111,non-degrader
RKU47472.1 hypothetical protein DL546_009365 [Coniochaeta pulveracea],308,0.0111,non-degrader
RKU46997.1 hypothetical protein DL546_007725 [Coniochaeta pulveracea],459,0.0111,non-degrader
RKU45792.1 hypothetical protein DL546_004221 [Coniochaeta pulveracea],298,0.0111,non-degrader
RKU45603.1 Ubiquitin-40S ribosomal protein S27a [Coniochaeta pulveracea],154,0.0111,non-degrader
RKU44893.1 hypothetical protein DL546_007734 [Coniochaeta pulveracea],769,0.0111,non-degrader
RKU44808.1 hypothetical protein DL546_000672 [Coniochaeta pulveracea],303,0.0111,non-degrader
RKU44676.1 hypothetical protein DL546_004547 [Coniochaeta pulveracea],825,0.0111,non-degrader
RKU44004.1 hypothetical protein DL546_007082 [Coniochaeta pulveracea],427,0.0111,non-degrader
RKU42670.1 hypothetical protein DL546_003989 [Coniochaeta pulveracea],1266,0.0111,non-degrader
RKU42421.1 hypothetical protein DL546_005689 [Coniochaeta pulveracea],729,0.0111,non-degrader
RKU42122.1 hypothetical protein DL546_003694 [Coniochaeta pulveracea],436,0.0111,non-degrader
RKU42047.1 hypothetical protein DL546_001620 [Coniochaeta pulveracea],690,0.0111,non-degrader
"RKU40827.1 Oligosaccharide translocation protein rft1, variant 2 [Coniochaeta pulveracea]",393,0.0111,non-degrader
RKU40499.1 hypothetical protein DL546_002707 [Coniochaeta pulveracea],540,0.0111,non-degrader
RKU40230.1 eIF2 kinase Gcn2p negative regulator [Coniochaeta pulveracea],260,0.0111,non-degrader
RKU40051.1 hypothetical protein DL546_001803 [Coniochaeta pulveracea],509,0.0111,non-degrader
RKU40048.1 hypothetical protein DL546_001527 [Coniochaeta pulveracea],568,0.0111,non-degrader
RKU39965.1 hypothetical protein DL546_000210 [Coniochaeta pulveracea],263,0.0111,non-degrader
RKU49605.1 hypothetical protein DL546_009521 [Coniochaeta pulveracea],224,0.011,non-degrader
RKU49088.1 hypothetical protein DL546_005150 [Coniochaeta pulveracea],120,0.011,non-degrader
RKU48949.1 hypothetical protein DL546_009361 [Coniochaeta pulveracea],283,0.011,non-degrader
RKU48599.1 serine/threonine-protein kinase KIN2 [Coniochaeta pulveracea],1088,0.011,non-degrader
RKU48459.1 hypothetical protein DL546_002652 [Coniochaeta pulveracea],308,0.011,non-degrader
RKU48358.1 hypothetical protein DL546_008872 [Coniochaeta pulveracea],418,0.011,non-degrader
RKU48171.1 putative lipase atg15 [Coniochaeta pulveracea],662,0.011,non-degrader
RKU47861.1 hypothetical protein DL546_008555 [Coniochaeta pulveracea],239,0.011,non-degrader
RKU47440.1 hypothetical protein DL546_008768 [Coniochaeta pulveracea],732,0.011,non-degrader
RKU47143.1 NAPDH-dependent diflavin reductase [Coniochaeta pulveracea],641,0.011,non-degrader
RKU47050.1 hypothetical protein DL546_008786 [Coniochaeta pulveracea],145,0.011,non-degrader
RKU46986.1 hypothetical protein DL546_007510 [Coniochaeta pulveracea],561,0.011,non-degrader
RKU46960.1 hypothetical protein DL546_006316 [Coniochaeta pulveracea],509,0.011,non-degrader
RKU46830.1 hypothetical protein DL546_007935 [Coniochaeta pulveracea],291,0.011,non-degrader
RKU45927.1 hypothetical protein DL546_003313 [Coniochaeta pulveracea],569,0.011,non-degrader
RKU45904.1 hypothetical protein DL546_000046 [Coniochaeta pulveracea],365,0.011,non-degrader
RKU45853.1 translation initiation factor eIF3 subunit g [Coniochaeta pulveracea],301,0.011,non-degrader
RKU45803.1 hypothetical protein DL546_005325 [Coniochaeta pulveracea],205,0.011,non-degrader
RKU45512.1 RHO1 GDP-GTP exchange protein 2 [Coniochaeta pulveracea],1292,0.011,non-degrader
RKU45454.1 hypothetical protein DL546_007591 [Coniochaeta pulveracea],515,0.011,non-degrader
RKU45324.1 hypothetical protein DL546_007485 [Coniochaeta pulveracea],748,0.011,non-degrader
RKU45277.1 hypothetical protein DL546_005784 [Coniochaeta pulveracea],831,0.011,non-degrader
RKU45276.1 hypothetical protein DL546_005729 [Coniochaeta pulveracea],475,0.011,non-degrader
RKU44440.1 hypothetical protein DL546_007497 [Coniochaeta pulveracea],328,0.011,non-degrader
RKU44377.1 hypothetical protein DL546_003254 [Coniochaeta pulveracea],102,0.011,non-degrader
RKU44326.1 hypothetical protein DL546_006401 [Coniochaeta pulveracea],338,0.011,non-degrader
RKU43157.1 hypothetical protein DL546_003073 [Coniochaeta pulveracea],716,0.011,non-degrader
RKU43149.1 hypothetical protein DL546_001720 [Coniochaeta pulveracea],367,0.011,non-degrader
RKU43100.1 hypothetical protein DL546_003928 [Coniochaeta pulveracea],162,0.011,non-degrader
RKU42921.1 Type 1 phosphatases regulator ypi1 [Coniochaeta pulveracea],177,0.011,non-degrader
RKU42273.1 hypothetical protein DL546_005548 [Coniochaeta pulveracea],447,0.011,non-degrader
RKU42217.1 hypothetical protein DL546_000280 [Coniochaeta pulveracea],454,0.011,non-degrader
RKU42052.1 hypothetical protein DL546_002125 [Coniochaeta pulveracea],540,0.011,non-degrader
RKU41892.1 hypothetical protein DL546_004363 [Coniochaeta pulveracea],214,0.011,non-degrader
RKU41279.1 Peptidyl-prolyl cis-trans isomerase fpr2 [Coniochaeta pulveracea],200,0.011,non-degrader
RKU41150.1 hypothetical protein DL546_002361 [Coniochaeta pulveracea],1431,0.011,non-degrader
RKU41096.1 hypothetical protein DL546_000472 [Coniochaeta pulveracea],1484,0.011,non-degrader
RKU41023.1 hypothetical protein DL546_002058 [Coniochaeta pulveracea],706,0.011,non-degrader
RKU40803.1 hypothetical protein DL546_003127 [Coniochaeta pulveracea],998,0.011,non-degrader
RKU40771.1 hypothetical protein DL546_003107 [Coniochaeta pulveracea],367,0.011,non-degrader
"RKU40538.1 hydrolase 76 protein, variant 2 [Coniochaeta pulveracea]",606,0.011,non-degrader
RKU49589.1 hypothetical protein DL546_009451 [Coniochaeta pulveracea],385,0.0109,non-degrader
RKU49550.1 hypothetical protein DL546_009175 [Coniochaeta pulveracea],537,0.0109,non-degrader
RKU48714.1 putative actin patch assembly and actin polymerization protein [Coniochaeta pulveracea],447,0.0109,non-degrader
RKU47959.1 hypothetical protein DL546_002700 [Coniochaeta pulveracea],587,0.0109,non-degrader
RKU47246.1 hypothetical protein DL546_008779 [Coniochaeta pulveracea],145,0.0109,non-degrader
RKU47037.1 hypothetical protein DL546_008622 [Coniochaeta pulveracea],202,0.0109,non-degrader
RKU46962.1 hypothetical protein DL546_006414 [Coniochaeta pulveracea],595,0.0109,non-degrader
RKU46647.1 hypothetical protein DL546_007941 [Coniochaeta pulveracea],518,0.0109,non-degrader
RKU45861.1 palmitoyltransferase [Coniochaeta pulveracea],197,0.0109,non-degrader
RKU45675.1 hypothetical protein DL546_005402 [Coniochaeta pulveracea],310,0.0109,non-degrader
RKU45028.1 hypothetical protein DL546_004983 [Coniochaeta pulveracea],406,0.0109,non-degrader
RKU43835.1 hypothetical protein DL546_000738 [Coniochaeta pulveracea],603,0.0109,non-degrader
RKU43090.1 hypothetical protein DL546_003187 [Coniochaeta pulveracea],170,0.0109,non-degrader
RKU42890.1 dihydrofolate reductase [Coniochaeta pulveracea],208,0.0109,non-degrader
RKU42606.1 hypothetical protein DL546_004926 [Coniochaeta pulveracea],510,0.0109,non-degrader
RKU42344.1 hypothetical protein DL546_005595 [Coniochaeta pulveracea],328,0.0109,non-degrader
"RKU41773.1 Malate dehydrogenase, cytoplasmic [Coniochaeta pulveracea]",331,0.0109,non-degrader
RKU41664.1 hypothetical protein DL546_003843 [Coniochaeta pulveracea],427,0.0109,non-degrader
RKU40315.1 hypothetical protein DL546_002089 [Coniochaeta pulveracea],292,0.0109,non-degrader
RKU40239.1 hypothetical protein DL546_001010 [Coniochaeta pulveracea],929,0.0109,non-degrader
RKU40077.1 hypothetical protein DL546_000739 [Coniochaeta pulveracea],302,0.0109,non-degrader
RKU39954.1 hypothetical protein DL546_001294 [Coniochaeta pulveracea],234,0.0109,non-degrader
RKU49025.1 acid phosphatase pho5 [Coniochaeta pulveracea],246,0.0108,non-degrader
RKU48246.1 hypothetical protein DL546_004841 [Coniochaeta pulveracea],551,0.0108,non-degrader
RKU47965.1 hypothetical protein DL546_003256 [Coniochaeta pulveracea],1284,0.0108,non-degrader
RKU47872.1 hypothetical protein DL546_008702 [Coniochaeta pulveracea],560,0.0108,non-degrader
RKU47741.1 hypothetical protein DL546_003665 [Coniochaeta pulveracea],312,0.0108,non-degrader
RKU47332.1 Cytosolic copper metallochaperone [Coniochaeta pulveracea],84,0.0108,non-degrader
RKU47229.1 ribose-5-phosphate isomerase rki1 [Coniochaeta pulveracea],285,0.0108,non-degrader
RKU47102.1 minichromosome maintenance protein 5 [Coniochaeta pulveracea],721,0.0108,non-degrader
RKU46977.1 RNA polymerase II transcription factor B subunit 4 [Coniochaeta pulveracea],384,0.0108,non-degrader
RKU46631.1 hypothetical protein DL546_007458 [Coniochaeta pulveracea],353,0.0108,non-degrader
RKU46489.1 glutamine--fructose-6-phosphate transaminase (isomerizing) [Coniochaeta pulveracea],705,0.0108,non-degrader
RKU46217.1 hypothetical protein DL546_003190 [Coniochaeta pulveracea],116,0.0108,non-degrader
RKU45950.1 D-3-phosphoglycerate dehydrogenase 2 [Coniochaeta pulveracea],466,0.0108,non-degrader
RKU45490.1 hypothetical protein DL546_008388 [Coniochaeta pulveracea],366,0.0108,non-degrader
RKU45341.1 hypothetical protein DL546_007917 [Coniochaeta pulveracea],616,0.0108,non-degrader
RKU45313.1 hypothetical protein DL546_007218 [Coniochaeta pulveracea],346,0.0108,non-degrader
RKU45293.1 hypothetical protein DL546_006482 [Coniochaeta pulveracea],531,0.0108,non-degrader
RKU45043.1 hypothetical protein DL546_005934 [Coniochaeta pulveracea],251,0.0108,non-degrader
RKU44885.1 hypothetical protein DL546_007487 [Coniochaeta pulveracea],340,0.0108,non-degrader
RKU44736.1 hypothetical protein DL546_007608 [Coniochaeta pulveracea],355,0.0108,non-degrader
RKU44661.1 hypothetical protein DL546_003180 [Coniochaeta pulveracea],261,0.0108,non-degrader
RKU44174.1 hypothetical protein DL546_006731 [Coniochaeta pulveracea],895,0.0108,non-degrader
RKU44153.1 hypothetical protein DL546_005818 [Coniochaeta pulveracea],183,0.0108,non-degrader
RKU44091.1 hypothetical protein DL546_000505 [Coniochaeta pulveracea],379,0.0108,non-degrader
RKU43249.1 hypothetical protein DL546_004207 [Coniochaeta pulveracea],404,0.0108,non-degrader
RKU43037.1 hypothetical protein DL546_005311 [Coniochaeta pulveracea],782,0.0108,non-degrader
RKU42823.1 hypothetical protein DL546_006079 [Coniochaeta pulveracea],1601,0.0108,non-degrader
RKU42513.1 hypothetical protein DL546_002606 [Coniochaeta pulveracea],524,0.0108,non-degrader
RKU42329.1 hypothetical protein DL546_005049 [Coniochaeta pulveracea],587,0.0108,non-degrader
RKU42310.1 peroxisome bioproteinsis factor 10 [Coniochaeta pulveracea],407,0.0108,non-degrader
"RKU41850.1 ER membrane protein DP1/Yop1, variant 2 [Coniochaeta pulveracea]",170,0.0108,non-degrader
RKU41849.1 ER membrane protein DP1/Yop1 [Coniochaeta pulveracea],170,0.0108,non-degrader
RKU41751.1 Transcription factor TFIIIB component B [Coniochaeta pulveracea],593,0.0108,non-degrader
RKU39940.1 hypothetical protein DL546_001015 [Coniochaeta pulveracea],256,0.0108,non-degrader
RKU39715.1 hypothetical protein DL546_000123 [Coniochaeta pulveracea],282,0.0108,non-degrader
RKU49500.1 hypothetical protein DL546_008478 [Coniochaeta pulveracea],458,0.0107,non-degrader
RKU49139.1 hypothetical protein DL546_008047 [Coniochaeta pulveracea],1427,0.0107,non-degrader
RKU48515.1 hypothetical protein DL546_006492 [Coniochaeta pulveracea],501,0.0107,non-degrader
RKU48039.1 hypothetical protein DL546_007715 [Coniochaeta pulveracea],519,0.0107,non-degrader
RKU47353.1 hypothetical protein DL546_005514 [Coniochaeta pulveracea],222,0.0107,non-degrader
RKU46989.1 hypothetical protein DL546_007587 [Coniochaeta pulveracea],228,0.0107,non-degrader
RKU46681.1 hypothetical protein DL546_008557 [Coniochaeta pulveracea],806,0.0107,non-degrader
RKU46238.1 hypothetical protein DL546_005261 [Coniochaeta pulveracea],106,0.0107,non-degrader
RKU45841.1 hypothetical protein DL546_007107 [Coniochaeta pulveracea],241,0.0107,non-degrader
"RKU45271.1 Cell wall alpha-1,3-glucan synthase ags1 [Coniochaeta pulveracea]",2356,0.0107,non-degrader
RKU45165.1 hypothetical protein DL546_006273 [Coniochaeta pulveracea],371,0.0107,non-degrader
RKU44806.1 hypothetical protein DL546_000507 [Coniochaeta pulveracea],328,0.0107,non-degrader
RKU44764.1 hypothetical protein DL546_006218 [Coniochaeta pulveracea],144,0.0107,non-degrader
RKU44706.1 hypothetical protein DL546_006462 [Coniochaeta pulveracea],518,0.0107,non-degrader
RKU44649.1 hypothetical protein DL546_001866 [Coniochaeta pulveracea],702,0.0107,non-degrader
RKU44336.1 hypothetical protein DL546_006774 [Coniochaeta pulveracea],498,0.0107,non-degrader
RKU44049.1 hypothetical protein DL546_005742 [Coniochaeta pulveracea],339,0.0107,non-degrader
RKU43079.1 lantipeptide [Coniochaeta pulveracea],380,0.0107,non-degrader
RKU43010.1 hypothetical protein DL546_003196 [Coniochaeta pulveracea],808,0.0107,non-degrader
RKU42971.1 hypothetical protein DL546_006408 [Coniochaeta pulveracea],766,0.0107,non-degrader
RKU42943.1 Hsp70 chaperone [Coniochaeta pulveracea],648,0.0107,non-degrader
RKU42858.1 hypothetical protein DL546_003133 [Coniochaeta pulveracea],499,0.0107,non-degrader
RKU42297.1 inositol polyphosphate 5-phosphatase [Coniochaeta pulveracea],1325,0.0107,non-degrader
RKU42271.1 hypothetical protein DL546_005313 [Coniochaeta pulveracea],1388,0.0107,non-degrader
RKU42050.1 3-dehydroshikimate dehydratase [Coniochaeta pulveracea],392,0.0107,non-degrader
RKU41795.1 hypothetical protein DL546_001361 [Coniochaeta pulveracea],504,0.0107,non-degrader
RKU41448.1 hypothetical protein DL546_001905 [Coniochaeta pulveracea],304,0.0107,non-degrader
RKU41028.1 hypothetical protein DL546_002522 [Coniochaeta pulveracea],421,0.0107,non-degrader
RKU40958.1 hypothetical protein DL546_002847 [Coniochaeta pulveracea],377,0.0107,non-degrader
RKU40795.1 nuclear protein [Coniochaeta pulveracea],450,0.0107,non-degrader
RKU40554.1 hypothetical protein DL546_003086 [Coniochaeta pulveracea],415,0.0107,non-degrader
RKU40539.1 hypothetical protein DL546_001423 [Coniochaeta pulveracea],916,0.0107,non-degrader
RKU40180.1 hypothetical protein DL546_001326 [Coniochaeta pulveracea],339,0.0107,non-degrader
RKU49484.1 hypothetical protein DL546_008187 [Coniochaeta pulveracea],603,0.0106,non-degrader
RKU48635.1 hypothetical protein DL546_009085 [Coniochaeta pulveracea],993,0.0106,non-degrader
RKU48344.1 hypothetical protein DL546_008688 [Coniochaeta pulveracea],718,0.0106,non-degrader
RKU47158.1 hypothetical protein DL546_006858 [Coniochaeta pulveracea],827,0.0106,non-degrader
RKU46982.1 hypothetical protein DL546_007341 [Coniochaeta pulveracea],317,0.0106,non-degrader
RKU46822.1 hypothetical protein DL546_007779 [Coniochaeta pulveracea],153,0.0106,non-degrader
RKU46421.1 hypothetical protein DL546_006178 [Coniochaeta pulveracea],431,0.0106,non-degrader
RKU45571.1 hypothetical protein DL546_006966 [Coniochaeta pulveracea],204,0.0106,non-degrader
RKU45500.1 hypothetical protein DL546_000800 [Coniochaeta pulveracea],135,0.0106,non-degrader
RKU44753.1 Sigma-adaptin 3A [Coniochaeta pulveracea],176,0.0106,non-degrader
RKU44684.1 nuclear pore complex subunit [Coniochaeta pulveracea],1117,0.0106,non-degrader
RKU44386.1 hypothetical protein DL546_003816 [Coniochaeta pulveracea],331,0.0106,non-degrader
RKU43895.1 histone H2A.Z [Coniochaeta pulveracea],143,0.0106,non-degrader
RKU43575.1 hypothetical protein DL546_004681 [Coniochaeta pulveracea],1432,0.0106,non-degrader
RKU43321.1 hypothetical protein DL546_003294 [Coniochaeta pulveracea],579,0.0106,non-degrader
RKU43260.1 putative mitochondrial GTPase [Coniochaeta pulveracea],387,0.0106,non-degrader
RKU42549.1 hypothetical protein DL546_005881 [Coniochaeta pulveracea],341,0.0106,non-degrader
RKU42522.1 hypothetical protein DL546_004106 [Coniochaeta pulveracea],423,0.0106,non-degrader
RKU42244.1 suppressor of los1-1 [Coniochaeta pulveracea],261,0.0106,non-degrader
RKU41758.1 hypothetical protein DL546_002397 [Coniochaeta pulveracea],379,0.0106,non-degrader
RKU41674.1 hypothetical protein DL546_004762 [Coniochaeta pulveracea],552,0.0106,non-degrader
RKU41426.1 hypothetical protein DL546_004526 [Coniochaeta pulveracea],920,0.0106,non-degrader
RKU41378.1 hypothetical protein DL546_003847 [Coniochaeta pulveracea],424,0.0106,non-degrader
RKU41183.1 regulatory particle non-ATPase [Coniochaeta pulveracea],265,0.0106,non-degrader
RKU40859.1 hypothetical protein DL546_003511 [Coniochaeta pulveracea],404,0.0106,non-degrader
RKU40799.1 hypothetical protein DL546_002734 [Coniochaeta pulveracea],570,0.0106,non-degrader
RKU40684.1 Alanine--tRNA ligase [Coniochaeta pulveracea],959,0.0106,non-degrader
RKU40438.1 hypothetical protein DL546_002873 [Coniochaeta pulveracea],332,0.0106,non-degrader
RKU40421.1 Small subunit processome complex component [Coniochaeta pulveracea],310,0.0106,non-degrader
RKU40376.1 hypothetical protein DL546_000282 [Coniochaeta pulveracea],630,0.0106,non-degrader
RKU39995.1 hypothetical protein DL546_001712 [Coniochaeta pulveracea],107,0.0106,non-degrader
RKU39992.1 hypothetical protein DL546_001391 [Coniochaeta pulveracea],253,0.0106,non-degrader
RKU49673.1 hypothetical protein DL546_009784 [Coniochaeta pulveracea],341,0.0105,non-degrader
RKU49639.1 hypothetical protein DL546_009679 [Coniochaeta pulveracea],328,0.0105,non-degrader
RKU49522.1 hypothetical protein DL546_008873 [Coniochaeta pulveracea],552,0.0105,non-degrader
RKU49502.1 hypothetical protein DL546_008519 [Coniochaeta pulveracea],175,0.0105,non-degrader
RKU49401.1 hypothetical protein DL546_005392 [Coniochaeta pulveracea],136,0.0105,non-degrader
RKU48828.1 hypothetical protein DL546_007021 [Coniochaeta pulveracea],350,0.0105,non-degrader
RKU48695.1 hypothetical protein DL546_009540 [Coniochaeta pulveracea],825,0.0105,non-degrader
RKU47431.1 hypothetical protein DL546_008647 [Coniochaeta pulveracea],428,0.0105,non-degrader
RKU47256.1 hypothetical protein DL546_008907 [Coniochaeta pulveracea],278,0.0105,non-degrader
RKU46654.1 MCM DNA helicase complex subunit [Coniochaeta pulveracea],876,0.0105,non-degrader
RKU46610.1 hypothetical protein DL546_006794 [Coniochaeta pulveracea],404,0.0105,non-degrader
RKU46571.1 hypothetical protein DL546_004142 [Coniochaeta pulveracea],1772,0.0105,non-degrader
RKU46239.1 hypothetical protein DL546_005294 [Coniochaeta pulveracea],392,0.0105,non-degrader
RKU46184.1 hypothetical protein DL546_008560 [Coniochaeta pulveracea],114,0.0105,non-degrader
RKU44646.1 hypothetical protein DL546_001416 [Coniochaeta pulveracea],203,0.0105,non-degrader
RKU44527.1 hypothetical protein DL546_007027 [Coniochaeta pulveracea],74,0.0105,non-degrader
RKU44517.1 hypothetical protein DL546_006517 [Coniochaeta pulveracea],278,0.0105,non-degrader
RKU44390.1 hypothetical protein DL546_004316 [Coniochaeta pulveracea],690,0.0105,non-degrader
RKU44196.1 hypothetical protein DL546_001306 [Coniochaeta pulveracea],646,0.0105,non-degrader
RKU44125.1 hypothetical protein DL546_003685 [Coniochaeta pulveracea],458,0.0105,non-degrader
RKU43732.1 hypothetical protein DL546_005354 [Coniochaeta pulveracea],284,0.0105,non-degrader
RKU43639.1 hypothetical protein DL546_004833 [Coniochaeta pulveracea],326,0.0105,non-degrader
RKU43210.1 hypothetical protein DL546_006292 [Coniochaeta pulveracea],1372,0.0105,non-degrader
RKU43177.1 bifunctional chorismate synthase/riboflavin reductase [NAD(P)H] aro2 [Coniochaeta pulveracea],394,0.0105,non-degrader
RKU42426.1 hypothetical protein DL546_005960 [Coniochaeta pulveracea],837,0.0105,non-degrader
RKU41771.1 hypothetical protein DL546_003485 [Coniochaeta pulveracea],155,0.0105,non-degrader
RKU41741.1 hypothetical protein DL546_000442 [Coniochaeta pulveracea],386,0.0105,non-degrader
RKU41705.1 hypothetical protein DL546_002797 [Coniochaeta pulveracea],574,0.0105,non-degrader
RKU41015.1 Mitochondrial inner membrane organizing system component [Coniochaeta pulveracea],89,0.0105,non-degrader
RKU40876.1 hypothetical protein DL546_000880 [Coniochaeta pulveracea],386,0.0105,non-degrader
RKU40854.1 S-adenosylmethionine-dependent methyltransferase [Coniochaeta pulveracea],250,0.0105,non-degrader
RKU40705.1 hypothetical protein DL546_003385 [Coniochaeta pulveracea],328,0.0105,non-degrader
RKU40520.1 hypothetical protein DL546_002270 [Coniochaeta pulveracea],252,0.0105,non-degrader
RKU39810.1 hypothetical protein DL546_000744 [Coniochaeta pulveracea],405,0.0105,non-degrader
RKU39809.1 hypothetical protein DL546_000669 [Coniochaeta pulveracea],264,0.0105,non-degrader
RKU49351.1 hypothetical protein DL546_009894 [Coniochaeta pulveracea],395,0.0104,non-degrader
RKU49193.1 hypothetical protein DL546_008913 [Coniochaeta pulveracea],130,0.0104,non-degrader
RKU49155.1 mitochondrial glycerol-3-phosphate dehydrogenase [Coniochaeta pulveracea],687,0.0104,non-degrader
RKU48963.1 hypothetical protein DL546_009446 [Coniochaeta pulveracea],532,0.0104,non-degrader
RKU48739.1 phosphoglycerate kinase [Coniochaeta pulveracea],418,0.0104,non-degrader
RKU48623.1 hypothetical protein DL546_008903 [Coniochaeta pulveracea],186,0.0104,non-degrader
RKU48421.1 hypothetical protein DL546_009556 [Coniochaeta pulveracea],576,0.0104,non-degrader
RKU48069.1 hypothetical protein DL546_008242 [Coniochaeta pulveracea],777,0.0104,non-degrader
RKU48010.1 hypothetical protein DL546_006546 [Coniochaeta pulveracea],536,0.0104,non-degrader
RKU47719.1 hypothetical protein DL546_001155 [Coniochaeta pulveracea],153,0.0104,non-degrader
RKU47222.1 DASH complex subunit ask1 [Coniochaeta pulveracea],317,0.0104,non-degrader
RKU46707.1 hypothetical protein DL546_009011 [Coniochaeta pulveracea],242,0.0104,non-degrader
RKU46416.1 hypothetical protein DL546_005887 [Coniochaeta pulveracea],326,0.0104,non-degrader
RKU45893.1 hypothetical protein DL546_008384 [Coniochaeta pulveracea],377,0.0104,non-degrader
RKU45770.1 Hsp70 chaperone [Coniochaeta pulveracea],667,0.0104,non-degrader
RKU45703.1 hypothetical protein DL546_006969 [Coniochaeta pulveracea],255,0.0104,non-degrader
RKU45600.1 Vacuolar protein sorting-associated protein 4 [Coniochaeta pulveracea],439,0.0104,non-degrader
RKU45509.1 hypothetical protein DL546_001799 [Coniochaeta pulveracea],592,0.0104,non-degrader
RKU45081.1 hypothetical protein DL546_007640 [Coniochaeta pulveracea],1811,0.0104,non-degrader
RKU44884.1 Ubiquitin-like protein [Coniochaeta pulveracea],110,0.0104,non-degrader
RKU44304.1 hypothetical protein DL546_004704 [Coniochaeta pulveracea],119,0.0104,non-degrader
RKU44245.1 pH-response regulator protein palH/rim21 [Coniochaeta pulveracea],736,0.0104,non-degrader
RKU44176.1 AAA ATPase cdc48 [Coniochaeta pulveracea],824,0.0104,non-degrader
RKU44084.1 Pyridoxal 5'-phosphate synthase subunit snz1 [Coniochaeta pulveracea],318,0.0104,non-degrader
RKU43906.1 hypothetical protein DL546_006786 [Coniochaeta pulveracea],160,0.0104,non-degrader
RKU43674.1 H/ACA snoRNP pseudouridylase subunit [Coniochaeta pulveracea],309,0.0104,non-degrader
RKU43536.1 hypothetical protein DL546_000394 [Coniochaeta pulveracea],473,0.0104,non-degrader
RKU43449.1 Cytosolic seryl-tRNA synthetase [Coniochaeta pulveracea],491,0.0104,non-degrader
RKU43326.1 hypothetical protein DL546_003713 [Coniochaeta pulveracea],190,0.0104,non-degrader
RKU43322.1 hypothetical protein DL546_003371 [Coniochaeta pulveracea],1518,0.0104,non-degrader
RKU43189.1 hypothetical protein DL546_005217 [Coniochaeta pulveracea],623,0.0104,non-degrader
RKU42639.1 37S ribosomal protein S23 mitochondrial [Coniochaeta pulveracea],491,0.0104,non-degrader
RKU42572.1 chromosome segregation in meiosis protein 3 [Coniochaeta pulveracea],342,0.0104,non-degrader
RKU42313.1 hypothetical protein DL546_003679 [Coniochaeta pulveracea],601,0.0104,non-degrader
"RKU41223.1 hypothetical protein DL546_000020, partial [Coniochaeta pulveracea]",252,0.0104,non-degrader
RKU40921.1 hypothetical protein DL546_001295 [Coniochaeta pulveracea],296,0.0104,non-degrader
RKU40018.1 hypothetical protein DL546_001550 [Coniochaeta pulveracea],196,0.0104,non-degrader
RKU39805.1 hypothetical protein DL546_000241 [Coniochaeta pulveracea],524,0.0104,non-degrader
RKU49680.1 hypothetical protein DL546_009800 [Coniochaeta pulveracea],326,0.0103,non-degrader
RKU49644.1 exosome non-catalytic core subunit rrp4 [Coniochaeta pulveracea],350,0.0103,non-degrader
RKU49641.1 hypothetical protein DL546_009685 [Coniochaeta pulveracea],448,0.0103,non-degrader
RKU48590.1 hypothetical protein DL546_008427 [Coniochaeta pulveracea],193,0.0103,non-degrader
RKU48068.1 hypothetical protein DL546_008242 [Coniochaeta pulveracea],871,0.0103,non-degrader
RKU47910.1 hypothetical protein DL546_009178 [Coniochaeta pulveracea],420,0.0103,non-degrader
RKU47840.1 hypothetical protein DL546_008123 [Coniochaeta pulveracea],324,0.0103,non-degrader
RKU47820.1 hypothetical protein DL546_007784 [Coniochaeta pulveracea],334,0.0103,non-degrader
"RKU47580.1 dolichyl-P-Man:Man(5)GlcNAc(2)-PP-dolichol alpha-1,3-mannosyltransferase [Coniochaeta pulveracea]",462,0.0103,non-degrader
RKU47242.1 Inorganic phosphate transporter pho84 [Coniochaeta pulveracea],578,0.0103,non-degrader
RKU46823.1 hypothetical protein DL546_007788 [Coniochaeta pulveracea],196,0.0103,non-degrader
RKU46721.1 hypothetical protein DL546_001267 [Coniochaeta pulveracea],285,0.0103,non-degrader
RKU46450.1 hypothetical protein DL546_007160 [Coniochaeta pulveracea],267,0.0103,non-degrader
RKU46362.1 hypothetical protein DL546_002689 [Coniochaeta pulveracea],534,0.0103,non-degrader
RKU45668.1 hypothetical protein DL546_004980 [Coniochaeta pulveracea],875,0.0103,non-degrader
RKU45278.1 hypothetical protein DL546_005845 [Coniochaeta pulveracea],235,0.0103,non-degrader
RKU44674.1 hypothetical protein DL546_004176 [Coniochaeta pulveracea],424,0.0103,non-degrader
RKU44614.1 hypothetical protein DL546_006571 [Coniochaeta pulveracea],604,0.0103,non-degrader
"RKU44382.1 S-(hydroxymethyl)glutathione dehydrogenase, variant 2 [Coniochaeta pulveracea]",382,0.0103,non-degrader
RKU44381.1 S-(hydroxymethyl)glutathione dehydrogenase [Coniochaeta pulveracea],382,0.0103,non-degrader
RKU44240.1 bifunctional tryptophan synthase trp1 [Coniochaeta pulveracea],773,0.0103,non-degrader
"RKU44063.1 erg26, C-3 sterol dehydrogenase [Coniochaeta pulveracea]",355,0.0103,non-degrader
RKU43925.1 hypothetical protein DL546_000883 [Coniochaeta pulveracea],690,0.0103,non-degrader
RKU43397.1 hypothetical protein DL546_002519 [Coniochaeta pulveracea],325,0.0103,non-degrader
RKU43329.1 hypothetical protein DL546_003888 [Coniochaeta pulveracea],336,0.0103,non-degrader
RKU42590.1 hypothetical protein DL546_004054 [Coniochaeta pulveracea],322,0.0103,non-degrader
RKU41972.1 hypothetical protein DL546_000804 [Coniochaeta pulveracea],252,0.0103,non-degrader
RKU41945.1 transcription elongation factor spt4 [Coniochaeta pulveracea],122,0.0103,non-degrader
RKU41736.1 hypothetical protein DL546_005333 [Coniochaeta pulveracea],519,0.0103,non-degrader
RKU41666.1 vacuolar protein sorting/targeting protein PEP1 [Coniochaeta pulveracea],1519,0.0103,non-degrader
RKU41470.1 hypothetical protein DL546_003658 [Coniochaeta pulveracea],687,0.0103,non-degrader
RKU41139.1 hypothetical protein DL546_001232 [Coniochaeta pulveracea],555,0.0103,non-degrader
RKU40543.1 hypothetical protein DL546_002148 [Coniochaeta pulveracea],285,0.0103,non-degrader
RKU40498.1 hypothetical protein DL546_002707 [Coniochaeta pulveracea],589,0.0103,non-degrader
RKU40434.1 WD repeat-containing protein jip5 [Coniochaeta pulveracea],419,0.0103,non-degrader
RKU40404.1 hypothetical protein DL546_000260 [Coniochaeta pulveracea],224,0.0103,non-degrader
RKU49610.1 hypothetical protein DL546_009543 [Coniochaeta pulveracea],709,0.0102,non-degrader
RKU49222.1 hypothetical protein DL546_009269 [Coniochaeta pulveracea],557,0.0102,non-degrader
RKU49151.1 hypothetical protein DL546_008288 [Coniochaeta pulveracea],423,0.0102,non-degrader
RKU48969.1 hypothetical protein DL546_009469 [Coniochaeta pulveracea],1215,0.0102,non-degrader
RKU48499.1 hypothetical protein DL546_005709 [Coniochaeta pulveracea],359,0.0102,non-degrader
RKU47712.1 hypothetical protein DL546_000244 [Coniochaeta pulveracea],1214,0.0102,non-degrader
RKU47114.1 hypothetical protein DL546_004456 [Coniochaeta pulveracea],126,0.0102,non-degrader
RKU46949.1 hypothetical protein DL546_005681 [Coniochaeta pulveracea],312,0.0102,non-degrader
RKU46685.1 hypothetical protein DL546_008608 [Coniochaeta pulveracea],890,0.0102,non-degrader
RKU46548.1 hypothetical protein DL546_001898 [Coniochaeta pulveracea],274,0.0102,non-degrader
RKU46492.1 p24 complex component [Coniochaeta pulveracea],203,0.0102,non-degrader
RKU46125.1 hypothetical protein DL546_006888 [Coniochaeta pulveracea],555,0.0102,non-degrader
RKU46016.1 U3 small nucleolar RNA-associated protein 13 [Coniochaeta pulveracea],896,0.0102,non-degrader
RKU45877.1 orotate phosphoribosyltransferase [Coniochaeta pulveracea],234,0.0102,non-degrader
RKU45810.1 hypothetical protein DL546_005810 [Coniochaeta pulveracea],371,0.0102,non-degrader
RKU44784.1 hypothetical protein DL546_007130 [Coniochaeta pulveracea],496,0.0102,non-degrader
RKU44388.1 hypothetical protein DL546_003997 [Coniochaeta pulveracea],580,0.0102,non-degrader
RKU44302.1 hypothetical protein DL546_004569 [Coniochaeta pulveracea],122,0.0102,non-degrader
RKU43599.1 hypothetical protein DL546_006453 [Coniochaeta pulveracea],519,0.0102,non-degrader
RKU43392.1 hypothetical protein DL546_002099 [Coniochaeta pulveracea],476,0.0102,non-degrader
RKU43365.1 hypothetical protein DL546_006231 [Coniochaeta pulveracea],461,0.0102,non-degrader
RKU43351.1 protein with putative role during mitosis [Coniochaeta pulveracea],467,0.0102,non-degrader
RKU42694.1 hypothetical protein DL546_005756 [Coniochaeta pulveracea],1387,0.0102,non-degrader
RKU42596.1 hypothetical protein DL546_004381 [Coniochaeta pulveracea],377,0.0102,non-degrader
RKU42134.1 hypothetical protein DL546_004587 [Coniochaeta pulveracea],312,0.0102,non-degrader
RKU41734.1 hypothetical protein DL546_005079 [Coniochaeta pulveracea],568,0.0102,non-degrader
RKU41634.1 hypothetical protein DL546_001054 [Coniochaeta pulveracea],457,0.0102,non-degrader
"RKU41414.1 Cell wall alpha-1,3-glucan synthase ags1 [Coniochaeta pulveracea]",2406,0.0102,non-degrader
RKU41361.1 hypothetical protein DL546_002423 [Coniochaeta pulveracea],292,0.0102,non-degrader
RKU41306.1 hypothetical protein DL546_003454 [Coniochaeta pulveracea],329,0.0102,non-degrader
RKU40416.1 hypothetical protein DL546_001736 [Coniochaeta pulveracea],514,0.0102,non-degrader
RKU49637.1 hypothetical protein DL546_009673 [Coniochaeta pulveracea],140,0.0101,non-degrader
RKU49503.1 hypothetical protein DL546_008526 [Coniochaeta pulveracea],136,0.0101,non-degrader
RKU49493.1 iron-binding protein [Coniochaeta pulveracea],158,0.0101,non-degrader
RKU49426.1 hypothetical protein DL546_006696 [Coniochaeta pulveracea],332,0.0101,non-degrader
RKU49131.1 hypothetical protein DL546_007859 [Coniochaeta pulveracea],106,0.0101,non-degrader
RKU48891.1 hypothetical protein DL546_008615 [Coniochaeta pulveracea],385,0.0101,non-degrader
RKU48682.1 signal transducing kinase of the PAK [Coniochaeta pulveracea],959,0.0101,non-degrader
RKU48654.1 hypothetical protein DL546_009326 [Coniochaeta pulveracea],409,0.0101,non-degrader
RKU48594.1 hypothetical protein DL546_008491 [Coniochaeta pulveracea],535,0.0101,non-degrader
RKU48587.1 Subunit of the glycosylphosphatidylinositol transamidase complex-like protein [Coniochaeta pulveracea],602,0.0101,non-degrader
RKU48519.1 hypothetical protein DL546_006635 [Coniochaeta pulveracea],245,0.0101,non-degrader
RKU48485.1 hypothetical protein DL546_004558 [Coniochaeta pulveracea],78,0.0101,non-degrader
RKU48271.1 hypothetical protein DL546_006575 [Coniochaeta pulveracea],500,0.0101,non-degrader
RKU48011.1 hypothetical protein DL546_006581 [Coniochaeta pulveracea],398,0.0101,non-degrader
RKU48007.1 Enzyme that catalyzes the fourth step in the histidine pathway [Coniochaeta pulveracea],258,0.0101,non-degrader
RKU47879.1 hypothetical protein DL546_008802 [Coniochaeta pulveracea],575,0.0101,non-degrader
RKU47865.1 hypothetical protein DL546_008638 [Coniochaeta pulveracea],102,0.0101,non-degrader
RKU47850.1 mitochondrial Homoaconitase [Coniochaeta pulveracea],778,0.0101,non-degrader
RKU47257.1 hypothetical protein DL546_008916 [Coniochaeta pulveracea],476,0.0101,non-degrader
RKU47165.1 hypothetical protein DL546_007102 [Coniochaeta pulveracea],653,0.0101,non-degrader
RKU47131.1 hypothetical protein DL546_005474 [Coniochaeta pulveracea],282,0.0101,non-degrader
RKU47012.1 hypothetical protein DL546_008110 [Coniochaeta pulveracea],270,0.0101,non-degrader
RKU46546.1 hypothetical protein DL546_001680 [Coniochaeta pulveracea],593,0.0101,non-degrader
RKU46386.1 hypothetical protein DL546_004414 [Coniochaeta pulveracea],396,0.0101,non-degrader
RKU46357.1 hypothetical protein DL546_002045 [Coniochaeta pulveracea],580,0.0101,non-degrader
RKU46317.1 hypothetical protein DL546_008097 [Coniochaeta pulveracea],971,0.0101,non-degrader
RKU46262.1 hypothetical protein DL546_006451 [Coniochaeta pulveracea],173,0.0101,non-degrader
RKU46053.1 hypothetical protein DL546_002671 [Coniochaeta pulveracea],240,0.0101,non-degrader
RKU46025.1 hypothetical protein DL546_008529 [Coniochaeta pulveracea],608,0.0101,non-degrader
RKU45972.1 GTPase-activating protein S23 [Coniochaeta pulveracea],774,0.0101,non-degrader
RKU45255.1 hypothetical protein DL546_004086 [Coniochaeta pulveracea],446,0.0101,non-degrader
RKU45061.1 hypothetical protein DL546_007000 [Coniochaeta pulveracea],779,0.0101,non-degrader
RKU44819.1 hypothetical protein DL546_002087 [Coniochaeta pulveracea],315,0.0101,non-degrader
RKU44607.1 hypothetical protein DL546_006326 [Coniochaeta pulveracea],441,0.0101,non-degrader
RKU44338.1 hypothetical protein DL546_006829 [Coniochaeta pulveracea],283,0.0101,non-degrader
RKU43327.1 tryptophan synthetase [Coniochaeta pulveracea],721,0.0101,non-degrader
RKU42650.1 hypothetical protein DL546_002176 [Coniochaeta pulveracea],150,0.0101,non-degrader
RKU42342.1 hypothetical protein DL546_005506 [Coniochaeta pulveracea],242,0.0101,non-degrader
RKU41707.1 hypothetical protein DL546_002904 [Coniochaeta pulveracea],437,0.0101,non-degrader
RKU41403.1 hexose transporter hxt1 [Coniochaeta pulveracea],564,0.0101,non-degrader
RKU40297.1 hypothetical protein DL546_002740 [Coniochaeta pulveracea],433,0.0101,non-degrader
RKU39861.1 hypothetical protein DL546_000308 [Coniochaeta pulveracea],110,0.0101,non-degrader
RKU49381.1 tetrahydrofolate synthase [Coniochaeta pulveracea],1077,0.01,non-degrader
"RKU49223.1 Peptide methionine sulfoxide reductase B2, chloroplastic [Coniochaeta pulveracea]",204,0.01,non-degrader
RKU48632.1 hypothetical protein DL546_009041 [Coniochaeta pulveracea],607,0.01,non-degrader
RKU48592.1 hypothetical protein DL546_008441 [Coniochaeta pulveracea],535,0.01,non-degrader
RKU48474.1 RNA-binding component of cleavage and polyadenylation factor [Coniochaeta pulveracea],272,0.01,non-degrader
RKU48290.1 hypothetical protein DL546_007459 [Coniochaeta pulveracea],76,0.01,non-degrader
RKU48064.1 hypothetical protein DL546_008178 [Coniochaeta pulveracea],336,0.01,non-degrader
RKU48054.1 hypothetical protein DL546_007992 [Coniochaeta pulveracea],320,0.01,non-degrader
RKU47788.1 catalase A [Coniochaeta pulveracea],736,0.01,non-degrader
RKU47728.1 hypothetical protein DL546_002261 [Coniochaeta pulveracea],419,0.01,non-degrader
RKU47271.1 hypothetical protein DL546_009055 [Coniochaeta pulveracea],502,0.01,non-degrader
RKU47079.1 hypothetical protein DL546_009188 [Coniochaeta pulveracea],309,0.01,non-degrader
RKU46664.1 hypothetical protein DL546_008251 [Coniochaeta pulveracea],606,0.01,non-degrader
RKU46000.1 importin-alpha export receptor [Coniochaeta pulveracea],955,0.01,non-degrader
RKU45916.1 hypothetical protein DL546_001671 [Coniochaeta pulveracea],564,0.01,non-degrader
RKU45905.1 hypothetical protein DL546_000046 [Coniochaeta pulveracea],278,0.01,non-degrader
RKU45220.1 hypothetical protein DL546_000932 [Coniochaeta pulveracea],169,0.01,non-degrader
RKU44573.1 split finger protein [Coniochaeta pulveracea],711,0.01,non-degrader
RKU44322.1 hypothetical protein DL546_006112 [Coniochaeta pulveracea],1799,0.01,non-degrader
RKU43864.1 hypothetical protein DL546_004099 [Coniochaeta pulveracea],708,0.01,non-degrader
RKU43660.1 hypothetical protein DL546_006237 [Coniochaeta pulveracea],183,0.01,non-degrader
RKU42949.1 hypothetical protein DL546_005316 [Coniochaeta pulveracea],710,0.01,non-degrader
RKU42822.1 hypothetical protein DL546_006040 [Coniochaeta pulveracea],338,0.01,non-degrader
"RKU42465.1 Saccharopine dehydrogenase [NADP(+), L-glutamate-forming] [Coniochaeta pulveracea]",448,0.01,non-degrader
RKU42260.1 hypothetical protein DL546_004655 [Coniochaeta pulveracea],437,0.01,non-degrader
RKU42096.1 hypothetical protein DL546_000791 [Coniochaeta pulveracea],470,0.01,non-degrader
RKU41302.1 hypothetical protein DL546_003056 [Coniochaeta pulveracea],1528,0.01,non-degrader
RKU41207.1 hypothetical protein DL546_003360 [Coniochaeta pulveracea],618,0.01,non-degrader
RKU40814.1 hypothetical protein DL546_009931 [Coniochaeta pulveracea],298,0.01,non-degrader
RKU40798.1 hypothetical protein DL546_002734 [Coniochaeta pulveracea],577,0.01,non-degrader
RKU40447.1 hypothetical protein DL546_000266 [Coniochaeta pulveracea],476,0.01,non-degrader
RKU40327.1 palmitoyltransferase pfa5 [Coniochaeta pulveracea],409,0.01,non-degrader
RKU40291.1 hypothetical protein DL546_001648 [Coniochaeta pulveracea],182,0.01,non-degrader
RKU40035.1 hypothetical protein DL546_001949 [Coniochaeta pulveracea],323,0.01,non-degrader
RKU39990.1 hypothetical protein DL546_001090 [Coniochaeta pulveracea],843,0.01,non-degrader
RKU49093.1 hypothetical protein DL546_005831 [Coniochaeta pulveracea],1074,0.0099,non-degrader
RKU48900.1 hypothetical protein DL546_008764 [Coniochaeta pulveracea],562,0.0099,non-degrader
RKU47771.1 hypothetical protein DL546_005832 [Coniochaeta pulveracea],147,0.0099,non-degrader
RKU47534.1 hypothetical protein DL546_005618 [Coniochaeta pulveracea],609,0.0099,non-degrader
RKU47455.1 hypothetical protein DL546_009127 [Coniochaeta pulveracea],310,0.0099,non-degrader
RKU47321.1 hypothetical protein DL546_003207 [Coniochaeta pulveracea],372,0.0099,non-degrader
RKU47289.1 vacuolar sorting protein VPS33/slp1 [Coniochaeta pulveracea],706,0.0099,non-degrader
RKU46752.1 hypothetical protein DL546_004383 [Coniochaeta pulveracea],581,0.0099,non-degrader
RKU46506.1 hypothetical protein DL546_008525 [Coniochaeta pulveracea],294,0.0099,non-degrader
RKU46147.1 60S ribosomal protein L35B [Coniochaeta pulveracea],109,0.0099,non-degrader
RKU46126.1 hypothetical protein DL546_006888 [Coniochaeta pulveracea],475,0.0099,non-degrader
RKU45705.1 isocitrate lyase 1 [Coniochaeta pulveracea],548,0.0099,non-degrader
RKU44641.1 hypothetical protein DL546_007632 [Coniochaeta pulveracea],1433,0.0099,non-degrader
RKU44335.1 glycine decarboxylase subunit P [Coniochaeta pulveracea],1065,0.0099,non-degrader
RKU44182.1 hypothetical protein DL546_007138 [Coniochaeta pulveracea],259,0.0099,non-degrader
RKU44052.1 hypothetical protein DL546_005847 [Coniochaeta pulveracea],645,0.0099,non-degrader
RKU43982.1 Mitochondrial GTP/GDP carrier protein 1 [Coniochaeta pulveracea],304,0.0099,non-degrader
RKU43481.1 hypothetical protein DL546_003027 [Coniochaeta pulveracea],302,0.0099,non-degrader
RKU43080.1 hypothetical protein DL546_002091 [Coniochaeta pulveracea],659,0.0099,non-degrader
RKU42649.1 hypothetical protein DL546_002011 [Coniochaeta pulveracea],429,0.0099,non-degrader
RKU42481.1 hypothetical protein DL546_005668 [Coniochaeta pulveracea],649,0.0099,non-degrader
RKU42304.1 hypothetical protein DL546_002702 [Coniochaeta pulveracea],373,0.0099,non-degrader
RKU42165.1 hypothetical protein DL546_001556 [Coniochaeta pulveracea],257,0.0099,non-degrader
RKU41676.1 hexose transporter hxt1 [Coniochaeta pulveracea],536,0.0099,non-degrader
RKU41445.1 hypothetical protein DL546_001782 [Coniochaeta pulveracea],117,0.0099,non-degrader
RKU40897.1 3-oxo-5-alpha-steroid 4-dehydrogenase 1 [Coniochaeta pulveracea],283,0.0099,non-degrader
RKU39816.1 hypothetical protein DL546_000161 [Coniochaeta pulveracea],540,0.0099,non-degrader
RKU49716.1 hypothetical protein DL546_009881 [Coniochaeta pulveracea],799,0.0098,non-degrader
RKU49551.1 hypothetical protein DL546_009190 [Coniochaeta pulveracea],350,0.0098,non-degrader
RKU49120.1 hypothetical protein DL546_007535 [Coniochaeta pulveracea],1440,0.0098,non-degrader
RKU49113.1 hypothetical protein DL546_007172 [Coniochaeta pulveracea],1175,0.0098,non-degrader
RKU48928.1 hypothetical protein DL546_009119 [Coniochaeta pulveracea],549,0.0098,non-degrader
RKU48696.1 hypothetical protein DL546_009551 [Coniochaeta pulveracea],256,0.0098,non-degrader
RKU48282.1 hypothetical protein DL546_007214 [Coniochaeta pulveracea],347,0.0098,non-degrader
RKU48209.1 hypothetical protein DL546_001859 [Coniochaeta pulveracea],858,0.0098,non-degrader
RKU48151.1 Fructose-bisphosphate aldolase 1 [Coniochaeta pulveracea],363,0.0098,non-degrader
RKU47970.1 camp-dependent protein kinase catalytic subunit [Coniochaeta pulveracea],524,0.0098,non-degrader
RKU47786.1 hypothetical protein DL546_006687 [Coniochaeta pulveracea],462,0.0098,non-degrader
RKU47324.1 acetyl-CoA synthetase [Coniochaeta pulveracea],672,0.0098,non-degrader
RKU46819.1 hypothetical protein DL546_007726 [Coniochaeta pulveracea],410,0.0098,non-degrader
RKU45631.1 hypothetical protein DL546_000731 [Coniochaeta pulveracea],287,0.0098,non-degrader
RKU45317.1 hypothetical protein DL546_007268 [Coniochaeta pulveracea],510,0.0098,non-degrader
RKU44813.1 hypothetical protein DL546_001369 [Coniochaeta pulveracea],585,0.0098,non-degrader
"RKU44340.1 Phosphatidylinositol 3,5-bisphosphate-binding protein [Coniochaeta pulveracea]",376,0.0098,non-degrader
RKU43664.1 hypothetical protein DL546_006339 [Coniochaeta pulveracea],311,0.0098,non-degrader
RKU43422.1 AAA ATPase afg3 [Coniochaeta pulveracea],910,0.0098,non-degrader
RKU42957.1 Esa1p-associated factor [Coniochaeta pulveracea],317,0.0098,non-degrader
RKU42803.1 hypothetical protein DL546_004402 [Coniochaeta pulveracea],445,0.0098,non-degrader
RKU42737.1 Mitochondrial intermediate peptidase [Coniochaeta pulveracea],811,0.0098,non-degrader
RKU42736.1 hypothetical protein DL546_004761 [Coniochaeta pulveracea],269,0.0098,non-degrader
RKU42686.1 hypothetical protein DL546_005292 [Coniochaeta pulveracea],900,0.0098,non-degrader
RKU42425.1 hypothetical protein DL546_005912 [Coniochaeta pulveracea],342,0.0098,non-degrader
RKU42401.1 hypothetical protein DL546_004778 [Coniochaeta pulveracea],504,0.0098,non-degrader
"RKU42314.1 mannosyl-oligosaccharide alpha-1,2-mannosidase [Coniochaeta pulveracea]",647,0.0098,non-degrader
RKU42220.1 hypothetical protein DL546_000900 [Coniochaeta pulveracea],458,0.0098,non-degrader
RKU42202.1 hypothetical protein DL546_004811 [Coniochaeta pulveracea],417,0.0098,non-degrader
RKU41643.1 Alpha subunit of the F1 sector of mitochondrial F1F0 ATP synthase [Coniochaeta pulveracea],551,0.0098,non-degrader
RKU41584.1 hypothetical protein DL546_004700 [Coniochaeta pulveracea],382,0.0098,non-degrader
RKU41234.1 hypothetical protein DL546_001818 [Coniochaeta pulveracea],348,0.0098,non-degrader
RKU41185.1 hypothetical protein DL546_001096 [Coniochaeta pulveracea],1500,0.0098,non-degrader
RKU41184.1 hypothetical protein DL546_000866 [Coniochaeta pulveracea],1218,0.0098,non-degrader
RKU41089.1 hypothetical protein DL546_004338 [Coniochaeta pulveracea],1140,0.0098,non-degrader
RKU40916.1 hypothetical protein DL546_000792 [Coniochaeta pulveracea],1229,0.0098,non-degrader
RKU40306.1 hypothetical protein DL546_001170 [Coniochaeta pulveracea],312,0.0098,non-degrader
RKU40087.1 hypothetical protein DL546_001944 [Coniochaeta pulveracea],323,0.0098,non-degrader
"RKU40069.1 DNA ligase (ATP), variant 2 [Coniochaeta pulveracea]",770,0.0098,non-degrader
RKU40063.1 hypothetical protein DL546_000912 [Coniochaeta pulveracea],598,0.0098,non-degrader
RKU39766.1 hypothetical protein DL546_000439 [Coniochaeta pulveracea],321,0.0098,non-degrader
RKU49649.1 hypothetical protein DL546_009717 [Coniochaeta pulveracea],211,0.0097,non-degrader
"RKU49380.1 translation initiation factor eIF3 subunit, variant 2 [Coniochaeta pulveracea]",352,0.0097,non-degrader
RKU49379.1 translation initiation factor eIF3 subunit [Coniochaeta pulveracea],352,0.0097,non-degrader
RKU49295.1 ER membrane glycoprotein subunit of the GPI transamidase complex-like protein [Coniochaeta pulveracea],425,0.0097,non-degrader
RKU49075.1 hypothetical protein DL546_004066 [Coniochaeta pulveracea],949,0.0097,non-degrader
RKU48144.1 hypothetical protein DL546_009224 [Coniochaeta pulveracea],425,0.0097,non-degrader
RKU47664.1 hypothetical protein DL546_008995 [Coniochaeta pulveracea],674,0.0097,non-degrader
RKU47409.1 hypothetical protein DL546_007840 [Coniochaeta pulveracea],797,0.0097,non-degrader
RKU47199.1 hypothetical protein DL546_008025 [Coniochaeta pulveracea],155,0.0097,non-degrader
RKU47067.1 hypothetical protein DL546_009035 [Coniochaeta pulveracea],1017,0.0097,non-degrader
RKU46975.1 actin-related protein 3 [Coniochaeta pulveracea],439,0.0097,non-degrader
RKU46937.1 hypothetical protein DL546_004975 [Coniochaeta pulveracea],545,0.0097,non-degrader
RKU46865.1 hypothetical protein DL546_008618 [Coniochaeta pulveracea],1558,0.0097,non-degrader
RKU46468.1 hypothetical protein DL546_007722 [Coniochaeta pulveracea],560,0.0097,non-degrader
RKU46372.1 hypothetical protein DL546_003426 [Coniochaeta pulveracea],287,0.0097,non-degrader
RKU44868.1 ubiquitin-specific protease doa4 [Coniochaeta pulveracea],1027,0.0097,non-degrader
RKU44095.1 glyceraldehyde-3-phosphate dehydrogenase 1 [Coniochaeta pulveracea],611,0.0097,non-degrader
RKU43997.1 hypothetical protein DL546_006673 [Coniochaeta pulveracea],268,0.0097,non-degrader
RKU43927.1 hypothetical protein DL546_001112 [Coniochaeta pulveracea],296,0.0097,non-degrader
RKU43377.1 meiotic recombination [Coniochaeta pulveracea],707,0.0097,non-degrader
RKU42876.1 hypothetical protein DL546_005380 [Coniochaeta pulveracea],625,0.0097,non-degrader
RKU42635.1 hypothetical protein DL546_000159 [Coniochaeta pulveracea],310,0.0097,non-degrader
RKU42588.1 hypothetical protein DL546_003853 [Coniochaeta pulveracea],255,0.0097,non-degrader
RKU42284.1 hypothetical protein DL546_000678 [Coniochaeta pulveracea],346,0.0097,non-degrader
RKU41862.1 hypothetical protein DL546_001783 [Coniochaeta pulveracea],369,0.0097,non-degrader
"RKU41700.1 Serine hydroxymethyltransferase, cytosolic [Coniochaeta pulveracea]",484,0.0097,non-degrader
RKU41512.1 hypothetical protein DL546_003639 [Coniochaeta pulveracea],1118,0.0097,non-degrader
RKU41353.1 hypothetical protein DL546_001639 [Coniochaeta pulveracea],563,0.0097,non-degrader
RKU40943.1 hypothetical protein DL546_004010 [Coniochaeta pulveracea],641,0.0097,non-degrader
RKU40589.1 T-complex protein 1 subunit delta [Coniochaeta pulveracea],545,0.0097,non-degrader
RKU40361.1 hypothetical protein DL546_001628 [Coniochaeta pulveracea],335,0.0097,non-degrader
RKU40176.1 hypothetical protein DL546_000851 [Coniochaeta pulveracea],740,0.0097,non-degrader
RKU40123.1 hypothetical protein DL546_002368 [Coniochaeta pulveracea],612,0.0097,non-degrader
RKU49474.1 Splicing factor [Coniochaeta pulveracea],1078,0.0096,non-degrader
RKU49241.1 3-ketoacyl-CoA thiolase with broad chain length specificity [Coniochaeta pulveracea],420,0.0096,non-degrader
RKU48934.1 hypothetical protein DL546_009200 [Coniochaeta pulveracea],828,0.0096,non-degrader
RKU48631.1 hypothetical protein DL546_009032 [Coniochaeta pulveracea],223,0.0096,non-degrader
RKU47732.1 hypothetical protein DL546_002562 [Coniochaeta pulveracea],439,0.0096,non-degrader
RKU47660.1 hypothetical protein DL546_008956 [Coniochaeta pulveracea],221,0.0096,non-degrader
RKU47494.1 hypothetical protein DL546_002370 [Coniochaeta pulveracea],862,0.0096,non-degrader
"RKU47475.1 hypothetical protein DL546_000034, partial [Coniochaeta pulveracea]",319,0.0096,non-degrader
RKU47379.1 hypothetical protein DL546_006897 [Coniochaeta pulveracea],692,0.0096,non-degrader
RKU47140.1 ADP-ribosylation factor GTPase-activating protein GCS1 [Coniochaeta pulveracea],371,0.0096,non-degrader
RKU46837.1 hypothetical protein DL546_008023 [Coniochaeta pulveracea],319,0.0096,non-degrader
RKU46229.1 carnitine transporter [Coniochaeta pulveracea],346,0.0096,non-degrader
RKU45835.1 hypothetical protein DL546_006941 [Coniochaeta pulveracea],203,0.0096,non-degrader
RKU45833.1 3'-5'-exoribonuclease [Coniochaeta pulveracea],293,0.0096,non-degrader
RKU45737.1 hypothetical protein DL546_008071 [Coniochaeta pulveracea],366,0.0096,non-degrader
RKU44897.1 clathrin associated protein complex large subunit [Coniochaeta pulveracea],838,0.0096,non-degrader
RKU44763.1 Biotin/lipoate A/B protein ligase [Coniochaeta pulveracea],396,0.0096,non-degrader
RKU44623.1 target of Sbf [Coniochaeta pulveracea],519,0.0096,non-degrader
RKU44463.1 hypothetical protein DL546_001990 [Coniochaeta pulveracea],549,0.0096,non-degrader
RKU43740.1 proline dehydrogenase [Coniochaeta pulveracea],377,0.0096,non-degrader
RKU43725.1 hypothetical protein DL546_004609 [Coniochaeta pulveracea],546,0.0096,non-degrader
RKU43518.1 hypothetical protein DL546_005741 [Coniochaeta pulveracea],539,0.0096,non-degrader
RKU43244.1 hypothetical protein DL546_003721 [Coniochaeta pulveracea],803,0.0096,non-degrader
RKU43142.1 hypothetical protein DL546_000979 [Coniochaeta pulveracea],300,0.0096,non-degrader
RKU43002.1 hypothetical protein DL546_002596 [Coniochaeta pulveracea],405,0.0096,non-degrader
RKU42974.1 hypothetical protein DL546_006541 [Coniochaeta pulveracea],430,0.0096,non-degrader
RKU42587.1 putative Ankyrin repeat protein [Coniochaeta pulveracea],569,0.0096,non-degrader
RKU42491.1 hypothetical protein DL546_000528 [Coniochaeta pulveracea],333,0.0096,non-degrader
RKU42436.1 Carbon-nitrogen hydrolase [Coniochaeta pulveracea],534,0.0096,non-degrader
RKU42275.1 hypothetical protein DL546_005617 [Coniochaeta pulveracea],1071,0.0096,non-degrader
RKU41953.1 hypothetical protein DL546_005678 [Coniochaeta pulveracea],453,0.0096,non-degrader
RKU41713.1 mRNA 3'-end-processing protein rna14 [Coniochaeta pulveracea],1110,0.0096,non-degrader
RKU41688.1 hypothetical protein DL546_000671 [Coniochaeta pulveracea],779,0.0096,non-degrader
RKU40898.1 hypothetical protein DL546_003183 [Coniochaeta pulveracea],994,0.0096,non-degrader
RKU39917.1 hypothetical protein DL546_000454 [Coniochaeta pulveracea],303,0.0096,non-degrader
RKU49595.1 hypothetical protein DL546_009479 [Coniochaeta pulveracea],517,0.0095,non-degrader
RKU49582.1 Mannose-6-phosphate isomerase [Coniochaeta pulveracea],455,0.0095,non-degrader
RKU49259.1 hypothetical protein DL546_009670 [Coniochaeta pulveracea],235,0.0095,non-degrader
RKU49246.1 hypothetical protein DL546_009617 [Coniochaeta pulveracea],672,0.0095,non-degrader
RKU49064.1 hypothetical protein DL546_002890 [Coniochaeta pulveracea],956,0.0095,non-degrader
RKU49045.1 hypothetical protein DL546_000552 [Coniochaeta pulveracea],525,0.0095,non-degrader
RKU48940.1 hypothetical protein DL546_009273 [Coniochaeta pulveracea],595,0.0095,non-degrader
RKU48609.1 hypothetical protein DL546_008765 [Coniochaeta pulveracea],308,0.0095,non-degrader
RKU48580.1 hypothetical protein DL546_008292 [Coniochaeta pulveracea],416,0.0095,non-degrader
RKU48269.1 hypothetical protein DL546_006472 [Coniochaeta pulveracea],328,0.0095,non-degrader
RKU48165.1 hypothetical protein DL546_009394 [Coniochaeta pulveracea],265,0.0095,non-degrader
RKU47956.1 hypothetical protein DL546_002346 [Coniochaeta pulveracea],547,0.0095,non-degrader
RKU47699.1 hypothetical protein DL546_009334 [Coniochaeta pulveracea],480,0.0095,non-degrader
RKU47380.1 hypothetical protein DL546_006935 [Coniochaeta pulveracea],74,0.0095,non-degrader
RKU47136.1 hypothetical protein DL546_005777 [Coniochaeta pulveracea],427,0.0095,non-degrader
RKU47094.1 hypothetical protein DL546_001752 [Coniochaeta pulveracea],666,0.0095,non-degrader
RKU47058.1 hypothetical protein DL546_008891 [Coniochaeta pulveracea],419,0.0095,non-degrader
RKU46592.1 Saccharopine dehydrogenase [Coniochaeta pulveracea],371,0.0095,non-degrader
RKU46521.1 hypothetical protein DL546_008763 [Coniochaeta pulveracea],350,0.0095,non-degrader
RKU46128.1 hypothetical protein DL546_006888 [Coniochaeta pulveracea],440,0.0095,non-degrader
RKU45987.1 hypothetical protein DL546_007206 [Coniochaeta pulveracea],346,0.0095,non-degrader
RKU45439.1 hypothetical protein DL546_007035 [Coniochaeta pulveracea],74,0.0095,non-degrader
RKU45184.1 Arf GTPase arl1 [Coniochaeta pulveracea],180,0.0095,non-degrader
RKU45123.1 hypothetical protein DL546_003690 [Coniochaeta pulveracea],502,0.0095,non-degrader
RKU44849.1 poly(A)-specific ribonuclease [Coniochaeta pulveracea],1206,0.0095,non-degrader
RKU44423.1 hypothetical protein DL546_006807 [Coniochaeta pulveracea],446,0.0095,non-degrader
RKU43999.1 Nonribosomal Peptide Synthase (NRPS) [Coniochaeta pulveracea],4147,0.0095,non-degrader
RKU43525.1 adenine phosphoribosyltransferase [Coniochaeta pulveracea],207,0.0095,non-degrader
RKU42994.1 hypothetical protein DL546_001955 [Coniochaeta pulveracea],344,0.0095,non-degrader
"RKU42944.1 Cytochrome c oxidase assembly protein cox11, mitochondrial [Coniochaeta pulveracea]",277,0.0095,non-degrader
RKU42325.1 Fe-S cluster-binding ribosome biosynthesis protein [Coniochaeta pulveracea],609,0.0095,non-degrader
RKU42218.1 hypothetical protein DL546_000365 [Coniochaeta pulveracea],560,0.0095,non-degrader
RKU42184.1 hypothetical protein DL546_003368 [Coniochaeta pulveracea],352,0.0095,non-degrader
RKU41545.1 hypothetical protein DL546_001377 [Coniochaeta pulveracea],284,0.0095,non-degrader
RKU41100.1 hypothetical protein DL546_001101 [Coniochaeta pulveracea],1031,0.0095,non-degrader
RKU41048.1 hypothetical protein DL546_004220 [Coniochaeta pulveracea],271,0.0095,non-degrader
RKU40894.1 hypothetical protein DL546_002910 [Coniochaeta pulveracea],854,0.0095,non-degrader
RKU40714.1 Mitochondrial import inner membrane translocase subunit tim22 [Coniochaeta pulveracea],170,0.0095,non-degrader
RKU40427.1 hypothetical protein DL546_002791 [Coniochaeta pulveracea],888,0.0095,non-degrader
"RKU40331.1 SF3a splicing factor complex subunit, variant 2 [Coniochaeta pulveracea]",460,0.0095,non-degrader
RKU40308.1 PHD finger-like domain-containing protein 5A [Coniochaeta pulveracea],109,0.0095,non-degrader
RKU40303.1 hypothetical protein DL546_000570 [Coniochaeta pulveracea],119,0.0095,non-degrader
"RKU39759.1 Fructose-2,6-bisphosphatase [Coniochaeta pulveracea]",248,0.0095,non-degrader
RKU49554.1 hypothetical protein DL546_009215 [Coniochaeta pulveracea],427,0.0094,non-degrader
RKU49421.1 hypothetical protein DL546_006561 [Coniochaeta pulveracea],190,0.0094,non-degrader
RKU49419.1 hypothetical protein DL546_006267 [Coniochaeta pulveracea],223,0.0094,non-degrader
RKU48319.1 hypothetical protein DL546_008194 [Coniochaeta pulveracea],586,0.0094,non-degrader
RKU48267.1 Peptidyl-prolyl cis-trans isomerase H [Coniochaeta pulveracea],182,0.0094,non-degrader
RKU47990.1 hypothetical protein DL546_005089 [Coniochaeta pulveracea],1088,0.0094,non-degrader
RKU47803.1 hypothetical protein DL546_007343 [Coniochaeta pulveracea],158,0.0094,non-degrader
RKU47602.1 homoserine O-acetyltransferase [Coniochaeta pulveracea],504,0.0094,non-degrader
RKU47501.1 H(+)-transporting V1 sector ATPase subunit F [Coniochaeta pulveracea],122,0.0094,non-degrader
RKU47265.1 hypothetical protein DL546_009001 [Coniochaeta pulveracea],235,0.0094,non-degrader
RKU46684.1 hypothetical protein DL546_008608 [Coniochaeta pulveracea],912,0.0094,non-degrader
RKU46433.1 hypothetical protein DL546_006559 [Coniochaeta pulveracea],435,0.0094,non-degrader
RKU45449.1 hypothetical protein DL546_007391 [Coniochaeta pulveracea],180,0.0094,non-degrader
RKU45316.1 hypothetical protein DL546_007268 [Coniochaeta pulveracea],549,0.0094,non-degrader
RKU44872.1 hypothetical protein DL546_007091 [Coniochaeta pulveracea],216,0.0094,non-degrader
RKU44743.1 hypothetical protein DL546_004506 [Coniochaeta pulveracea],571,0.0094,non-degrader
RKU44729.1 hypothetical protein DL546_007371 [Coniochaeta pulveracea],271,0.0094,non-degrader
RKU44213.1 hypothetical protein DL546_003317 [Coniochaeta pulveracea],881,0.0094,non-degrader
RKU43789.1 hypothetical protein DL546_005180 [Coniochaeta pulveracea],697,0.0094,non-degrader
RKU43752.1 hypothetical protein DL546_006238 [Coniochaeta pulveracea],982,0.0094,non-degrader
RKU43246.1 hypothetical protein DL546_003984 [Coniochaeta pulveracea],875,0.0094,non-degrader
RKU43012.1 hypothetical protein DL546_003397 [Coniochaeta pulveracea],255,0.0094,non-degrader
RKU42816.1 Peroxisomal membrane signal receptor PTS1 [Coniochaeta pulveracea],642,0.0094,non-degrader
RKU42552.1 hypothetical protein DL546_006029 [Coniochaeta pulveracea],221,0.0094,non-degrader
RKU42403.1 hypothetical protein DL546_004901 [Coniochaeta pulveracea],405,0.0094,non-degrader
RKU42352.1 hypothetical protein DL546_009923 [Coniochaeta pulveracea],390,0.0094,non-degrader
RKU42299.1 hypothetical protein DL546_002314 [Coniochaeta pulveracea],236,0.0094,non-degrader
RKU42138.1 hypothetical protein DL546_004956 [Coniochaeta pulveracea],246,0.0094,non-degrader
RKU42002.1 hypothetical protein DL546_003802 [Coniochaeta pulveracea],809,0.0094,non-degrader
RKU41927.1 hypothetical protein DL546_002454 [Coniochaeta pulveracea],573,0.0094,non-degrader
RKU41672.1 Phosphoglucomutase-2 [Coniochaeta pulveracea],554,0.0094,non-degrader
RKU41315.1 hypothetical protein DL546_004287 [Coniochaeta pulveracea],849,0.0094,non-degrader
RKU41192.1 ubiquitin-specific protease otu1 [Coniochaeta pulveracea],324,0.0094,non-degrader
RKU40656.1 hypothetical protein DL546_001520 [Coniochaeta pulveracea],317,0.0094,non-degrader
RKU40470.1 hypothetical protein DL546_000248 [Coniochaeta pulveracea],564,0.0094,non-degrader
RKU40390.1 hypothetical protein DL546_002336 [Coniochaeta pulveracea],415,0.0094,non-degrader
RKU40330.1 SF3a splicing factor complex subunit [Coniochaeta pulveracea],529,0.0094,non-degrader
RKU40109.1 hypothetical protein DL546_000616 [Coniochaeta pulveracea],246,0.0094,non-degrader
RKU39738.1 hypothetical protein DL546_000062 [Coniochaeta pulveracea],453,0.0094,non-degrader
RKU49642.1 hypothetical protein DL546_009689 [Coniochaeta pulveracea],591,0.0093,non-degrader
RKU49469.1 hypothetical protein DL546_007837 [Coniochaeta pulveracea],441,0.0093,non-degrader
RKU49352.1 hypothetical protein DL546_009896 [Coniochaeta pulveracea],334,0.0093,non-degrader
RKU49317.1 hypothetical protein DL546_009835 [Coniochaeta pulveracea],679,0.0093,non-degrader
RKU48802.1 hypothetical protein DL546_006141 [Coniochaeta pulveracea],533,0.0093,non-degrader
RKU48310.1 hypothetical protein DL546_007916 [Coniochaeta pulveracea],604,0.0093,non-degrader
RKU48236.1 hypothetical protein DL546_004261 [Coniochaeta pulveracea],329,0.0093,non-degrader
RKU48163.1 Cysteine synthase 1 [Coniochaeta pulveracea],370,0.0093,non-degrader
RKU48155.1 hypothetical protein DL546_009329 [Coniochaeta pulveracea],507,0.0093,non-degrader
RKU48056.1 hypothetical protein DL546_008043 [Coniochaeta pulveracea],494,0.0093,non-degrader
RKU48037.1 hypothetical protein DL546_007687 [Coniochaeta pulveracea],295,0.0093,non-degrader
RKU47427.1 hypothetical protein DL546_008481 [Coniochaeta pulveracea],1228,0.0093,non-degrader
RKU47357.1 hypothetical protein DL546_005758 [Coniochaeta pulveracea],311,0.0093,non-degrader
RKU47269.1 hypothetical protein DL546_009047 [Coniochaeta pulveracea],102,0.0093,non-degrader
RKU47261.1 hypothetical protein DL546_008953 [Coniochaeta pulveracea],509,0.0093,non-degrader
RKU46316.1 hypothetical protein DL546_008075 [Coniochaeta pulveracea],414,0.0093,non-degrader
RKU46219.1 hypothetical protein DL546_003329 [Coniochaeta pulveracea],157,0.0093,non-degrader
RKU46167.1 hypothetical protein DL546_008093 [Coniochaeta pulveracea],287,0.0093,non-degrader
RKU46130.1 hypothetical protein DL546_006977 [Coniochaeta pulveracea],467,0.0093,non-degrader
RKU45236.1 hypothetical protein DL546_002588 [Coniochaeta pulveracea],242,0.0093,non-degrader
RKU45051.1 hypothetical protein DL546_006513 [Coniochaeta pulveracea],254,0.0093,non-degrader
RKU44922.1 aprataxin-like protein [Coniochaeta pulveracea],239,0.0093,non-degrader
RKU44891.1 hypothetical protein DL546_007678 [Coniochaeta pulveracea],368,0.0093,non-degrader
RKU44550.1 hypothetical protein DL546_001523 [Coniochaeta pulveracea],817,0.0093,non-degrader
RKU44528.1 hypothetical protein DL546_007038 [Coniochaeta pulveracea],569,0.0093,non-degrader
RKU44020.1 hypothetical protein DL546_004079 [Coniochaeta pulveracea],211,0.0093,non-degrader
RKU43584.1 carbamoyl-phosphate synthase (glutamine-hydrolyzing) cpa2 [Coniochaeta pulveracea],1166,0.0093,non-degrader
RKU43275.1 hypothetical protein DL546_005869 [Coniochaeta pulveracea],363,0.0093,non-degrader
RKU42838.1 UDP-galactose transporter [Coniochaeta pulveracea],408,0.0093,non-degrader
RKU42554.1 hypothetical protein DL546_006095 [Coniochaeta pulveracea],1342,0.0093,non-degrader
RKU42030.1 Peroxisomal membrane protein pex16 [Coniochaeta pulveracea],359,0.0093,non-degrader
RKU41874.1 pre-rRNA processing protein [Coniochaeta pulveracea],602,0.0093,non-degrader
RKU41698.1 hypothetical protein DL546_001960 [Coniochaeta pulveracea],995,0.0093,non-degrader
RKU41213.1 hypothetical protein DL546_003800 [Coniochaeta pulveracea],641,0.0093,non-degrader
RKU40720.1 hypothetical protein DL546_001022 [Coniochaeta pulveracea],565,0.0093,non-degrader
RKU40477.1 hypothetical protein DL546_001018 [Coniochaeta pulveracea],446,0.0093,non-degrader
RKU40422.1 hypothetical protein DL546_002364 [Coniochaeta pulveracea],350,0.0093,non-degrader
RKU40183.1 hypothetical protein DL546_001545 [Coniochaeta pulveracea],1288,0.0093,non-degrader
RKU40015.1 hypothetical protein DL546_001250 [Coniochaeta pulveracea],509,0.0093,non-degrader
RKU39903.1 hypothetical protein DL546_000994 [Coniochaeta pulveracea],463,0.0093,non-degrader
RKU49607.1 DnaJ-related protein scj1 [Coniochaeta pulveracea],417,0.0092,non-degrader
RKU49604.1 hypothetical protein DL546_009508 [Coniochaeta pulveracea],1569,0.0092,non-degrader
RKU49497.1 hypothetical protein DL546_008437 [Coniochaeta pulveracea],254,0.0092,non-degrader
RKU49243.1 hypothetical protein DL546_009608 [Coniochaeta pulveracea],238,0.0092,non-degrader
"RKU48040.1 member of Set1p complex, histone methyl transferase [Coniochaeta pulveracea]",393,0.0092,non-degrader
RKU47574.1 hypothetical protein DL546_007274 [Coniochaeta pulveracea],576,0.0092,non-degrader
RKU47133.1 histidinolphosphatase [Coniochaeta pulveracea],316,0.0092,non-degrader
RKU46971.1 asparagine-linked glycosylation protein [Coniochaeta pulveracea],541,0.0092,non-degrader
RKU46767.1 hypothetical protein DL546_005367 [Coniochaeta pulveracea],260,0.0092,non-degrader
RKU46141.1 hypothetical protein DL546_007493 [Coniochaeta pulveracea],531,0.0092,non-degrader
RKU45963.1 hypothetical protein DL546_005405 [Coniochaeta pulveracea],147,0.0092,non-degrader
RKU44719.1 hypothetical protein DL546_006967 [Coniochaeta pulveracea],355,0.0092,non-degrader
RKU44503.1 hypothetical protein DL546_005438 [Coniochaeta pulveracea],983,0.0092,non-degrader
RKU44441.1 DNA repair protein rad52 [Coniochaeta pulveracea],597,0.0092,non-degrader
RKU43780.1 hypothetical protein DL546_004454 [Coniochaeta pulveracea],636,0.0092,non-degrader
RKU42991.1 hypothetical protein DL546_001665 [Coniochaeta pulveracea],391,0.0092,non-degrader
"RKU42787.1 U4/U6-U5 snRNP complex subunit lsm6, variant 2 [Coniochaeta pulveracea]",106,0.0092,non-degrader
RKU42541.1 hypothetical protein DL546_005346 [Coniochaeta pulveracea],628,0.0092,non-degrader
RKU42268.1 hypothetical protein DL546_005099 [Coniochaeta pulveracea],204,0.0092,non-degrader
RKU42153.1 hypothetical protein DL546_000041 [Coniochaeta pulveracea],597,0.0092,non-degrader
RKU42149.1 putative 26S proteasome regulatory subunit [Coniochaeta pulveracea],227,0.0092,non-degrader
RKU41917.1 hypothetical protein DL546_001152 [Coniochaeta pulveracea],1048,0.0092,non-degrader
RKU41559.1 hypothetical protein DL546_003219 [Coniochaeta pulveracea],258,0.0092,non-degrader
RKU41136.1 hypothetical protein DL546_000902 [Coniochaeta pulveracea],237,0.0092,non-degrader
RKU40689.1 hypothetical protein DL546_000966 [Coniochaeta pulveracea],700,0.0092,non-degrader
RKU40469.1 hypothetical protein DL546_000142 [Coniochaeta pulveracea],535,0.0092,non-degrader
RKU40433.1 hypothetical protein DL546_002471 [Coniochaeta pulveracea],368,0.0092,non-degrader
RKU40363.1 hypothetical protein DL546_001878 [Coniochaeta pulveracea],1063,0.0092,non-degrader
RKU40337.1 PAB-dependent poly(A)-specific ribonuclease subunit 3 [Coniochaeta pulveracea],665,0.0092,non-degrader
RKU40304.1 aminophospholipid translocase [Coniochaeta pulveracea],1372,0.0092,non-degrader
RKU40223.1 hypothetical protein DL546_001433 [Coniochaeta pulveracea],398,0.0092,non-degrader
RKU40165.1 hypothetical protein DL546_002593 [Coniochaeta pulveracea],212,0.0092,non-degrader
RKU40082.1 hypothetical protein DL546_001524 [Coniochaeta pulveracea],475,0.0092,non-degrader
RKU40043.1 Urmylation protein [Coniochaeta pulveracea],470,0.0092,non-degrader
RKU39785.1 hypothetical protein DL546_000863 [Coniochaeta pulveracea],289,0.0092,non-degrader
RKU39705.1 hypothetical protein DL546_000212 [Coniochaeta pulveracea],461,0.0092,non-degrader
RKU49462.1 hypothetical protein DL546_007720 [Coniochaeta pulveracea],308,0.0091,non-degrader
RKU49217.1 hypothetical protein DL546_009239 [Coniochaeta pulveracea],295,0.0091,non-degrader
RKU49109.1 hypothetical protein DL546_006995 [Coniochaeta pulveracea],752,0.0091,non-degrader
RKU49031.1 hypothetical protein DL546_009755 [Coniochaeta pulveracea],628,0.0091,non-degrader
RKU48826.1 hypothetical protein DL546_007011 [Coniochaeta pulveracea],223,0.0091,non-degrader
RKU48801.1 hypothetical protein DL546_006141 [Coniochaeta pulveracea],550,0.0091,non-degrader
RKU48666.1 L-galactonate dehydratase [Coniochaeta pulveracea],449,0.0091,non-degrader
RKU48345.1 hypothetical protein DL546_008688 [Coniochaeta pulveracea],588,0.0091,non-degrader
RKU47814.1 hypothetical protein DL546_007610 [Coniochaeta pulveracea],310,0.0091,non-degrader
RKU47704.1 hypothetical protein DL546_009379 [Coniochaeta pulveracea],195,0.0091,non-degrader
RKU47542.1 hypothetical protein DL546_006113 [Coniochaeta pulveracea],568,0.0091,non-degrader
RKU47296.1 hypothetical protein DL546_009332 [Coniochaeta pulveracea],221,0.0091,non-degrader
RKU47093.1 hypothetical protein DL546_000796 [Coniochaeta pulveracea],226,0.0091,non-degrader
RKU47013.1 Phosphatidylinositol N-acetylglucosaminyltransferase gpi3 subunit [Coniochaeta pulveracea],485,0.0091,non-degrader
RKU46523.1 hypothetical protein DL546_008781 [Coniochaeta pulveracea],111,0.0091,non-degrader
RKU45759.1 hypothetical protein DL546_008497 [Coniochaeta pulveracea],1828,0.0091,non-degrader
"RKU45356.1 Malate synthase, glyoxysomal [Coniochaeta pulveracea]",571,0.0091,non-degrader
RKU44801.1 hypothetical protein DL546_007718 [Coniochaeta pulveracea],705,0.0091,non-degrader
RKU44679.1 hypothetical protein DL546_004804 [Coniochaeta pulveracea],239,0.0091,non-degrader
RKU44218.1 hypothetical protein DL546_004185 [Coniochaeta pulveracea],164,0.0091,non-degrader
RKU44057.1 hypothetical protein DL546_006105 [Coniochaeta pulveracea],312,0.0091,non-degrader
RKU43823.1 exosome non-catalytic core subunit rrp46 [Coniochaeta pulveracea],252,0.0091,non-degrader
RKU43712.1 hypothetical protein DL546_003578 [Coniochaeta pulveracea],1203,0.0091,non-degrader
RKU43510.1 hypothetical protein DL546_005192 [Coniochaeta pulveracea],223,0.0091,non-degrader
RKU43454.1 hypothetical protein DL546_006709 [Coniochaeta pulveracea],501,0.0091,non-degrader
RKU43430.1 hypothetical protein DL546_005639 [Coniochaeta pulveracea],1218,0.0091,non-degrader
RKU43368.1 signal recognition particle subunit [Coniochaeta pulveracea],317,0.0091,non-degrader
RKU43354.1 60S ribosomal protein L26 [Coniochaeta pulveracea],138,0.0091,non-degrader
RKU43352.1 stu2 protein [Coniochaeta pulveracea],943,0.0091,non-degrader
RKU43041.1 ZEB2-regulated ABC transporter 1 [Coniochaeta pulveracea],1538,0.0091,non-degrader
RKU43006.1 hypothetical protein DL546_002860 [Coniochaeta pulveracea],358,0.0091,non-degrader
RKU42918.1 vesicular-fusion protein S17 [Coniochaeta pulveracea],292,0.0091,non-degrader
RKU42540.1 hypothetical protein DL546_005277 [Coniochaeta pulveracea],440,0.0091,non-degrader
RKU42482.1 hypothetical protein DL546_005732 [Coniochaeta pulveracea],312,0.0091,non-degrader
RKU42475.1 hypothetical protein DL546_005343 [Coniochaeta pulveracea],766,0.0091,non-degrader
RKU42290.1 H(+)-transporting V1 sector ATPase subunit H [Coniochaeta pulveracea],480,0.0091,non-degrader
"RKU41851.1 ER membrane protein DP1/Yop1, variant 3 [Coniochaeta pulveracea]",131,0.0091,non-degrader
RKU41696.1 DASH complex subunit dam1 [Coniochaeta pulveracea],216,0.0091,non-degrader
RKU41344.1 hypothetical protein DL546_004682 [Coniochaeta pulveracea],427,0.0091,non-degrader
RKU40901.1 hypothetical protein DL546_003463 [Coniochaeta pulveracea],571,0.0091,non-degrader
RKU40668.1 hypothetical protein DL546_002713 [Coniochaeta pulveracea],783,0.0091,non-degrader
RKU40611.1 hypothetical protein DL546_001902 [Coniochaeta pulveracea],476,0.0091,non-degrader
RKU40458.1 hypothetical protein DL546_001463 [Coniochaeta pulveracea],556,0.0091,non-degrader
RKU40119.1 hypothetical protein DL546_002014 [Coniochaeta pulveracea],237,0.0091,non-degrader
RKU39881.1 hypothetical protein DL546_001813 [Coniochaeta pulveracea],464,0.0091,non-degrader
RKU49530.1 hypothetical protein DL546_008950 [Coniochaeta pulveracea],648,0.009,non-degrader
RKU49517.1 hypothetical protein DL546_008834 [Coniochaeta pulveracea],266,0.009,non-degrader
RKU48832.1 hypothetical protein DL546_007204 [Coniochaeta pulveracea],526,0.009,non-degrader
RKU48529.1 hypothetical protein DL546_006908 [Coniochaeta pulveracea],336,0.009,non-degrader
RKU48217.1 hypothetical protein DL546_002546 [Coniochaeta pulveracea],379,0.009,non-degrader
RKU48122.1 Kynureninase (L-kynurenine hydrolase) [Coniochaeta pulveracea],467,0.009,non-degrader
RKU47450.1 hypothetical protein DL546_008975 [Coniochaeta pulveracea],1058,0.009,non-degrader
RKU47275.1 hypothetical protein DL546_009094 [Coniochaeta pulveracea],155,0.009,non-degrader
RKU47018.1 hypothetical protein DL546_008247 [Coniochaeta pulveracea],181,0.009,non-degrader
RKU47017.1 hypothetical protein DL546_008228 [Coniochaeta pulveracea],440,0.009,non-degrader
RKU46948.1 hypothetical protein DL546_005632 [Coniochaeta pulveracea],325,0.009,non-degrader
RKU46935.1 Type I Iterative Polyketide synthase (PKS) [Coniochaeta pulveracea],2552,0.009,non-degrader
"RKU46557.1 Ras GTPase ras2, variant 2 [Coniochaeta pulveracea]",181,0.009,non-degrader
RKU46466.1 hypothetical protein DL546_007677 [Coniochaeta pulveracea],572,0.009,non-degrader
RKU46356.1 hypothetical protein DL546_001954 [Coniochaeta pulveracea],556,0.009,non-degrader
RKU46310.1 Na+ ATPase [Coniochaeta pulveracea],1134,0.009,non-degrader
RKU46153.1 hypothetical protein DL546_007771 [Coniochaeta pulveracea],429,0.009,non-degrader
RKU46103.1 hypothetical protein DL546_005849 [Coniochaeta pulveracea],394,0.009,non-degrader
RKU46061.1 hypothetical protein DL546_003158 [Coniochaeta pulveracea],201,0.009,non-degrader
RKU46014.1 hypothetical protein DL546_008176 [Coniochaeta pulveracea],368,0.009,non-degrader
RKU45522.1 hypothetical protein DL546_003357 [Coniochaeta pulveracea],382,0.009,non-degrader
RKU44979.1 TRAPP subunit trs31 [Coniochaeta pulveracea],222,0.009,non-degrader
RKU44944.1 hypothetical protein DL546_005663 [Coniochaeta pulveracea],944,0.009,non-degrader
RKU44912.1 Protein rai1 [Coniochaeta pulveracea],375,0.009,non-degrader
RKU44890.1 hypothetical protein DL546_007616 [Coniochaeta pulveracea],119,0.009,non-degrader
RKU44889.1 hypothetical protein DL546_007579 [Coniochaeta pulveracea],345,0.009,non-degrader
RKU44856.1 Tubulin beta chain (Beta tubulin) [Coniochaeta pulveracea],447,0.009,non-degrader
RKU44762.1 hypothetical protein DL546_006122 [Coniochaeta pulveracea],988,0.009,non-degrader
RKU44660.1 hypothetical protein DL546_003114 [Coniochaeta pulveracea],370,0.009,non-degrader
RKU43993.1 acetylornithine aminotransferase [Coniochaeta pulveracea],473,0.009,non-degrader
RKU43788.1 hypothetical protein DL546_005082 [Coniochaeta pulveracea],897,0.009,non-degrader
RKU43711.1 Glucosaminyl phosphatidylinositol (GlcN-PI) nositol acylation protein [Coniochaeta pulveracea],502,0.009,non-degrader
RKU43421.1 hypothetical protein DL546_005098 [Coniochaeta pulveracea],681,0.009,non-degrader
RKU43091.1 hypothetical protein DL546_003234 [Coniochaeta pulveracea],872,0.009,non-degrader
RKU42521.1 hypothetical protein DL546_004059 [Coniochaeta pulveracea],396,0.009,non-degrader
RKU42388.1 hypothetical protein DL546_003672 [Coniochaeta pulveracea],941,0.009,non-degrader
RKU42108.1 heme peroxidase [Coniochaeta pulveracea],357,0.009,non-degrader
RKU42075.1 hypothetical protein DL546_004689 [Coniochaeta pulveracea],246,0.009,non-degrader
RKU41787.1 hypothetical protein DL546_005152 [Coniochaeta pulveracea],293,0.009,non-degrader
RKU41684.1 hypothetical protein DL546_000173 [Coniochaeta pulveracea],192,0.009,non-degrader
RKU41129.1 hypothetical protein DL546_004695 [Coniochaeta pulveracea],282,0.009,non-degrader
RKU40967.1 phosphomevalonate kinase [Coniochaeta pulveracea],466,0.009,non-degrader
RKU40826.1 Oligosaccharide translocation protein rft1 [Coniochaeta pulveracea],566,0.009,non-degrader
RKU40766.1 hypothetical protein DL546_002564 [Coniochaeta pulveracea],765,0.009,non-degrader
RKU40687.1 hypothetical protein DL546_000798 [Coniochaeta pulveracea],216,0.009,non-degrader
"RKU40238.1 Chitin synthase, class 3 [Coniochaeta pulveracea]",1238,0.009,non-degrader
RKU39937.1 Transcription initiation factor TFIID subunit 12 [Coniochaeta pulveracea],818,0.009,non-degrader
RKU39829.1 hypothetical protein DL546_000087 [Coniochaeta pulveracea],288,0.009,non-degrader
RKU49482.1 hypothetical protein DL546_008144 [Coniochaeta pulveracea],64,0.0089,non-degrader
RKU49465.1 Aflatoxin B1 aldehyde reductase member 2 [Coniochaeta pulveracea],328,0.0089,non-degrader
RKU49418.1 hypothetical protein DL546_006239 [Coniochaeta pulveracea],350,0.0089,non-degrader
RKU49362.1 hypothetical protein DL546_001182 [Coniochaeta pulveracea],689,0.0089,non-degrader
RKU49063.1 hypothetical protein DL546_002818 [Coniochaeta pulveracea],255,0.0089,non-degrader
RKU48953.1 hypothetical protein DL546_009386 [Coniochaeta pulveracea],224,0.0089,non-degrader
RKU48873.1 hypothetical protein DL546_008246 [Coniochaeta pulveracea],1132,0.0089,non-degrader
RKU48787.1 hypothetical protein DL546_005562 [Coniochaeta pulveracea],216,0.0089,non-degrader
RKU48675.1 Small ribosomal subunit bioproteinsis [Coniochaeta pulveracea],650,0.0089,non-degrader
RKU48458.1 hypothetical protein DL546_002442 [Coniochaeta pulveracea],1162,0.0089,non-degrader
RKU48230.1 Exopolygalacturonase [Coniochaeta pulveracea],452,0.0089,non-degrader
RKU48023.1 hypothetical protein DL546_007244 [Coniochaeta pulveracea],708,0.0089,non-degrader
RKU47932.1 hypothetical protein DL546_009392 [Coniochaeta pulveracea],341,0.0089,non-degrader
RKU47679.1 hypothetical protein DL546_009163 [Coniochaeta pulveracea],185,0.0089,non-degrader
RKU47328.1 hypothetical protein DL546_003735 [Coniochaeta pulveracea],458,0.0089,non-degrader
RKU47270.1 hypothetical protein DL546_009055 [Coniochaeta pulveracea],569,0.0089,non-degrader
RKU47124.1 hypothetical protein DL546_005120 [Coniochaeta pulveracea],431,0.0089,non-degrader
RKU46621.1 hypothetical protein DL546_007194 [Coniochaeta pulveracea],162,0.0089,non-degrader
RKU46189.1 hypothetical protein DL546_008708 [Coniochaeta pulveracea],120,0.0089,non-degrader
RKU46083.1 hypothetical protein DL546_004714 [Coniochaeta pulveracea],522,0.0089,non-degrader
RKU45989.1 methionyl-tRNA synthetase [Coniochaeta pulveracea],604,0.0089,non-degrader
RKU45919.1 hypothetical protein DL546_002070 [Coniochaeta pulveracea],255,0.0089,non-degrader
RKU45378.1 hypothetical protein DL546_003308 [Coniochaeta pulveracea],295,0.0089,non-degrader
RKU45344.1 T-complex protein 1 subunit beta [Coniochaeta pulveracea],530,0.0089,non-degrader
RKU45230.1 hypothetical protein DL546_001872 [Coniochaeta pulveracea],240,0.0089,non-degrader
RKU45216.1 pre-mRNA-splicing factor prp46 [Coniochaeta pulveracea],497,0.0089,non-degrader
RKU45055.1 hypothetical protein DL546_006799 [Coniochaeta pulveracea],648,0.0089,non-degrader
RKU45049.1 hypothetical protein DL546_006250 [Coniochaeta pulveracea],315,0.0089,non-degrader
RKU45008.1 hypothetical protein DL546_003179 [Coniochaeta pulveracea],543,0.0089,non-degrader
RKU44916.1 nucleoside diphosphate kinase [Coniochaeta pulveracea],251,0.0089,non-degrader
RKU44504.1 hypothetical protein DL546_005575 [Coniochaeta pulveracea],568,0.0089,non-degrader
RKU43881.1 hypothetical protein DL546_005328 [Coniochaeta pulveracea],191,0.0089,non-degrader
RKU43879.1 hypothetical protein DL546_005201 [Coniochaeta pulveracea],705,0.0089,non-degrader
RKU43666.1 hypothetical protein DL546_006416 [Coniochaeta pulveracea],551,0.0089,non-degrader
RKU43217.1 hypothetical protein DL546_000970 [Coniochaeta pulveracea],735,0.0089,non-degrader
RKU42818.1 hypothetical protein DL546_005871 [Coniochaeta pulveracea],451,0.0089,non-degrader
RKU42751.1 hypothetical protein DL546_005972 [Coniochaeta pulveracea],1198,0.0089,non-degrader
RKU42683.1 Adenylyl-sulfate kinase [Coniochaeta pulveracea],208,0.0089,non-degrader
RKU42088.1 hypothetical protein DL546_005473 [Coniochaeta pulveracea],416,0.0089,non-degrader
RKU41640.1 Triose-phosphate Transporter [Coniochaeta pulveracea],597,0.0089,non-degrader
RKU41177.1 hypothetical protein DL546_004595 [Coniochaeta pulveracea],884,0.0089,non-degrader
RKU41044.1 hypothetical protein DL546_003979 [Coniochaeta pulveracea],315,0.0089,non-degrader
RKU40938.1 hypothetical protein DL546_003098 [Coniochaeta pulveracea],1552,0.0089,non-degrader
RKU40740.1 hypothetical protein DL546_003435 [Coniochaeta pulveracea],630,0.0089,non-degrader
RKU40509.1 hypothetical protein DL546_000301 [Coniochaeta pulveracea],142,0.0089,non-degrader
RKU49631.1 Bifunctional acetohydroxyacid reductoisomerase [Coniochaeta pulveracea],352,0.0088,non-degrader
"RKU49580.1 ADP-ribosylation factor, Arf Arf6 [Coniochaeta pulveracea]",188,0.0088,non-degrader
RKU49450.1 autophagy protein 5 [Coniochaeta pulveracea],270,0.0088,non-degrader
RKU49433.1 aconitate hydratase [Coniochaeta pulveracea],838,0.0088,non-degrader
RKU49307.1 hypothetical protein DL546_009813 [Coniochaeta pulveracea],381,0.0088,non-degrader
RKU49030.1 hypothetical protein DL546_009755 [Coniochaeta pulveracea],717,0.0088,non-degrader
RKU49009.1 U2 snRNP complex subunit [Coniochaeta pulveracea],247,0.0088,non-degrader
RKU49004.1 hypothetical protein DL546_009664 [Coniochaeta pulveracea],166,0.0088,non-degrader
RKU48692.1 peroxisomal membrane protein pex14 [Coniochaeta pulveracea],372,0.0088,non-degrader
RKU47976.1 hypothetical protein DL546_004376 [Coniochaeta pulveracea],243,0.0088,non-degrader
RKU47854.1 cystathionine beta-synthase [Coniochaeta pulveracea],530,0.0088,non-degrader
RKU47812.1 hypothetical protein DL546_007604 [Coniochaeta pulveracea],78,0.0088,non-degrader
RKU47810.1 hypothetical protein DL546_007545 [Coniochaeta pulveracea],586,0.0088,non-degrader
RKU47565.1 hypothetical protein DL546_006926 [Coniochaeta pulveracea],248,0.0088,non-degrader
RKU47402.1 Karyopherin transporter [Coniochaeta pulveracea],1082,0.0088,non-degrader
RKU47351.1 chaperonin [Coniochaeta pulveracea],588,0.0088,non-degrader
"RKU47325.1 acetyl-CoA synthetase, variant 2 [Coniochaeta pulveracea]",520,0.0088,non-degrader
RKU46714.1 hypothetical protein DL546_009083 [Coniochaeta pulveracea],290,0.0088,non-degrader
RKU46210.1 hypothetical protein DL546_009909 [Coniochaeta pulveracea],533,0.0088,non-degrader
RKU46196.1 hypothetical protein DL546_000562 [Coniochaeta pulveracea],456,0.0088,non-degrader
RKU45869.1 hypothetical protein DL546_007894 [Coniochaeta pulveracea],212,0.0088,non-degrader
"RKU45516.1 serine protease, variant 2 [Coniochaeta pulveracea]",537,0.0088,non-degrader
RKU45515.1 serine protease [Coniochaeta pulveracea],537,0.0088,non-degrader
RKU45410.1 hypothetical protein DL546_005621 [Coniochaeta pulveracea],434,0.0088,non-degrader
RKU45336.1 hypothetical protein DL546_007796 [Coniochaeta pulveracea],927,0.0088,non-degrader
RKU45007.1 hypothetical protein DL546_002963 [Coniochaeta pulveracea],698,0.0088,non-degrader
RKU44974.1 porphobilinogen deaminase [Coniochaeta pulveracea],318,0.0088,non-degrader
RKU44631.1 hypothetical protein DL546_007315 [Coniochaeta pulveracea],521,0.0088,non-degrader
RKU44416.1 ESCRT-III subunit protein snf7 [Coniochaeta pulveracea],224,0.0088,non-degrader
RKU43827.1 hypothetical protein DL546_007122 [Coniochaeta pulveracea],418,0.0088,non-degrader
RKU43123.1 hypothetical protein DL546_006120 [Coniochaeta pulveracea],236,0.0088,non-degrader
RKU42626.1 hypothetical protein DL546_005953 [Coniochaeta pulveracea],503,0.0088,non-degrader
RKU42407.1 hypothetical protein DL546_005020 [Coniochaeta pulveracea],461,0.0088,non-degrader
RKU42246.1 hypothetical protein DL546_003279 [Coniochaeta pulveracea],692,0.0088,non-degrader
RKU42139.1 hypothetical protein DL546_005006 [Coniochaeta pulveracea],506,0.0088,non-degrader
RKU41750.1 hypothetical protein DL546_001299 [Coniochaeta pulveracea],443,0.0088,non-degrader
RKU41657.1 60S ribosomal protein L11 [Coniochaeta pulveracea],173,0.0088,non-degrader
RKU41317.1 hypothetical protein DL546_004449 [Coniochaeta pulveracea],225,0.0088,non-degrader
RKU40628.1 DNA-directed RNA polymerase I subunit RPA2 [Coniochaeta pulveracea],1838,0.0088,non-degrader
RKU40108.1 hypothetical protein DL546_000449 [Coniochaeta pulveracea],578,0.0088,non-degrader
RKU39981.1 hypothetical protein DL546_001754 [Coniochaeta pulveracea],908,0.0088,non-degrader
RKU39943.1 hypothetical protein DL546_001273 [Coniochaeta pulveracea],756,0.0088,non-degrader
RKU49452.1 hypothetical protein DL546_007583 [Coniochaeta pulveracea],349,0.0087,non-degrader
RKU49073.1 hypothetical protein DL546_003920 [Coniochaeta pulveracea],533,0.0087,non-degrader
RKU48988.1 hypothetical protein DL546_009607 [Coniochaeta pulveracea],1132,0.0087,non-degrader
RKU48893.1 hypothetical protein DL546_008635 [Coniochaeta pulveracea],272,0.0087,non-degrader
RKU48849.1 hypothetical protein DL546_007655 [Coniochaeta pulveracea],248,0.0087,non-degrader
RKU48509.1 hypothetical protein DL546_006220 [Coniochaeta pulveracea],393,0.0087,non-degrader
"RKU48481.1 Elongation factor G, mitochondrial [Coniochaeta pulveracea]",797,0.0087,non-degrader
RKU48262.1 hypothetical protein DL546_006058 [Coniochaeta pulveracea],623,0.0087,non-degrader
RKU48247.1 hypothetical protein DL546_005004 [Coniochaeta pulveracea],280,0.0087,non-degrader
RKU48042.1 cytoplasmic tRNA 2-thiolation protein 2 [Coniochaeta pulveracea],391,0.0087,non-degrader
RKU47823.1 hypothetical protein DL546_007847 [Coniochaeta pulveracea],275,0.0087,non-degrader
RKU47700.1 hypothetical protein DL546_009334 [Coniochaeta pulveracea],383,0.0087,non-degrader
RKU47529.1 hypothetical protein DL546_005383 [Coniochaeta pulveracea],816,0.0087,non-degrader
RKU47204.1 hypothetical protein DL546_008141 [Coniochaeta pulveracea],465,0.0087,non-degrader
RKU46671.1 hypothetical protein DL546_008345 [Coniochaeta pulveracea],1398,0.0087,non-degrader
RKU46561.1 Mitogen-activated protein kinase [Coniochaeta pulveracea],414,0.0087,non-degrader
RKU46136.1 cullin-3 [Coniochaeta pulveracea],840,0.0087,non-degrader
"RKU45666.1 Protein phosphatase 2C 2, variant 2 [Coniochaeta pulveracea]",335,0.0087,non-degrader
RKU45588.1 hypothetical protein DL546_007639 [Coniochaeta pulveracea],1097,0.0087,non-degrader
RKU44886.1 hypothetical protein DL546_007518 [Coniochaeta pulveracea],307,0.0087,non-degrader
RKU44767.1 acetyl-CoA hydrolase [Coniochaeta pulveracea],525,0.0087,non-degrader
RKU44621.1 hypothetical protein DL546_006965 [Coniochaeta pulveracea],359,0.0087,non-degrader
RKU44127.1 hypothetical protein DL546_003862 [Coniochaeta pulveracea],1360,0.0087,non-degrader
RKU43362.1 hypothetical protein DL546_006036 [Coniochaeta pulveracea],782,0.0087,non-degrader
RKU43083.1 hypothetical protein DL546_002425 [Coniochaeta pulveracea],1128,0.0087,non-degrader
RKU42902.1 hypothetical protein DL546_000799 [Coniochaeta pulveracea],516,0.0087,non-degrader
RKU42556.1 hypothetical protein DL546_006225 [Coniochaeta pulveracea],83,0.0087,non-degrader
RKU41926.1 hypothetical protein DL546_002203 [Coniochaeta pulveracea],415,0.0087,non-degrader
RKU41884.1 translation elongation factor Tu [Coniochaeta pulveracea],446,0.0087,non-degrader
RKU41733.1 hypothetical protein DL546_004921 [Coniochaeta pulveracea],495,0.0087,non-degrader
RKU41583.1 hypothetical protein DL546_004673 [Coniochaeta pulveracea],70,0.0087,non-degrader
RKU41329.1 Glucose-repressible alcohol dehydrogenase transcriptional effector [Coniochaeta pulveracea],781,0.0087,non-degrader
RKU41122.1 D-arabinose 1-dehydrogenase (NAD(P)(+)) [Coniochaeta pulveracea],689,0.0087,non-degrader
RKU40948.1 hypothetical protein DL546_001914 [Coniochaeta pulveracea],417,0.0087,non-degrader
RKU40686.1 hypothetical protein DL546_000650 [Coniochaeta pulveracea],202,0.0087,non-degrader
RKU40417.1 hypothetical protein DL546_001832 [Coniochaeta pulveracea],499,0.0087,non-degrader
RKU40364.1 hypothetical protein DL546_002021 [Coniochaeta pulveracea],624,0.0087,non-degrader
RKU40301.1 40S ribosomal protein S16 [Coniochaeta pulveracea],144,0.0087,non-degrader
RKU40248.1 hypothetical protein DL546_002345 [Coniochaeta pulveracea],60,0.0087,non-degrader
RKU49663.1 hypothetical protein DL546_009763 [Coniochaeta pulveracea],184,0.0086,non-degrader
RKU49147.1 hypothetical protein DL546_008226 [Coniochaeta pulveracea],401,0.0086,non-degrader
RKU48717.1 palmitoyltransferase pfa5 [Coniochaeta pulveracea],328,0.0086,non-degrader
RKU48537.1 hypothetical protein DL546_007124 [Coniochaeta pulveracea],474,0.0086,non-degrader
RKU48060.1 hypothetical protein DL546_008126 [Coniochaeta pulveracea],260,0.0086,non-degrader
RKU47887.1 transcription factor TFIIIC subunit tfc4 [Coniochaeta pulveracea],1078,0.0086,non-degrader
RKU47632.1 hypothetical protein DL546_008537 [Coniochaeta pulveracea],332,0.0086,non-degrader
RKU47520.1 hypothetical protein DL546_004699 [Coniochaeta pulveracea],341,0.0086,non-degrader
RKU47340.1 hypothetical protein DL546_004579 [Coniochaeta pulveracea],363,0.0086,non-degrader
RKU47142.1 hypothetical protein DL546_005986 [Coniochaeta pulveracea],346,0.0086,non-degrader
RKU47141.1 hypothetical protein DL546_005986 [Coniochaeta pulveracea],346,0.0086,non-degrader
RKU46620.1 Transketolase [Coniochaeta pulveracea],685,0.0086,non-degrader
RKU46611.1 hypothetical protein DL546_006834 [Coniochaeta pulveracea],624,0.0086,non-degrader
RKU46024.1 ribosomal RNA processing protein [Coniochaeta pulveracea],490,0.0086,non-degrader
RKU45874.1 AAA+-type ATPase [Coniochaeta pulveracea],728,0.0086,non-degrader
RKU45816.1 Pre-mRNA-splicing factor cwc26 [Coniochaeta pulveracea],340,0.0086,non-degrader
RKU45577.1 hypothetical protein DL546_007303 [Coniochaeta pulveracea],820,0.0086,non-degrader
"RKU45188.1 3',5'-cyclic-nucleotide phosphodiesterase pde1 [Coniochaeta pulveracea]",585,0.0086,non-degrader
RKU45031.1 CCR4-NOT regulatory complex component [Coniochaeta pulveracea],287,0.0086,non-degrader
RKU44855.1 hypothetical protein DL546_005999 [Coniochaeta pulveracea],567,0.0086,non-degrader
RKU44557.1 component of the polarisome [Coniochaeta pulveracea],1008,0.0086,non-degrader
RKU44449.1 putative rhomboid protease [Coniochaeta pulveracea],263,0.0086,non-degrader
RKU44262.1 Nucleosomal histone H3-Lys79 methylase [Coniochaeta pulveracea],509,0.0086,non-degrader
RKU43619.1 Type I Iterative Polyketide synthase (PKS) [Coniochaeta pulveracea],2097,0.0086,non-degrader
RKU43469.1 hypothetical protein DL546_001781 [Coniochaeta pulveracea],471,0.0086,non-degrader
RKU42987.1 Copper amine oxidase [Coniochaeta pulveracea],591,0.0086,non-degrader
RKU42742.1 hypothetical protein DL546_009920 [Coniochaeta pulveracea],262,0.0086,non-degrader
RKU42507.1 hypothetical protein DL546_002123 [Coniochaeta pulveracea],377,0.0086,non-degrader
RKU42330.1 hypothetical protein DL546_005103 [Coniochaeta pulveracea],376,0.0086,non-degrader
RKU42051.1 Quinate dehydrogenase [Coniochaeta pulveracea],240,0.0086,non-degrader
RKU41772.1 hypothetical protein DL546_003527 [Coniochaeta pulveracea],149,0.0086,non-degrader
RKU41382.1 hypothetical protein DL546_004125 [Coniochaeta pulveracea],682,0.0086,non-degrader
RKU40902.1 hypothetical protein DL546_003463 [Coniochaeta pulveracea],595,0.0086,non-degrader
RKU40721.1 hypothetical protein DL546_001022 [Coniochaeta pulveracea],570,0.0086,non-degrader
RKU40288.1 hypothetical protein DL546_001264 [Coniochaeta pulveracea],863,0.0086,non-degrader
RKU40214.1 hypothetical protein DL546_002639 [Coniochaeta pulveracea],188,0.0086,non-degrader
RKU40195.1 hypothetical protein DL546_002557 [Coniochaeta pulveracea],193,0.0086,non-degrader
RKU40072.1 Fluoride export protein [Coniochaeta pulveracea],550,0.0086,non-degrader
RKU39997.1 hypothetical protein DL546_001817 [Coniochaeta pulveracea],209,0.0086,non-degrader
RKU39837.1 hypothetical protein DL546_001219 [Coniochaeta pulveracea],413,0.0086,non-degrader
RKU39707.1 hypothetical protein DL546_000155 [Coniochaeta pulveracea],463,0.0086,non-degrader
RKU49422.1 hypothetical protein DL546_006587 [Coniochaeta pulveracea],155,0.0085,non-degrader
RKU49377.1 hypothetical protein DL546_002680 [Coniochaeta pulveracea],270,0.0085,non-degrader
RKU49324.1 hypothetical protein DL546_009845 [Coniochaeta pulveracea],439,0.0085,non-degrader
RKU49301.1 hypothetical protein DL546_009801 [Coniochaeta pulveracea],315,0.0085,non-degrader
RKU48872.1 hypothetical protein DL546_008238 [Coniochaeta pulveracea],275,0.0085,non-degrader
RKU48850.1 hypothetical protein DL546_007665 [Coniochaeta pulveracea],455,0.0085,non-degrader
RKU48637.1 hypothetical protein DL546_009108 [Coniochaeta pulveracea],123,0.0085,non-degrader
RKU48591.1 hypothetical protein DL546_008436 [Coniochaeta pulveracea],302,0.0085,non-degrader
RKU48402.1 hypothetical protein DL546_009472 [Coniochaeta pulveracea],472,0.0085,non-degrader
RKU48161.1 hypothetical protein DL546_009380 [Coniochaeta pulveracea],259,0.0085,non-degrader
RKU47962.1 hypothetical protein DL546_002893 [Coniochaeta pulveracea],360,0.0085,non-degrader
RKU47894.1 hypothetical protein DL546_008987 [Coniochaeta pulveracea],355,0.0085,non-degrader
RKU47891.1 cysteine protease [Coniochaeta pulveracea],858,0.0085,non-degrader
RKU47352.1 cofilin [Coniochaeta pulveracea],154,0.0085,non-degrader
RKU47255.1 hypothetical protein DL546_008884 [Coniochaeta pulveracea],1090,0.0085,non-degrader
RKU47227.1 hypothetical protein DL546_008460 [Coniochaeta pulveracea],484,0.0085,non-degrader
RKU46542.1 hypothetical protein DL546_001111 [Coniochaeta pulveracea],496,0.0085,non-degrader
RKU46348.1 hypothetical protein DL546_008729 [Coniochaeta pulveracea],566,0.0085,non-degrader
RKU46084.1 hypothetical protein DL546_004775 [Coniochaeta pulveracea],475,0.0085,non-degrader
"RKU45854.1 translation initiation factor eIF3 subunit g, variant 2 [Coniochaeta pulveracea]",328,0.0085,non-degrader
RKU45667.1 hypothetical protein DL546_004848 [Coniochaeta pulveracea],330,0.0085,non-degrader
RKU45495.1 hypothetical protein DL546_000479 [Coniochaeta pulveracea],497,0.0085,non-degrader
RKU45394.1 hypothetical protein DL546_004521 [Coniochaeta pulveracea],574,0.0085,non-degrader
"RKU45357.1 Malate synthase, glyoxysomal, variant 2 [Coniochaeta pulveracea]",576,0.0085,non-degrader
RKU45314.1 hypothetical protein DL546_007218 [Coniochaeta pulveracea],287,0.0085,non-degrader
RKU45012.1 hypothetical protein DL546_003492 [Coniochaeta pulveracea],394,0.0085,non-degrader
RKU44899.1 Transcription initiation factor TFIID subunit 5 [Coniochaeta pulveracea],758,0.0085,non-degrader
RKU44446.1 hypothetical protein DL546_000085 [Coniochaeta pulveracea],698,0.0085,non-degrader
RKU44418.1 putative aryl-alcohol dehydrogenase aad14 [Coniochaeta pulveracea],384,0.0085,non-degrader
RKU44118.1 hypothetical protein DL546_003069 [Coniochaeta pulveracea],361,0.0085,non-degrader
RKU43682.1 hypothetical protein DL546_000099 [Coniochaeta pulveracea],85,0.0085,non-degrader
RKU43595.1 3-dehydrosphinganine reductase [Coniochaeta pulveracea],355,0.0085,non-degrader
RKU43410.1 hypothetical protein DL546_003706 [Coniochaeta pulveracea],274,0.0085,non-degrader
RKU43140.1 hypothetical protein DL546_000759 [Coniochaeta pulveracea],512,0.0085,non-degrader
RKU43105.1 hypothetical protein DL546_004293 [Coniochaeta pulveracea],1389,0.0085,non-degrader
RKU42732.1 Uridine nucleosidase 1 [Coniochaeta pulveracea],388,0.0085,non-degrader
RKU42555.1 hypothetical protein DL546_006183 [Coniochaeta pulveracea],486,0.0085,non-degrader
RKU41893.1 Origin recognition complex subunit 2 [Coniochaeta pulveracea],578,0.0085,non-degrader
RKU41642.1 phosphogluconate dehydrogenase (decarboxylating) gnd1 [Coniochaeta pulveracea],492,0.0085,non-degrader
RKU41605.1 hypothetical protein DL546_001542 [Coniochaeta pulveracea],963,0.0085,non-degrader
RKU41203.1 hypothetical protein DL546_003123 [Coniochaeta pulveracea],452,0.0085,non-degrader
RKU40934.1 54S ribosomal protein L17 mitochondrial [Coniochaeta pulveracea],360,0.0085,non-degrader
RKU40743.1 glycogen synthase isoform 1 [Coniochaeta pulveracea],711,0.0085,non-degrader
RKU40131.1 hypothetical protein DL546_001176 [Coniochaeta pulveracea],209,0.0085,non-degrader
RKU39982.1 hypothetical protein DL546_001891 [Coniochaeta pulveracea],385,0.0085,non-degrader
RKU49160.1 hypothetical protein DL546_008485 [Coniochaeta pulveracea],185,0.0084,non-degrader
RKU48927.1 hypothetical protein DL546_009111 [Coniochaeta pulveracea],483,0.0084,non-degrader
RKU48923.1 hypothetical protein DL546_009068 [Coniochaeta pulveracea],592,0.0084,non-degrader
RKU48788.1 DNA-directed RNA polymerase core subunit rpc10 [Coniochaeta pulveracea],74,0.0084,non-degrader
RKU48622.1 hypothetical protein DL546_008881 [Coniochaeta pulveracea],415,0.0084,non-degrader
RKU48570.1 hypothetical protein DL546_008182 [Coniochaeta pulveracea],391,0.0084,non-degrader
RKU48453.1 hypothetical protein DL546_001974 [Coniochaeta pulveracea],756,0.0084,non-degrader
RKU48443.1 hypothetical protein DL546_001064 [Coniochaeta pulveracea],339,0.0084,non-degrader
RKU48259.1 ERAD-associated protein [Coniochaeta pulveracea],834,0.0084,non-degrader
RKU48138.1 hypothetical protein DL546_009183 [Coniochaeta pulveracea],636,0.0084,non-degrader
RKU48079.1 hypothetical protein DL546_008397 [Coniochaeta pulveracea],411,0.0084,non-degrader
RKU47888.1 Flap-structured DNA-binding and RNA-binding protein [Coniochaeta pulveracea],603,0.0084,non-degrader
RKU47871.1 hypothetical protein DL546_008702 [Coniochaeta pulveracea],646,0.0084,non-degrader
RKU47784.1 hypothetical protein DL546_006606 [Coniochaeta pulveracea],495,0.0084,non-degrader
RKU47561.1 hypothetical protein DL546_006846 [Coniochaeta pulveracea],393,0.0084,non-degrader
RKU47023.1 Scaffold-type E3 ligase [Coniochaeta pulveracea],348,0.0084,non-degrader
RKU46841.1 hypothetical protein DL546_008095 [Coniochaeta pulveracea],1351,0.0084,non-degrader
RKU46272.1 hypothetical protein DL546_006848 [Coniochaeta pulveracea],1534,0.0084,non-degrader
RKU46097.1 putative ATP-dependent RNA helicase dhr2 [Coniochaeta pulveracea],789,0.0084,non-degrader
RKU46021.1 hypothetical protein DL546_008290 [Coniochaeta pulveracea],637,0.0084,non-degrader
RKU45448.1 hypothetical protein DL546_007379 [Coniochaeta pulveracea],136,0.0084,non-degrader
RKU45298.1 phosphoribosylaminoimidazole carboxylase ade2 [Coniochaeta pulveracea],612,0.0084,non-degrader
RKU45083.1 S-glutathionyl-(chloro)hydroquinone reductase [Coniochaeta pulveracea],392,0.0084,non-degrader
RKU44971.1 hypothetical protein DL546_007054 [Coniochaeta pulveracea],134,0.0084,non-degrader
RKU44850.1 putative mitochondrial 2-oxoglutarate/malate carrier protein [Coniochaeta pulveracea],334,0.0084,non-degrader
RKU44656.1 hypothetical protein DL546_002687 [Coniochaeta pulveracea],351,0.0084,non-degrader
RKU44306.1 hypothetical protein DL546_004791 [Coniochaeta pulveracea],820,0.0084,non-degrader
RKU44274.1 hypothetical protein DL546_000987 [Coniochaeta pulveracea],448,0.0084,non-degrader
RKU44208.1 hypothetical protein DL546_002786 [Coniochaeta pulveracea],572,0.0084,non-degrader
RKU44154.1 delta 1-pyrroline-5-carboxylate reductase [Coniochaeta pulveracea],319,0.0084,non-degrader
RKU44146.1 hypothetical protein DL546_005121 [Coniochaeta pulveracea],373,0.0084,non-degrader
RKU44110.1 hypothetical protein DL546_002547 [Coniochaeta pulveracea],327,0.0084,non-degrader
"RKU44012.1 hypothetical protein DL546_007308, partial [Coniochaeta pulveracea]",124,0.0084,non-degrader
RKU43955.1 hypothetical protein DL546_003744 [Coniochaeta pulveracea],526,0.0084,non-degrader
RKU43700.1 Beta-mannosidase B [Coniochaeta pulveracea],847,0.0084,non-degrader
RKU43380.1 hypothetical protein DL546_000396 [Coniochaeta pulveracea],1174,0.0084,non-degrader
RKU42798.1 hypothetical protein DL546_004187 [Coniochaeta pulveracea],380,0.0084,non-degrader
RKU42680.1 hypothetical protein DL546_004899 [Coniochaeta pulveracea],1282,0.0084,non-degrader
RKU42478.1 hypothetical protein DL546_005530 [Coniochaeta pulveracea],205,0.0084,non-degrader
RKU41968.1 Transcription factor iws1 [Coniochaeta pulveracea],462,0.0084,non-degrader
RKU41818.1 hypothetical protein DL546_003840 [Coniochaeta pulveracea],291,0.0084,non-degrader
RKU41561.1 hypothetical protein DL546_003429 [Coniochaeta pulveracea],1027,0.0084,non-degrader
RKU41262.1 nuclear cap binding complex subunit [Coniochaeta pulveracea],187,0.0084,non-degrader
RKU40861.1 RIBULOSE-phosphate 3-epimerase [Coniochaeta pulveracea],182,0.0084,non-degrader
RKU40822.1 hypothetical protein DL546_002393 [Coniochaeta pulveracea],795,0.0084,non-degrader
RKU40808.1 hypothetical protein DL546_003444 [Coniochaeta pulveracea],365,0.0084,non-degrader
RKU40764.1 Protein O-mannosyltransferase 2 [Coniochaeta pulveracea],745,0.0084,non-degrader
RKU40141.1 hypothetical protein DL546_002117 [Coniochaeta pulveracea],239,0.0084,non-degrader
RKU40055.1 putative protein serine/threonine kinase [Coniochaeta pulveracea],751,0.0084,non-degrader
RKU39912.1 hypothetical protein DL546_001764 [Coniochaeta pulveracea],449,0.0084,non-degrader
RKU49591.1 hypothetical protein DL546_009459 [Coniochaeta pulveracea],416,0.0083,non-degrader
RKU48729.1 hypothetical protein DL546_009733 [Coniochaeta pulveracea],927,0.0083,non-degrader
RKU48555.1 hypothetical protein DL546_007901 [Coniochaeta pulveracea],216,0.0083,non-degrader
RKU48506.1 hypothetical protein DL546_006023 [Coniochaeta pulveracea],1100,0.0083,non-degrader
RKU48449.1 hypothetical protein DL546_001590 [Coniochaeta pulveracea],558,0.0083,non-degrader
RKU48347.1 hypothetical protein DL546_008728 [Coniochaeta pulveracea],250,0.0083,non-degrader
RKU47952.1 Copper Transporter integral membrane protein that functions in high affinity copper transport [Coniochaeta pulveracea],208,0.0083,non-degrader
RKU47902.1 hypothetical protein DL546_009086 [Coniochaeta pulveracea],1202,0.0083,non-degrader
RKU47537.1 U4/U6 small nuclear ribonucleoprotein prp4 [Coniochaeta pulveracea],831,0.0083,non-degrader
RKU47530.1 hypothetical protein DL546_005383 [Coniochaeta pulveracea],1052,0.0083,non-degrader
RKU47388.1 hypothetical protein DL546_007216 [Coniochaeta pulveracea],929,0.0083,non-degrader
RKU47238.1 accessory factor associated with RNA polymerase II [Coniochaeta pulveracea],403,0.0083,non-degrader
RKU47066.1 hypothetical protein DL546_009025 [Coniochaeta pulveracea],558,0.0083,non-degrader
RKU47038.1 hypothetical protein DL546_008624 [Coniochaeta pulveracea],469,0.0083,non-degrader
RKU46976.1 alcohol dehydrogenase [Coniochaeta pulveracea],442,0.0083,non-degrader
RKU46954.1 hypothetical protein DL546_005971 [Coniochaeta pulveracea],267,0.0083,non-degrader
RKU46708.1 hypothetical protein DL546_009018 [Coniochaeta pulveracea],588,0.0083,non-degrader
RKU45984.1 hypothetical protein DL546_007127 [Coniochaeta pulveracea],231,0.0083,non-degrader
RKU45928.1 hypothetical protein DL546_003400 [Coniochaeta pulveracea],250,0.0083,non-degrader
RKU45713.1 hypothetical protein DL546_007532 [Coniochaeta pulveracea],177,0.0083,non-degrader
"RKU45618.1 Iron-sulfur clusters transporter atm1, mitochondrial [Coniochaeta pulveracea]",730,0.0083,non-degrader
RKU45484.1 hypothetical protein DL546_008277 [Coniochaeta pulveracea],692,0.0083,non-degrader
RKU45168.1 hypothetical protein DL546_006397 [Coniochaeta pulveracea],531,0.0083,non-degrader
RKU45156.1 vacuolar protein sorting-associated protein 45 [Coniochaeta pulveracea],594,0.0083,non-degrader
RKU45149.1 hypothetical protein DL546_005495 [Coniochaeta pulveracea],417,0.0083,non-degrader
RKU44921.1 hypothetical protein DL546_003563 [Coniochaeta pulveracea],259,0.0083,non-degrader
RKU43937.1 hypothetical protein DL546_002149 [Coniochaeta pulveracea],418,0.0083,non-degrader
RKU43103.1 hypothetical protein DL546_004121 [Coniochaeta pulveracea],270,0.0083,non-degrader
RKU43053.1 hypothetical protein DL546_006251 [Coniochaeta pulveracea],1491,0.0083,non-degrader
RKU42937.1 hypothetical protein DL546_004424 [Coniochaeta pulveracea],125,0.0083,non-degrader
RKU42895.1 hypothetical protein DL546_006351 [Coniochaeta pulveracea],321,0.0083,non-degrader
RKU42885.1 eukaryotic translation initiation factor 3 subunit A [Coniochaeta pulveracea],1016,0.0083,non-degrader
"RKU42848.1 Tryptophan--tRNA ligase, mitochondrial [Coniochaeta pulveracea]",373,0.0083,non-degrader
RKU42813.1 hypothetical protein DL546_005419 [Coniochaeta pulveracea],1142,0.0083,non-degrader
RKU42700.1 hypothetical protein DL546_006227 [Coniochaeta pulveracea],245,0.0083,non-degrader
RKU42629.1 hypothetical protein DL546_006050 [Coniochaeta pulveracea],471,0.0083,non-degrader
RKU42591.1 hypothetical protein DL546_004131 [Coniochaeta pulveracea],124,0.0083,non-degrader
RKU41974.1 hypothetical protein DL546_001075 [Coniochaeta pulveracea],159,0.0083,non-degrader
RKU41092.1 hypothetical protein DL546_000104 [Coniochaeta pulveracea],341,0.0083,non-degrader
RKU40804.1 hypothetical protein DL546_003274 [Coniochaeta pulveracea],85,0.0083,non-degrader
RKU40336.1 hypothetical protein DL546_001857 [Coniochaeta pulveracea],386,0.0083,non-degrader
RKU40271.1 hypothetical protein DL546_002329 [Coniochaeta pulveracea],265,0.0083,non-degrader
RKU49514.1 Peptidyl-prolyl cis-trans isomerase cyp6 [Coniochaeta pulveracea],490,0.0082,non-degrader
"RKU49262.1 NADH dehydrogenase [ubiquinone] flavoprotein 1, mitochondrial [Coniochaeta pulveracea]",496,0.0082,non-degrader
RKU49201.1 Cyclin-dependent kinase catalytic subunit [Coniochaeta pulveracea],322,0.0082,non-degrader
RKU48869.1 hypothetical protein DL546_008164 [Coniochaeta pulveracea],332,0.0082,non-degrader
RKU48839.1 hypothetical protein DL546_007377 [Coniochaeta pulveracea],578,0.0082,non-degrader
RKU48800.1 hypothetical protein DL546_006107 [Coniochaeta pulveracea],546,0.0082,non-degrader
RKU48725.1 hypothetical protein DL546_009705 [Coniochaeta pulveracea],1776,0.0082,non-degrader
RKU48655.1 hypothetical protein DL546_009337 [Coniochaeta pulveracea],425,0.0082,non-degrader
RKU48477.1 hypothetical protein DL546_004102 [Coniochaeta pulveracea],125,0.0082,non-degrader
RKU48321.1 hypothetical protein DL546_008231 [Coniochaeta pulveracea],221,0.0082,non-degrader
RKU48130.1 Increased rDNA silencing protein [Coniochaeta pulveracea],724,0.0082,non-degrader
RKU47579.1 hypothetical protein DL546_007460 [Coniochaeta pulveracea],396,0.0082,non-degrader
RKU47559.1 hypothetical protein DL546_006748 [Coniochaeta pulveracea],1200,0.0082,non-degrader
RKU47488.1 DNA replication protein psf2 [Coniochaeta pulveracea],252,0.0082,non-degrader
RKU47189.1 DEAH-box ATP-dependent RNA helicase prp22 [Coniochaeta pulveracea],1199,0.0082,non-degrader
RKU47166.1 hypothetical protein DL546_007137 [Coniochaeta pulveracea],537,0.0082,non-degrader
RKU47118.1 hypothetical protein DL546_004746 [Coniochaeta pulveracea],496,0.0082,non-degrader
RKU47113.1 mitochondrial fusion and transport protein ugo1 [Coniochaeta pulveracea],495,0.0082,non-degrader
RKU47061.1 hypothetical protein DL546_008923 [Coniochaeta pulveracea],284,0.0082,non-degrader
RKU46896.1 hypothetical protein DL546_000769 [Coniochaeta pulveracea],390,0.0082,non-degrader
"RKU46851.1 hypothetical protein DL546_008383, partial [Coniochaeta pulveracea]",671,0.0082,non-degrader
RKU46691.1 FACT complex subunit spt16 [Coniochaeta pulveracea],1028,0.0082,non-degrader
RKU46367.1 hypothetical protein DL546_003134 [Coniochaeta pulveracea],394,0.0082,non-degrader
RKU46116.1 hypothetical protein DL546_006708 [Coniochaeta pulveracea],262,0.0082,non-degrader
RKU45850.1 hypothetical protein DL546_007396 [Coniochaeta pulveracea],302,0.0082,non-degrader
RKU45664.1 hypothetical protein DL546_004732 [Coniochaeta pulveracea],615,0.0082,non-degrader
RKU45555.1 hypothetical protein DL546_006165 [Coniochaeta pulveracea],415,0.0082,non-degrader
RKU45550.1 hypothetical protein DL546_005846 [Coniochaeta pulveracea],418,0.0082,non-degrader
RKU45323.1 hypothetical protein DL546_007465 [Coniochaeta pulveracea],414,0.0082,non-degrader
RKU45251.1 UDP-N-acetylglucosamine transporter [Coniochaeta pulveracea],429,0.0082,non-degrader
RKU45203.1 Protein kinase C signaling pathway involved MAPKK protein [Coniochaeta pulveracea],521,0.0082,non-degrader
RKU44826.1 hypothetical protein DL546_002766 [Coniochaeta pulveracea],539,0.0082,non-degrader
RKU44564.1 hypothetical protein DL546_002899 [Coniochaeta pulveracea],559,0.0082,non-degrader
RKU44516.1 hypothetical protein DL546_006356 [Coniochaeta pulveracea],360,0.0082,non-degrader
RKU44256.1 rRNA bioproteinsis protein rrp5 [Coniochaeta pulveracea],1771,0.0082,non-degrader
RKU44243.1 hypothetical protein DL546_006452 [Coniochaeta pulveracea],333,0.0082,non-degrader
RKU44027.1 hypothetical protein DL546_004510 [Coniochaeta pulveracea],455,0.0082,non-degrader
RKU43446.1 factor activating pos9 [Coniochaeta pulveracea],174,0.0082,non-degrader
RKU43369.1 hypothetical protein DL546_006371 [Coniochaeta pulveracea],512,0.0082,non-degrader
RKU43163.1 hypothetical protein DL546_003544 [Coniochaeta pulveracea],542,0.0082,non-degrader
RKU43126.1 hypothetical protein DL546_006222 [Coniochaeta pulveracea],556,0.0082,non-degrader
RKU43018.1 hypothetical protein DL546_003897 [Coniochaeta pulveracea],157,0.0082,non-degrader
"RKU42882.1 Serine/threonine-protein phosphatase pp1, variant 2 [Coniochaeta pulveracea]",323,0.0082,non-degrader
RKU42778.1 hypothetical protein DL546_002331 [Coniochaeta pulveracea],406,0.0082,non-degrader
RKU42538.1 hypothetical protein DL546_005236 [Coniochaeta pulveracea],316,0.0082,non-degrader
RKU42396.1 hypothetical protein DL546_004425 [Coniochaeta pulveracea],535,0.0082,non-degrader
RKU42136.1 hypothetical protein DL546_004749 [Coniochaeta pulveracea],273,0.0082,non-degrader
RKU41977.1 hypothetical protein DL546_001413 [Coniochaeta pulveracea],368,0.0082,non-degrader
RKU41813.1 serine/threonine-protein kinase TOR1 [Coniochaeta pulveracea],2459,0.0082,non-degrader
RKU41714.1 hypothetical protein DL546_003545 [Coniochaeta pulveracea],982,0.0082,non-degrader
RKU41709.1 2-oxoglutarate dehydrogenase complex E2 component [Coniochaeta pulveracea],339,0.0082,non-degrader
RKU40893.1 hypothetical protein DL546_002839 [Coniochaeta pulveracea],376,0.0082,non-degrader
RKU40875.1 hypothetical protein DL546_000719 [Coniochaeta pulveracea],869,0.0082,non-degrader
RKU40780.1 tRNA methyltransferase ppm2 [Coniochaeta pulveracea],915,0.0082,non-degrader
RKU40653.1 hypothetical protein DL546_001131 [Coniochaeta pulveracea],998,0.0082,non-degrader
RKU40604.1 hypothetical protein DL546_001274 [Coniochaeta pulveracea],500,0.0082,non-degrader
RKU40525.1 hypothetical protein DL546_002978 [Coniochaeta pulveracea],434,0.0082,non-degrader
RKU40415.1 hypothetical protein DL546_001678 [Coniochaeta pulveracea],306,0.0082,non-degrader
RKU40406.1 hypothetical protein DL546_000497 [Coniochaeta pulveracea],444,0.0082,non-degrader
RKU40084.1 CTP synthase ura7 [Coniochaeta pulveracea],581,0.0082,non-degrader
RKU40036.1 3-oxo-5a-steroid 4-dehydrogenase [Coniochaeta pulveracea],226,0.0082,non-degrader
RKU39962.1 hypothetical protein DL546_001951 [Coniochaeta pulveracea],585,0.0082,non-degrader
RKU49672.1 hypothetical protein DL546_009782 [Coniochaeta pulveracea],283,0.0081,non-degrader
RKU49412.1 E2 SUMO-conjugating protein ubc9 [Coniochaeta pulveracea],157,0.0081,non-degrader
RKU48681.1 hypothetical protein DL546_009474 [Coniochaeta pulveracea],1292,0.0081,non-degrader
RKU48581.1 splicing factor [Coniochaeta pulveracea],303,0.0081,non-degrader
"RKU48516.1 NAD-dependent malic enzyme, mitochondrial [Coniochaeta pulveracea]",585,0.0081,non-degrader
RKU48275.1 hypothetical protein DL546_006779 [Coniochaeta pulveracea],531,0.0081,non-degrader
RKU47944.1 hypothetical protein DL546_001027 [Coniochaeta pulveracea],344,0.0081,non-degrader
RKU47809.1 hypothetical protein DL546_007521 [Coniochaeta pulveracea],553,0.0081,non-degrader
"RKU47616.1 MAPK protein hog1, variant 3 [Coniochaeta pulveracea]",333,0.0081,non-degrader
RKU47458.1 hypothetical protein DL546_009157 [Coniochaeta pulveracea],884,0.0081,non-degrader
RKU46968.1 hypothetical protein DL546_006659 [Coniochaeta pulveracea],629,0.0081,non-degrader
RKU46934.1 hypothetical protein DL546_004396 [Coniochaeta pulveracea],119,0.0081,non-degrader
RKU46734.1 hypothetical protein DL546_002604 [Coniochaeta pulveracea],196,0.0081,non-degrader
RKU46605.1 Vesicle trafficking between the ER and Golgi [Coniochaeta pulveracea],715,0.0081,non-degrader
RKU46583.1 60S ribosomal protein L30 [Coniochaeta pulveracea],109,0.0081,non-degrader
RKU46365.1 hypothetical protein DL546_002900 [Coniochaeta pulveracea],563,0.0081,non-degrader
RKU46221.1 Glycosyl phosphatidyl inositol anchor synthesis [Coniochaeta pulveracea],987,0.0081,non-degrader
RKU46195.1 hypothetical protein DL546_008770 [Coniochaeta pulveracea],558,0.0081,non-degrader
RKU46065.1 hypothetical protein DL546_003554 [Coniochaeta pulveracea],519,0.0081,non-degrader
RKU46038.1 hypothetical protein DL546_000245 [Coniochaeta pulveracea],225,0.0081,non-degrader
RKU45953.1 hypothetical protein DL546_004915 [Coniochaeta pulveracea],591,0.0081,non-degrader
RKU45727.1 polar growth protein [Coniochaeta pulveracea],978,0.0081,non-degrader
RKU45264.1 hypothetical protein DL546_004781 [Coniochaeta pulveracea],886,0.0081,non-degrader
RKU45226.1 hypothetical protein DL546_001467 [Coniochaeta pulveracea],483,0.0081,non-degrader
RKU45221.1 hypothetical protein DL546_000967 [Coniochaeta pulveracea],473,0.0081,non-degrader
RKU45088.1 hypothetical protein DL546_007889 [Coniochaeta pulveracea],2284,0.0081,non-degrader
RKU45064.1 hypothetical protein DL546_007134 [Coniochaeta pulveracea],720,0.0081,non-degrader
RKU44453.1 hypothetical protein DL546_000938 [Coniochaeta pulveracea],240,0.0081,non-degrader
RKU44400.1 Transcription elongation factor spt6 [Coniochaeta pulveracea],1413,0.0081,non-degrader
RKU44362.1 hypothetical protein DL546_001410 [Coniochaeta pulveracea],181,0.0081,non-degrader
RKU43926.1 hypothetical protein DL546_001070 [Coniochaeta pulveracea],95,0.0081,non-degrader
RKU43858.1 hypothetical protein DL546_003518 [Coniochaeta pulveracea],303,0.0081,non-degrader
RKU43528.1 hypothetical protein DL546_006556 [Coniochaeta pulveracea],559,0.0081,non-degrader
RKU43024.1 hypothetical protein DL546_004524 [Coniochaeta pulveracea],733,0.0081,non-degrader
RKU42998.1 hypothetical protein DL546_002190 [Coniochaeta pulveracea],310,0.0081,non-degrader
RKU42502.1 hypothetical protein DL546_001681 [Coniochaeta pulveracea],506,0.0081,non-degrader
RKU42382.1 hypothetical protein DL546_003255 [Coniochaeta pulveracea],662,0.0081,non-degrader
RKU42319.1 hypothetical protein DL546_004011 [Coniochaeta pulveracea],363,0.0081,non-degrader
RKU42199.1 hypothetical protein DL546_004619 [Coniochaeta pulveracea],89,0.0081,non-degrader
RKU41669.1 hypothetical protein DL546_004486 [Coniochaeta pulveracea],506,0.0081,non-degrader
RKU41346.1 hypothetical protein DL546_004914 [Coniochaeta pulveracea],288,0.0081,non-degrader
RKU41246.1 hypothetical protein DL546_002695 [Coniochaeta pulveracea],983,0.0081,non-degrader
RKU40784.1 hypothetical protein DL546_001092 [Coniochaeta pulveracea],455,0.0081,non-degrader
RKU40430.1 hypothetical protein DL546_002110 [Coniochaeta pulveracea],596,0.0081,non-degrader
RKU40375.1 hypothetical protein DL546_000198 [Coniochaeta pulveracea],300,0.0081,non-degrader
RKU40083.1 DNA-directed DNA polymerase alpha subunit pol12 [Coniochaeta pulveracea],680,0.0081,non-degrader
RKU40033.1 hypothetical protein DL546_001735 [Coniochaeta pulveracea],466,0.0081,non-degrader
RKU49429.1 hypothetical protein DL546_006747 [Coniochaeta pulveracea],796,0.008,non-degrader
RKU49129.1 hypothetical protein DL546_007772 [Coniochaeta pulveracea],467,0.008,non-degrader
RKU49108.1 hypothetical protein DL546_006711 [Coniochaeta pulveracea],261,0.008,non-degrader
RKU48805.1 hypothetical protein DL546_006347 [Coniochaeta pulveracea],360,0.008,non-degrader
RKU48701.1 hypothetical protein DL546_009576 [Coniochaeta pulveracea],370,0.008,non-degrader
RKU48573.1 translocase of the inner membrane [Coniochaeta pulveracea],154,0.008,non-degrader
RKU48380.1 hypothetical protein DL546_009158 [Coniochaeta pulveracea],141,0.008,non-degrader
RKU48366.1 hypothetical protein DL546_008976 [Coniochaeta pulveracea],232,0.008,non-degrader
RKU47875.1 hypothetical protein DL546_008750 [Coniochaeta pulveracea],129,0.008,non-degrader
RKU47813.1 hypothetical protein DL546_007610 [Coniochaeta pulveracea],334,0.008,non-degrader
RKU47777.1 hypothetical protein DL546_006320 [Coniochaeta pulveracea],375,0.008,non-degrader
RKU47691.1 Rho GTPase [Coniochaeta pulveracea],201,0.008,non-degrader
RKU47635.1 hypothetical protein DL546_008591 [Coniochaeta pulveracea],547,0.008,non-degrader
RKU47563.1 hypothetical protein DL546_006892 [Coniochaeta pulveracea],326,0.008,non-degrader
RKU46953.1 hypothetical protein DL546_005926 [Coniochaeta pulveracea],377,0.008,non-degrader
RKU46947.1 hypothetical protein DL546_005577 [Coniochaeta pulveracea],339,0.008,non-degrader
RKU46834.1 hypothetical protein DL546_007972 [Coniochaeta pulveracea],186,0.008,non-degrader
RKU46821.1 hypothetical protein DL546_007748 [Coniochaeta pulveracea],844,0.008,non-degrader
RKU46597.1 hypothetical protein DL546_006064 [Coniochaeta pulveracea],704,0.008,non-degrader
RKU46040.1 hypothetical protein DL546_000382 [Coniochaeta pulveracea],493,0.008,non-degrader
RKU45996.1 hypothetical protein DL546_007540 [Coniochaeta pulveracea],316,0.008,non-degrader
RKU45534.1 hypothetical protein DL546_004366 [Coniochaeta pulveracea],540,0.008,non-degrader
RKU45201.1 hypothetical protein DL546_008017 [Coniochaeta pulveracea],310,0.008,non-degrader
RKU45129.1 hypothetical protein DL546_004096 [Coniochaeta pulveracea],134,0.008,non-degrader
RKU45017.1 hypothetical protein DL546_003894 [Coniochaeta pulveracea],1565,0.008,non-degrader
RKU44978.1 hypothetical protein DL546_007283 [Coniochaeta pulveracea],1355,0.008,non-degrader
RKU44225.1 hypothetical protein DL546_005337 [Coniochaeta pulveracea],301,0.008,non-degrader
RKU44053.1 hypothetical protein DL546_005910 [Coniochaeta pulveracea],456,0.008,non-degrader
RKU44030.1 ammonium transporter Amt1 [Coniochaeta pulveracea],483,0.008,non-degrader
RKU43943.1 hypothetical protein DL546_002664 [Coniochaeta pulveracea],250,0.008,non-degrader
RKU43757.1 hypothetical protein DL546_006449 [Coniochaeta pulveracea],538,0.008,non-degrader
RKU43577.1 hypothetical protein DL546_005007 [Coniochaeta pulveracea],672,0.008,non-degrader
"RKU43336.1 putative oxidoreductase bli-4, mitochondrial, variant 2 [Coniochaeta pulveracea]",326,0.008,non-degrader
RKU43139.1 hypothetical protein DL546_000651 [Coniochaeta pulveracea],505,0.008,non-degrader
RKU43051.1 hypothetical protein DL546_006147 [Coniochaeta pulveracea],619,0.008,non-degrader
RKU42659.1 Histone acetyltransferase complex subunit [Coniochaeta pulveracea],468,0.008,non-degrader
RKU42280.1 hypothetical protein DL546_005888 [Coniochaeta pulveracea],885,0.008,non-degrader
RKU41985.1 hypothetical protein DL546_002168 [Coniochaeta pulveracea],640,0.008,non-degrader
RKU41699.1 Vacuolar protease A [Coniochaeta pulveracea],398,0.008,non-degrader
RKU41655.1 hypothetical protein DL546_002868 [Coniochaeta pulveracea],98,0.008,non-degrader
RKU41566.1 hypothetical protein DL546_003765 [Coniochaeta pulveracea],836,0.008,non-degrader
RKU41368.1 hypothetical protein DL546_003093 [Coniochaeta pulveracea],286,0.008,non-degrader
RKU41245.1 hypothetical protein DL546_002695 [Coniochaeta pulveracea],983,0.008,non-degrader
RKU40992.1 hypothetical protein DL546_003088 [Coniochaeta pulveracea],748,0.008,non-degrader
RKU40763.1 hypothetical protein DL546_001827 [Coniochaeta pulveracea],404,0.008,non-degrader
RKU40759.1 40S ribosomal protein S25 [Coniochaeta pulveracea],98,0.008,non-degrader
RKU40519.1 hypothetical protein DL546_002153 [Coniochaeta pulveracea],505,0.008,non-degrader
RKU40374.1 hypothetical protein DL546_003061 [Coniochaeta pulveracea],330,0.008,non-degrader
"RKU40056.1 hypothetical protein DL546_002366, partial [Coniochaeta pulveracea]",136,0.008,non-degrader
RKU49677.1 Ribosomal RNA-processing protein 7 [Coniochaeta pulveracea],318,0.0079,non-degrader
RKU49437.1 Cell death protease [Coniochaeta pulveracea],639,0.0079,non-degrader
RKU49228.1 hypothetical protein DL546_009328 [Coniochaeta pulveracea],344,0.0079,non-degrader
RKU49169.1 hypothetical protein DL546_008634 [Coniochaeta pulveracea],435,0.0079,non-degrader
RKU49094.1 hypothetical protein DL546_005917 [Coniochaeta pulveracea],425,0.0079,non-degrader
RKU48919.1 hypothetical protein DL546_009010 [Coniochaeta pulveracea],657,0.0079,non-degrader
RKU48765.1 Serine/threonine-protein kinase [Coniochaeta pulveracea],653,0.0079,non-degrader
RKU48721.1 hypothetical protein DL546_009687 [Coniochaeta pulveracea],692,0.0079,non-degrader
RKU48688.1 hypothetical protein DL546_009516 [Coniochaeta pulveracea],407,0.0079,non-degrader
RKU48032.1 hypothetical protein DL546_007569 [Coniochaeta pulveracea],249,0.0079,non-degrader
RKU47961.1 hypothetical protein DL546_002831 [Coniochaeta pulveracea],176,0.0079,non-degrader
RKU47315.1 hypothetical protein DL546_002578 [Coniochaeta pulveracea],69,0.0079,non-degrader
RKU47137.1 Multifunctional pyrimidine synthesis protein CAD [Coniochaeta pulveracea],458,0.0079,non-degrader
RKU46852.1 ATP-dependent DNA helicase II subunit 1 [Coniochaeta pulveracea],658,0.0079,non-degrader
RKU46750.1 hypothetical protein DL546_004248 [Coniochaeta pulveracea],218,0.0079,non-degrader
RKU46682.1 hypothetical protein DL546_008577 [Coniochaeta pulveracea],363,0.0079,non-degrader
RKU46635.1 hypothetical protein DL546_007606 [Coniochaeta pulveracea],378,0.0079,non-degrader
RKU46604.1 hypothetical protein DL546_006450 [Coniochaeta pulveracea],1412,0.0079,non-degrader
RKU46261.1 hypothetical protein DL546_006420 [Coniochaeta pulveracea],344,0.0079,non-degrader
RKU45765.1 hypothetical protein DL546_000464 [Coniochaeta pulveracea],414,0.0079,non-degrader
RKU45231.1 hypothetical protein DL546_001919 [Coniochaeta pulveracea],1029,0.0079,non-degrader
RKU45150.1 hypothetical protein DL546_005576 [Coniochaeta pulveracea],624,0.0079,non-degrader
"RKU45022.1 regulator of ime2, variant 2 [Coniochaeta pulveracea]",394,0.0079,non-degrader
RKU44955.1 hypothetical protein DL546_006417 [Coniochaeta pulveracea],389,0.0079,non-degrader
RKU44599.1 hypothetical protein DL546_005976 [Coniochaeta pulveracea],486,0.0079,non-degrader
RKU44565.1 HOG (high osmolarity glycerol) pathway protein [Coniochaeta pulveracea],456,0.0079,non-degrader
RKU44522.1 kinase-regulated stress-responsive transcription factor skn7 [Coniochaeta pulveracea],201,0.0079,non-degrader
RKU44510.1 hypothetical protein DL546_005918 [Coniochaeta pulveracea],329,0.0079,non-degrader
RKU43256.1 hypothetical protein DL546_004598 [Coniochaeta pulveracea],358,0.0079,non-degrader
RKU43228.1 hypothetical protein DL546_002267 [Coniochaeta pulveracea],64,0.0079,non-degrader
RKU43013.1 hypothetical protein DL546_003397 [Coniochaeta pulveracea],220,0.0079,non-degrader
RKU42836.1 hypothetical protein DL546_009919 [Coniochaeta pulveracea],596,0.0079,non-degrader
RKU42785.1 hypothetical protein DL546_003145 [Coniochaeta pulveracea],291,0.0079,non-degrader
RKU42539.1 hypothetical protein DL546_005277 [Coniochaeta pulveracea],537,0.0079,non-degrader
RKU42497.1 hypothetical protein DL546_001065 [Coniochaeta pulveracea],375,0.0079,non-degrader
RKU42281.1 hypothetical protein DL546_000183 [Coniochaeta pulveracea],443,0.0079,non-degrader
RKU42213.1 hypothetical protein DL546_005853 [Coniochaeta pulveracea],488,0.0079,non-degrader
RKU42205.1 hypothetical protein DL546_005187 [Coniochaeta pulveracea],427,0.0079,non-degrader
RKU41962.1 hypothetical protein DL546_005351 [Coniochaeta pulveracea],831,0.0079,non-degrader
RKU41950.1 hypothetical protein DL546_005404 [Coniochaeta pulveracea],273,0.0079,non-degrader
RKU41663.1 hypothetical protein DL546_003585 [Coniochaeta pulveracea],672,0.0079,non-degrader
RKU41600.1 Ribosome bioproteinsis protein erb1 [Coniochaeta pulveracea],800,0.0079,non-degrader
RKU41309.1 hypothetical protein DL546_003855 [Coniochaeta pulveracea],307,0.0079,non-degrader
RKU41079.1 hypothetical protein DL546_003517 [Coniochaeta pulveracea],443,0.0079,non-degrader
RKU40908.1 hypothetical protein DL546_004078 [Coniochaeta pulveracea],495,0.0079,non-degrader
RKU40881.1 hypothetical protein DL546_001559 [Coniochaeta pulveracea],1122,0.0079,non-degrader
RKU40761.1 hypothetical protein DL546_001457 [Coniochaeta pulveracea],247,0.0079,non-degrader
RKU40752.1 alpha-tubulin [Coniochaeta pulveracea],450,0.0079,non-degrader
RKU40563.1 Type I HSP40 co-chaperone [Coniochaeta pulveracea],421,0.0079,non-degrader
RKU40403.1 hypothetical protein DL546_000136 [Coniochaeta pulveracea],689,0.0079,non-degrader
"RKU40338.1 PAB-dependent poly(A)-specific ribonuclease subunit 3, variant 2 [Coniochaeta pulveracea]",640,0.0079,non-degrader
RKU49632.1 hypothetical protein DL546_009640 [Coniochaeta pulveracea],379,0.0078,non-degrader
RKU49110.1 hypothetical protein DL546_007039 [Coniochaeta pulveracea],497,0.0078,non-degrader
RKU49053.1 L-ornithine N(5)-monooxygenase [Coniochaeta pulveracea],534,0.0078,non-degrader
RKU48954.1 Ras GTPase [Coniochaeta pulveracea],213,0.0078,non-degrader
"RKU48808.1 Transmembrane nucleoporin, variant 2 [Coniochaeta pulveracea]",307,0.0078,non-degrader
RKU48755.1 hypothetical protein DL546_002683 [Coniochaeta pulveracea],437,0.0078,non-degrader
RKU48119.1 hypothetical protein DL546_008991 [Coniochaeta pulveracea],323,0.0078,non-degrader
RKU48107.1 ESCRT-III subunit protein did4 [Coniochaeta pulveracea],223,0.0078,non-degrader
RKU47272.1 hypothetical protein DL546_009055 [Coniochaeta pulveracea],416,0.0078,non-degrader
RKU47234.1 hypothetical protein DL546_008625 [Coniochaeta pulveracea],291,0.0078,non-degrader
RKU46967.1 hypothetical protein DL546_006631 [Coniochaeta pulveracea],440,0.0078,non-degrader
RKU46907.1 N-acetylglucosaminyl-phosphatidylinositol de-N-acetylase [Coniochaeta pulveracea],293,0.0078,non-degrader
RKU45906.1 hypothetical protein DL546_000148 [Coniochaeta pulveracea],573,0.0078,non-degrader
RKU45891.1 hypothetical protein DL546_008369 [Coniochaeta pulveracea],264,0.0078,non-degrader
RKU45813.1 hypothetical protein DL546_005919 [Coniochaeta pulveracea],738,0.0078,non-degrader
RKU45582.1 Polynucleotide 5'-hydroxyl-kinase grc3 [Coniochaeta pulveracea],739,0.0078,non-degrader
RKU45452.1 hypothetical protein DL546_007555 [Coniochaeta pulveracea],358,0.0078,non-degrader
RKU45225.1 Mitochondrial glycine transporter [Coniochaeta pulveracea],335,0.0078,non-degrader
RKU45093.1 hypothetical protein DL546_000790 [Coniochaeta pulveracea],634,0.0078,non-degrader
RKU44991.1 hypothetical protein DL546_007635 [Coniochaeta pulveracea],388,0.0078,non-degrader
RKU44973.1 hypothetical protein DL546_007145 [Coniochaeta pulveracea],153,0.0078,non-degrader
RKU44837.1 hypothetical protein DL546_004529 [Coniochaeta pulveracea],347,0.0078,non-degrader
RKU44778.1 hypothetical protein DL546_006882 [Coniochaeta pulveracea],438,0.0078,non-degrader
RKU44685.1 hypothetical protein DL546_005054 [Coniochaeta pulveracea],223,0.0078,non-degrader
RKU44617.1 peptide-N4-(N-acetyl-beta-glucosaminyl)asparagine amidase [Coniochaeta pulveracea],477,0.0078,non-degrader
RKU44555.1 hypothetical protein DL546_001900 [Coniochaeta pulveracea],336,0.0078,non-degrader
RKU44098.1 hypothetical protein DL546_001289 [Coniochaeta pulveracea],427,0.0078,non-degrader
RKU43768.1 hypothetical protein DL546_003147 [Coniochaeta pulveracea],797,0.0078,non-degrader
RKU43718.1 hypothetical protein DL546_004163 [Coniochaeta pulveracea],535,0.0078,non-degrader
RKU43715.1 hypothetical protein DL546_003965 [Coniochaeta pulveracea],638,0.0078,non-degrader
RKU43489.1 hypothetical protein DL546_003582 [Coniochaeta pulveracea],286,0.0078,non-degrader
RKU43297.1 RAM signaling network component [Coniochaeta pulveracea],991,0.0078,non-degrader
RKU43067.1 hypothetical protein DL546_000924 [Coniochaeta pulveracea],490,0.0078,non-degrader
RKU43021.1 hypothetical protein DL546_004227 [Coniochaeta pulveracea],579,0.0078,non-degrader
RKU42744.1 hypothetical protein DL546_005318 [Coniochaeta pulveracea],285,0.0078,non-degrader
RKU42589.1 hypothetical protein DL546_003952 [Coniochaeta pulveracea],811,0.0078,non-degrader
RKU42180.1 hypothetical protein DL546_002999 [Coniochaeta pulveracea],913,0.0078,non-degrader
RKU41983.1 hypothetical protein DL546_002009 [Coniochaeta pulveracea],225,0.0078,non-degrader
RKU41717.1 hypothetical protein DL546_003813 [Coniochaeta pulveracea],266,0.0078,non-degrader
RKU41554.1 hypothetical protein DL546_002729 [Coniochaeta pulveracea],1470,0.0078,non-degrader
RKU41380.1 Histidine kinase [Coniochaeta pulveracea],1066,0.0078,non-degrader
RKU41257.1 hypothetical protein DL546_003905 [Coniochaeta pulveracea],714,0.0078,non-degrader
RKU41202.1 hypothetical protein DL546_003123 [Coniochaeta pulveracea],504,0.0078,non-degrader
RKU41127.1 hypothetical protein DL546_004443 [Coniochaeta pulveracea],1445,0.0078,non-degrader
RKU40724.1 hypothetical protein DL546_001625 [Coniochaeta pulveracea],543,0.0078,non-degrader
RKU40316.1 NuA4 histone H4 acetyltransferase complex and the SWR1 complex subunit [Coniochaeta pulveracea],261,0.0078,non-degrader
RKU40284.1 hypothetical protein DL546_000635 [Coniochaeta pulveracea],165,0.0078,non-degrader
RKU40161.1 hypothetical protein DL546_002229 [Coniochaeta pulveracea],440,0.0078,non-degrader
RKU40099.1 hypothetical protein DL546_000526 [Coniochaeta pulveracea],598,0.0078,non-degrader
RKU49585.1 phosphatidylinositol-binding protein scs2 [Coniochaeta pulveracea],304,0.0077,non-degrader
RKU49490.1 hypothetical protein DL546_008336 [Coniochaeta pulveracea],458,0.0077,non-degrader
RKU49076.1 hypothetical protein DL546_004183 [Coniochaeta pulveracea],582,0.0077,non-degrader
RKU49072.1 hypothetical protein DL546_003842 [Coniochaeta pulveracea],522,0.0077,non-degrader
RKU48830.1 purine-cytosine permease [Coniochaeta pulveracea],502,0.0077,non-degrader
RKU48827.1 hypothetical protein DL546_007021 [Coniochaeta pulveracea],421,0.0077,non-degrader
RKU48661.1 hypothetical protein DL546_009375 [Coniochaeta pulveracea],831,0.0077,non-degrader
RKU48584.1 E2 ubiquitin-conjugating protein mms2 [Coniochaeta pulveracea],159,0.0077,non-degrader
RKU48371.1 hypothetical protein DL546_009044 [Coniochaeta pulveracea],199,0.0077,non-degrader
RKU48364.1 COP9 signalosome (CSN) subunit [Coniochaeta pulveracea],453,0.0077,non-degrader
RKU48323.1 hypothetical protein DL546_008255 [Coniochaeta pulveracea],302,0.0077,non-degrader
RKU48179.1 hypothetical protein DL546_009462 [Coniochaeta pulveracea],659,0.0077,non-degrader
RKU48178.1 hypothetical protein DL546_009457 [Coniochaeta pulveracea],520,0.0077,non-degrader
RKU48150.1 [4Fe-4S] proteins maturation [Coniochaeta pulveracea],250,0.0077,non-degrader
RKU47941.1 hypothetical protein DL546_000628 [Coniochaeta pulveracea],243,0.0077,non-degrader
RKU47816.1 hypothetical protein DL546_007668 [Coniochaeta pulveracea],577,0.0077,non-degrader
RKU47759.1 hypothetical protein DL546_005211 [Coniochaeta pulveracea],270,0.0077,non-degrader
RKU47695.1 hypothetical protein DL546_009295 [Coniochaeta pulveracea],457,0.0077,non-degrader
RKU47508.1 Ribosomal protein lysine methyltransferase [Coniochaeta pulveracea],302,0.0077,non-degrader
RKU47299.1 hypothetical protein DL546_009360 [Coniochaeta pulveracea],932,0.0077,non-degrader
RKU47046.1 hypothetical protein DL546_008725 [Coniochaeta pulveracea],365,0.0077,non-degrader
RKU46914.1 hypothetical protein DL546_002875 [Coniochaeta pulveracea],1318,0.0077,non-degrader
RKU46860.1 hypothetical protein DL546_008521 [Coniochaeta pulveracea],611,0.0077,non-degrader
RKU46632.1 hypothetical protein DL546_007475 [Coniochaeta pulveracea],157,0.0077,non-degrader
RKU46598.1 hypothetical protein DL546_006118 [Coniochaeta pulveracea],127,0.0077,non-degrader
RKU46424.1 hypothetical protein DL546_006247 [Coniochaeta pulveracea],555,0.0077,non-degrader
RKU45829.1 hypothetical protein DL546_006704 [Coniochaeta pulveracea],408,0.0077,non-degrader
RKU45142.1 enolase-phosphatase E1 [Coniochaeta pulveracea],212,0.0077,non-degrader
RKU45138.1 hypothetical protein DL546_004683 [Coniochaeta pulveracea],544,0.0077,non-degrader
RKU45076.1 hypothetical protein DL546_007486 [Coniochaeta pulveracea],747,0.0077,non-degrader
RKU44864.1 hypothetical protein DL546_006569 [Coniochaeta pulveracea],450,0.0077,non-degrader
RKU44809.1 hypothetical protein DL546_000757 [Coniochaeta pulveracea],393,0.0077,non-degrader
RKU44531.1 hypothetical protein DL546_007136 [Coniochaeta pulveracea],410,0.0077,non-degrader
RKU44319.1 transaldolase [Coniochaeta pulveracea],324,0.0077,non-degrader
RKU44214.1 hypothetical protein DL546_003455 [Coniochaeta pulveracea],1271,0.0077,non-degrader
RKU43905.1 hypothetical protein DL546_006781 [Coniochaeta pulveracea],87,0.0077,non-degrader
RKU43784.1 hypothetical protein DL546_004820 [Coniochaeta pulveracea],960,0.0077,non-degrader
RKU43265.1 arginase [Coniochaeta pulveracea],352,0.0077,non-degrader
RKU42907.1 hypothetical protein DL546_001792 [Coniochaeta pulveracea],761,0.0077,non-degrader
RKU42881.1 Serine/threonine-protein phosphatase pp1 [Coniochaeta pulveracea],238,0.0077,non-degrader
RKU42870.1 hypothetical protein DL546_004828 [Coniochaeta pulveracea],309,0.0077,non-degrader
RKU42654.1 hypothetical protein DL546_002756 [Coniochaeta pulveracea],461,0.0077,non-degrader
RKU42358.1 hypothetical protein DL546_000469 [Coniochaeta pulveracea],542,0.0077,non-degrader
RKU42225.1 hypothetical protein DL546_001277 [Coniochaeta pulveracea],801,0.0077,non-degrader
RKU42087.1 L-threo-3-deoxy-hexylosonate aldolase [Coniochaeta pulveracea],326,0.0077,non-degrader
RKU42068.1 hypothetical protein DL546_003841 [Coniochaeta pulveracea],151,0.0077,non-degrader
RKU42040.1 hypothetical protein DL546_000673 [Coniochaeta pulveracea],254,0.0077,non-degrader
RKU41904.1 hypothetical protein DL546_005014 [Coniochaeta pulveracea],469,0.0077,non-degrader
RKU41442.1 hypothetical protein DL546_001454 [Coniochaeta pulveracea],403,0.0077,non-degrader
RKU41299.1 hypothetical protein DL546_002754 [Coniochaeta pulveracea],631,0.0077,non-degrader
"RKU41243.1 delta subunit of the central stalk of mitochondrial F1F0 ATP synthase, atp16 [Coniochaeta pulveracea]",165,0.0077,non-degrader
RKU41220.1 hypothetical protein DL546_004543 [Coniochaeta pulveracea],398,0.0077,non-degrader
RKU41167.1 60S acidic ribosomal protein P2 [Coniochaeta pulveracea],111,0.0077,non-degrader
RKU40726.1 Ubiquitin-conjugating enzyme E2 7 [Coniochaeta pulveracea],165,0.0077,non-degrader
RKU40244.1 hypothetical protein DL546_001773 [Coniochaeta pulveracea],1012,0.0077,non-degrader
RKU40229.1 hypothetical protein DL546_002383 [Coniochaeta pulveracea],1197,0.0077,non-degrader
RKU49344.1 hypothetical protein DL546_009882 [Coniochaeta pulveracea],367,0.0076,non-degrader
RKU49327.1 hypothetical protein DL546_009849 [Coniochaeta pulveracea],131,0.0076,non-degrader
RKU49191.1 hypothetical protein DL546_008898 [Coniochaeta pulveracea],233,0.0076,non-degrader
RKU49175.1 hypothetical protein DL546_008731 [Coniochaeta pulveracea],280,0.0076,non-degrader
RKU49156.1 hypothetical protein DL546_008378 [Coniochaeta pulveracea],361,0.0076,non-degrader
RKU49152.1 hypothetical protein DL546_008307 [Coniochaeta pulveracea],468,0.0076,non-degrader
RKU48348.1 L-arabinitol 4-dehydrogenase [Coniochaeta pulveracea],296,0.0076,non-degrader
RKU48095.1 hypothetical protein DL546_008626 [Coniochaeta pulveracea],1738,0.0076,non-degrader
RKU47750.1 hypothetical protein DL546_004277 [Coniochaeta pulveracea],708,0.0076,non-degrader
RKU47590.1 hypothetical protein DL546_007711 [Coniochaeta pulveracea],372,0.0076,non-degrader
RKU47533.1 hypothetical protein DL546_005579 [Coniochaeta pulveracea],99,0.0076,non-degrader
RKU47532.1 hypothetical protein DL546_005494 [Coniochaeta pulveracea],414,0.0076,non-degrader
RKU47377.1 hypothetical protein DL546_006744 [Coniochaeta pulveracea],823,0.0076,non-degrader
RKU47241.1 hypothetical protein DL546_008709 [Coniochaeta pulveracea],355,0.0076,non-degrader
RKU46946.1 hypothetical protein DL546_005522 [Coniochaeta pulveracea],235,0.0076,non-degrader
RKU46656.1 hypothetical protein DL546_008085 [Coniochaeta pulveracea],591,0.0076,non-degrader
RKU46475.1 hypothetical protein DL546_007909 [Coniochaeta pulveracea],608,0.0076,non-degrader
RKU46260.1 Signal peptidase complex catalytic subunit [Coniochaeta pulveracea],172,0.0076,non-degrader
RKU46207.1 hypothetical protein DL546_001869 [Coniochaeta pulveracea],738,0.0076,non-degrader
RKU46119.1 hypothetical protein DL546_006782 [Coniochaeta pulveracea],530,0.0076,non-degrader
RKU45822.1 hypothetical protein DL546_006353 [Coniochaeta pulveracea],389,0.0076,non-degrader
RKU45563.1 hypothetical protein DL546_006604 [Coniochaeta pulveracea],520,0.0076,non-degrader
RKU45561.1 hypothetical protein DL546_006480 [Coniochaeta pulveracea],566,0.0076,non-degrader
RKU45477.1 Negative regulator of mitotic exit [Coniochaeta pulveracea],1507,0.0076,non-degrader
RKU45468.1 hypothetical protein DL546_007918 [Coniochaeta pulveracea],492,0.0076,non-degrader
RKU45436.1 hypothetical protein DL546_006769 [Coniochaeta pulveracea],588,0.0076,non-degrader
RKU45371.1 hypothetical protein DL546_002493 [Coniochaeta pulveracea],730,0.0076,non-degrader
RKU45254.1 hypothetical protein DL546_003822 [Coniochaeta pulveracea],2097,0.0076,non-degrader
RKU45113.1 GTP-binding protein gtr1 [Coniochaeta pulveracea],288,0.0076,non-degrader
RKU44956.1 hypothetical protein DL546_006455 [Coniochaeta pulveracea],550,0.0076,non-degrader
RKU44672.1 Amino-acid permease inda1 [Coniochaeta pulveracea],577,0.0076,non-degrader
RKU44595.1 isoleucine-tRNA ligase [Coniochaeta pulveracea],961,0.0076,non-degrader
RKU44570.1 transcription factor IIA subunit alpha [Coniochaeta pulveracea],460,0.0076,non-degrader
RKU44360.1 hypothetical protein DL546_000926 [Coniochaeta pulveracea],1936,0.0076,non-degrader
RKU43857.1 pkb-activating kinase-like protein [Coniochaeta pulveracea],864,0.0076,non-degrader
RKU43829.1 Rho GTPase [Coniochaeta pulveracea],290,0.0076,non-degrader
RKU43796.1 hypothetical protein DL546_005693 [Coniochaeta pulveracea],747,0.0076,non-degrader
RKU42453.1 DNA-directed RNA polymerase II core subunit [Coniochaeta pulveracea],106,0.0076,non-degrader
RKU42449.1 hypothetical protein DL546_003189 [Coniochaeta pulveracea],510,0.0076,non-degrader
RKU42445.1 hypothetical protein DL546_002752 [Coniochaeta pulveracea],427,0.0076,non-degrader
RKU42104.1 methionine adenosyltransferase sam2 [Coniochaeta pulveracea],346,0.0076,non-degrader
RKU41740.1 RNA-splicing factor [Coniochaeta pulveracea],174,0.0076,non-degrader
RKU41710.1 hypothetical protein DL546_003167 [Coniochaeta pulveracea],459,0.0076,non-degrader
RKU41654.1 hypothetical protein DL546_002868 [Coniochaeta pulveracea],85,0.0076,non-degrader
RKU41386.1 cell division control protein [Coniochaeta pulveracea],337,0.0076,non-degrader
RKU41293.1 hypothetical protein DL546_002401 [Coniochaeta pulveracea],445,0.0076,non-degrader
RKU41287.1 hypothetical protein DL546_001602 [Coniochaeta pulveracea],330,0.0076,non-degrader
RKU41216.1 hypothetical protein DL546_004145 [Coniochaeta pulveracea],418,0.0076,non-degrader
RKU41163.1 hypothetical protein DL546_003608 [Coniochaeta pulveracea],137,0.0076,non-degrader
RKU41049.1 dual specificity protein kinase kns1 [Coniochaeta pulveracea],778,0.0076,non-degrader
RKU40716.1 hypothetical protein DL546_000508 [Coniochaeta pulveracea],371,0.0076,non-degrader
RKU40575.1 hypothetical protein DL546_001926 [Coniochaeta pulveracea],531,0.0076,non-degrader
RKU40531.1 Ras-related protein rsr1 [Coniochaeta pulveracea],222,0.0076,non-degrader
RKU40352.1 hypothetical protein DL546_000821 [Coniochaeta pulveracea],396,0.0076,non-degrader
"RKU39779.1 hypothetical protein DL546_000005, partial [Coniochaeta pulveracea]",124,0.0076,non-degrader
RKU49702.1 40s ribosomal protein L44e [Coniochaeta pulveracea],106,0.0075,non-degrader
RKU49427.1 hypothetical protein DL546_006696 [Coniochaeta pulveracea],256,0.0075,non-degrader
RKU49304.1 hypothetical protein DL546_009806 [Coniochaeta pulveracea],365,0.0075,non-degrader
RKU49245.1 hypothetical protein DL546_009614 [Coniochaeta pulveracea],295,0.0075,non-degrader
RKU49215.1 hypothetical protein DL546_009220 [Coniochaeta pulveracea],693,0.0075,non-degrader
RKU49183.1 hypothetical protein DL546_008822 [Coniochaeta pulveracea],326,0.0075,non-degrader
RKU49162.1 hypothetical protein DL546_008511 [Coniochaeta pulveracea],360,0.0075,non-degrader
RKU49033.1 hypothetical protein DL546_009760 [Coniochaeta pulveracea],383,0.0075,non-degrader
RKU48644.1 autophagy-related protein 13 [Coniochaeta pulveracea],970,0.0075,non-degrader
RKU48263.1 hypothetical protein DL546_006058 [Coniochaeta pulveracea],492,0.0075,non-degrader
RKU48190.1 hypothetical protein DL546_009529 [Coniochaeta pulveracea],1220,0.0075,non-degrader
RKU48177.1 hypothetical protein DL546_009450 [Coniochaeta pulveracea],740,0.0075,non-degrader
RKU48099.1 hypothetical protein DL546_008715 [Coniochaeta pulveracea],222,0.0075,non-degrader
RKU47837.1 hypothetical protein DL546_008079 [Coniochaeta pulveracea],422,0.0075,non-degrader
RKU47747.1 Mitochondrial succinate-fumarate transporter [Coniochaeta pulveracea],323,0.0075,non-degrader
RKU47663.1 hypothetical protein DL546_008974 [Coniochaeta pulveracea],965,0.0075,non-degrader
RKU47657.1 hypothetical protein DL546_008917 [Coniochaeta pulveracea],388,0.0075,non-degrader
RKU47647.1 AP-3 complex subunit beta [Coniochaeta pulveracea],788,0.0075,non-degrader
RKU47504.1 3-isopropylmalate dehydratase [Coniochaeta pulveracea],785,0.0075,non-degrader
RKU47323.1 Replication factor C (RF-C) subunit [Coniochaeta pulveracea],352,0.0075,non-degrader
RKU47316.1 hypothetical protein DL546_002618 [Coniochaeta pulveracea],621,0.0075,non-degrader
RKU47048.1 hypothetical protein DL546_008740 [Coniochaeta pulveracea],1094,0.0075,non-degrader
RKU47047.1 hypothetical protein DL546_008740 [Coniochaeta pulveracea],1191,0.0075,non-degrader
RKU46998.1 hypothetical protein DL546_007737 [Coniochaeta pulveracea],243,0.0075,non-degrader
RKU46662.1 hypothetical protein DL546_008203 [Coniochaeta pulveracea],511,0.0075,non-degrader
RKU46619.1 hypothetical protein DL546_007121 [Coniochaeta pulveracea],425,0.0075,non-degrader
RKU46504.1 hypothetical protein DL546_008488 [Coniochaeta pulveracea],506,0.0075,non-degrader
RKU46352.1 hypothetical protein DL546_001670 [Coniochaeta pulveracea],237,0.0075,non-degrader
RKU46177.1 hypothetical protein DL546_008467 [Coniochaeta pulveracea],635,0.0075,non-degrader
RKU46094.1 hypothetical protein DL546_005290 [Coniochaeta pulveracea],595,0.0075,non-degrader
RKU46013.1 hypothetical protein DL546_008139 [Coniochaeta pulveracea],681,0.0075,non-degrader
RKU45838.1 hypothetical protein DL546_007001 [Coniochaeta pulveracea],390,0.0075,non-degrader
RKU45812.1 hypothetical protein DL546_005919 [Coniochaeta pulveracea],805,0.0075,non-degrader
RKU45593.1 hypothetical protein DL546_007766 [Coniochaeta pulveracea],234,0.0075,non-degrader
RKU45585.1 Aureobasidin resistance protein Aur1 [Coniochaeta pulveracea],482,0.0075,non-degrader
RKU45153.1 hypothetical protein DL546_005763 [Coniochaeta pulveracea],206,0.0075,non-degrader
RKU45136.1 AP-1 complex subunit mu-1-Iike [Coniochaeta pulveracea],424,0.0075,non-degrader
RKU45021.1 regulator of ime2 [Coniochaeta pulveracea],315,0.0075,non-degrader
RKU44992.1 hypothetical protein DL546_007651 [Coniochaeta pulveracea],372,0.0075,non-degrader
RKU44711.1 hypothetical protein DL546_006701 [Coniochaeta pulveracea],312,0.0075,non-degrader
RKU44277.1 hypothetical protein DL546_001373 [Coniochaeta pulveracea],199,0.0075,non-degrader
RKU44263.1 hypothetical protein DL546_007372 [Coniochaeta pulveracea],872,0.0075,non-degrader
RKU44237.1 hypothetical protein DL546_006111 [Coniochaeta pulveracea],808,0.0075,non-degrader
RKU44165.1 NADH:ubiquinone oxidoreductase [Coniochaeta pulveracea],586,0.0075,non-degrader
RKU44157.1 alpha subunit of pyruvate dehydrogenase [Coniochaeta pulveracea],411,0.0075,non-degrader
RKU44130.1 hypothetical protein DL546_004173 [Coniochaeta pulveracea],204,0.0075,non-degrader
RKU43944.1 Vacuolar morphoproteinsis protein 6 [Coniochaeta pulveracea],1078,0.0075,non-degrader
RKU43862.1 hypothetical protein DL546_003859 [Coniochaeta pulveracea],576,0.0075,non-degrader
RKU43847.1 hypothetical protein DL546_002233 [Coniochaeta pulveracea],315,0.0075,non-degrader
RKU43468.1 hypothetical protein DL546_001781 [Coniochaeta pulveracea],520,0.0075,non-degrader
RKU43428.1 hypothetical protein DL546_005508 [Coniochaeta pulveracea],661,0.0075,non-degrader
RKU43167.1 hypothetical protein DL546_003902 [Coniochaeta pulveracea],341,0.0075,non-degrader
RKU43089.1 hypothetical protein DL546_003109 [Coniochaeta pulveracea],520,0.0075,non-degrader
"RKU43059.1 hypothetical protein DL546_006588, partial [Coniochaeta pulveracea]",342,0.0075,non-degrader
RKU43043.1 SNF1-interacting protein [Coniochaeta pulveracea],918,0.0075,non-degrader
RKU43016.1 hypothetical protein DL546_003830 [Coniochaeta pulveracea],551,0.0075,non-degrader
RKU42777.1 diacylglycerol O-acyltransferase 1 [Coniochaeta pulveracea],464,0.0075,non-degrader
RKU42750.1 hypothetical protein DL546_005876 [Coniochaeta pulveracea],874,0.0075,non-degrader
RKU42512.1 hypothetical protein DL546_002501 [Coniochaeta pulveracea],662,0.0075,non-degrader
RKU42473.1 hypothetical protein DL546_005219 [Coniochaeta pulveracea],338,0.0075,non-degrader
RKU42042.1 hypothetical protein DL546_000914 [Coniochaeta pulveracea],381,0.0075,non-degrader
RKU42010.1 hypothetical protein DL546_004249 [Coniochaeta pulveracea],560,0.0075,non-degrader
RKU41961.1 hypothetical protein DL546_005298 [Coniochaeta pulveracea],251,0.0075,non-degrader
RKU41580.1 hypothetical protein DL546_004457 [Coniochaeta pulveracea],161,0.0075,non-degrader
RKU41562.1 hypothetical protein DL546_003556 [Coniochaeta pulveracea],528,0.0075,non-degrader
RKU41509.1 Transcription factor spt20 [Coniochaeta pulveracea],1001,0.0075,non-degrader
RKU41345.1 hypothetical protein DL546_004742 [Coniochaeta pulveracea],1867,0.0075,non-degrader
RKU41289.1 hypothetical protein DL546_001809 [Coniochaeta pulveracea],306,0.0075,non-degrader
RKU41034.1 nuclease [Coniochaeta pulveracea],342,0.0075,non-degrader
RKU41022.1 hypothetical protein DL546_001961 [Coniochaeta pulveracea],289,0.0075,non-degrader
RKU40727.1 hypothetical protein DL546_002015 [Coniochaeta pulveracea],637,0.0075,non-degrader
RKU40439.1 syntaxin [Coniochaeta pulveracea],428,0.0075,non-degrader
RKU40373.1 hypothetical protein DL546_003103 [Coniochaeta pulveracea],481,0.0075,non-degrader
"RKU40070.1 DNA ligase (ATP), variant 3 [Coniochaeta pulveracea]",932,0.0075,non-degrader
RKU40068.1 DNA ligase (ATP) [Coniochaeta pulveracea],932,0.0075,non-degrader
"RKU49629.1 Chitin synthase, class 2, variant 2 [Coniochaeta pulveracea]",925,0.0074,non-degrader
RKU49583.1 cyclin-dependent protein kinase [Coniochaeta pulveracea],422,0.0074,non-degrader
RKU49038.1 Late Golgi vesicles protein [Coniochaeta pulveracea],131,0.0074,non-degrader
RKU49013.1 hypothetical protein DL546_009702 [Coniochaeta pulveracea],389,0.0074,non-degrader
RKU48865.1 hypothetical protein DL546_008105 [Coniochaeta pulveracea],518,0.0074,non-degrader
RKU48818.1 hypothetical protein DL546_006762 [Coniochaeta pulveracea],369,0.0074,non-degrader
RKU48619.1 hypothetical protein DL546_008861 [Coniochaeta pulveracea],160,0.0074,non-degrader
"RKU48465.1 Chk1 protein kinase, variant 2 [Coniochaeta pulveracea]",550,0.0074,non-degrader
RKU48377.1 hypothetical protein DL546_009122 [Coniochaeta pulveracea],562,0.0074,non-degrader
RKU47790.1 hypothetical protein DL546_006819 [Coniochaeta pulveracea],526,0.0074,non-degrader
RKU47702.1 hypothetical protein DL546_009369 [Coniochaeta pulveracea],151,0.0074,non-degrader
RKU47225.1 hypothetical protein DL546_008451 [Coniochaeta pulveracea],65,0.0074,non-degrader
RKU47183.1 G4 quadruplex nucleic acid binding protein [Coniochaeta pulveracea],443,0.0074,non-degrader
RKU46988.1 hypothetical protein DL546_007556 [Coniochaeta pulveracea],522,0.0074,non-degrader
RKU46920.1 hypothetical protein DL546_003562 [Coniochaeta pulveracea],243,0.0074,non-degrader
RKU46766.1 hypothetical protein DL546_005342 [Coniochaeta pulveracea],158,0.0074,non-degrader
"RKU46624.1 Beta-apo-4'-carotenal oxygenase, variant 2 [Coniochaeta pulveracea]",515,0.0074,non-degrader
RKU46429.1 hypothetical protein DL546_006410 [Coniochaeta pulveracea],336,0.0074,non-degrader
RKU46358.1 hypothetical protein DL546_002152 [Coniochaeta pulveracea],370,0.0074,non-degrader
RKU46355.1 hypothetical protein DL546_001842 [Coniochaeta pulveracea],350,0.0074,non-degrader
RKU46308.1 Translation initiation factor 3 subunit J component [Coniochaeta pulveracea],283,0.0074,non-degrader
RKU46266.1 hypothetical protein DL546_006500 [Coniochaeta pulveracea],804,0.0074,non-degrader
RKU46251.1 coiled-coil domain-containing protein mad1 [Coniochaeta pulveracea],802,0.0074,non-degrader
RKU46115.1 hypothetical protein DL546_006599 [Coniochaeta pulveracea],1688,0.0074,non-degrader
RKU45860.1 hypothetical protein DL546_007682 [Coniochaeta pulveracea],1973,0.0074,non-degrader
RKU45717.1 hypothetical protein DL546_007648 [Coniochaeta pulveracea],584,0.0074,non-degrader
RKU45630.1 N-alpha-acetyltransferase mak3 [Coniochaeta pulveracea],196,0.0074,non-degrader
RKU45501.1 Ubiquinone biosynthesis protein [Coniochaeta pulveracea],270,0.0074,non-degrader
RKU45361.1 hypothetical protein DL546_000733 [Coniochaeta pulveracea],181,0.0074,non-degrader
RKU45334.1 hypothetical protein DL546_007732 [Coniochaeta pulveracea],746,0.0074,non-degrader
RKU44680.1 hypothetical protein DL546_004804 [Coniochaeta pulveracea],270,0.0074,non-degrader
RKU44500.1 hypothetical protein DL546_005335 [Coniochaeta pulveracea],250,0.0074,non-degrader
RKU44409.1 hypothetical protein DL546_006028 [Coniochaeta pulveracea],469,0.0074,non-degrader
"RKU44329.1 Rab proteins geranylgeranyltransferase component A, variant 3 [Coniochaeta pulveracea]",405,0.0074,non-degrader
RKU44312.1 hypothetical protein DL546_005378 [Coniochaeta pulveracea],495,0.0074,non-degrader
RKU44046.1 hypothetical protein DL546_005638 [Coniochaeta pulveracea],411,0.0074,non-degrader
RKU43750.1 hypothetical protein DL546_006179 [Coniochaeta pulveracea],578,0.0074,non-degrader
RKU43643.1 hypothetical protein DL546_005185 [Coniochaeta pulveracea],292,0.0074,non-degrader
RKU43567.1 chromatin modification-related protein EAF1 [Coniochaeta pulveracea],1339,0.0074,non-degrader
RKU43551.1 hypothetical protein DL546_001632 [Coniochaeta pulveracea],326,0.0074,non-degrader
RKU43509.1 hypothetical protein DL546_005025 [Coniochaeta pulveracea],1672,0.0074,non-degrader
RKU43448.1 hypothetical protein DL546_006406 [Coniochaeta pulveracea],417,0.0074,non-degrader
RKU43214.1 hypothetical protein DL546_000430 [Coniochaeta pulveracea],569,0.0074,non-degrader
RKU43143.1 hypothetical protein DL546_001042 [Coniochaeta pulveracea],289,0.0074,non-degrader
RKU43121.1 hypothetical protein DL546_006039 [Coniochaeta pulveracea],345,0.0074,non-degrader
RKU42573.1 hypothetical protein DL546_002524 [Coniochaeta pulveracea],198,0.0074,non-degrader
RKU42233.1 hypothetical protein DL546_002062 [Coniochaeta pulveracea],344,0.0074,non-degrader
RKU41786.1 complexed with cef1p [Coniochaeta pulveracea],235,0.0074,non-degrader
RKU41529.1 methylglyoxal reductase (NADPH-dependent) gre2 [Coniochaeta pulveracea],123,0.0074,non-degrader
RKU41397.1 hypothetical protein DL546_001189 [Coniochaeta pulveracea],392,0.0074,non-degrader
RKU41123.1 hypothetical protein DL546_004035 [Coniochaeta pulveracea],746,0.0074,non-degrader
RKU40809.1 hypothetical protein DL546_003499 [Coniochaeta pulveracea],737,0.0074,non-degrader
RKU40660.1 hypothetical protein DL546_001742 [Coniochaeta pulveracea],280,0.0074,non-degrader
RKU40507.1 hypothetical protein DL546_000214 [Coniochaeta pulveracea],245,0.0074,non-degrader
RKU40286.1 hypothetical protein DL546_001023 [Coniochaeta pulveracea],352,0.0074,non-degrader
RKU40258.1 hypothetical protein DL546_001052 [Coniochaeta pulveracea],601,0.0074,non-degrader
RKU39749.1 hypothetical protein DL546_000233 [Coniochaeta pulveracea],100,0.0074,non-degrader
RKU49718.1 hypothetical protein DL546_009887 [Coniochaeta pulveracea],1466,0.0073,non-degrader
RKU49566.1 hypothetical protein DL546_009320 [Coniochaeta pulveracea],572,0.0073,non-degrader
RKU49451.1 hypothetical protein DL546_007477 [Coniochaeta pulveracea],1318,0.0073,non-degrader
RKU49225.1 hypothetical protein DL546_009289 [Coniochaeta pulveracea],1598,0.0073,non-degrader
RKU48924.1 hypothetical protein DL546_009081 [Coniochaeta pulveracea],409,0.0073,non-degrader
RKU48799.1 hypothetical protein DL546_006035 [Coniochaeta pulveracea],570,0.0073,non-degrader
RKU48658.1 nicotinamide n-methyltransferase [Coniochaeta pulveracea],269,0.0073,non-degrader
RKU48630.1 hypothetical protein DL546_009027 [Coniochaeta pulveracea],137,0.0073,non-degrader
RKU48464.1 Chk1 protein kinase [Coniochaeta pulveracea],548,0.0073,non-degrader
RKU48420.1 hypothetical protein DL546_009552 [Coniochaeta pulveracea],345,0.0073,non-degrader
RKU48365.1 60S ribosomal protein L20 [Coniochaeta pulveracea],174,0.0073,non-degrader
RKU48242.1 hypothetical protein DL546_004535 [Coniochaeta pulveracea],173,0.0073,non-degrader
RKU47920.1 hypothetical protein DL546_009306 [Coniochaeta pulveracea],300,0.0073,non-degrader
RKU47606.1 hypothetical protein DL546_008138 [Coniochaeta pulveracea],881,0.0073,non-degrader
RKU47481.1 hypothetical protein DL546_001135 [Coniochaeta pulveracea],308,0.0073,non-degrader
RKU47459.1 Translation elongation factor 1 beta [Coniochaeta pulveracea],230,0.0073,non-degrader
RKU47154.1 hypothetical protein DL546_006691 [Coniochaeta pulveracea],1040,0.0073,non-degrader
RKU46990.1 DNA replication protein [Coniochaeta pulveracea],189,0.0073,non-degrader
RKU46931.1 hypothetical protein DL546_004201 [Coniochaeta pulveracea],370,0.0073,non-degrader
RKU46530.1 hypothetical protein DL546_008880 [Coniochaeta pulveracea],258,0.0073,non-degrader
RKU46496.1 hypothetical protein DL546_008344 [Coniochaeta pulveracea],168,0.0073,non-degrader
RKU46495.1 Golgi mannosyltransferase complex subunit [Coniochaeta pulveracea],372,0.0073,non-degrader
RKU46349.1 hypothetical protein DL546_008762 [Coniochaeta pulveracea],402,0.0073,non-degrader
RKU46264.1 hypothetical protein DL546_006500 [Coniochaeta pulveracea],1033,0.0073,non-degrader
RKU46010.1 vesicle coat component [Coniochaeta pulveracea],2033,0.0073,non-degrader
RKU45793.1 suppressor of tub2 mutation [Coniochaeta pulveracea],1139,0.0073,non-degrader
"RKU45548.1 Protein arg-6, mitochondrial [Coniochaeta pulveracea]",888,0.0073,non-degrader
RKU45464.1 Eukaryotic translation initiation factor eIF-1 [Coniochaeta pulveracea],118,0.0073,non-degrader
RKU45425.1 hypothetical protein DL546_006279 [Coniochaeta pulveracea],2419,0.0073,non-degrader
RKU45307.1 hypothetical protein DL546_006927 [Coniochaeta pulveracea],566,0.0073,non-degrader
RKU45169.1 hypothetical protein DL546_006501 [Coniochaeta pulveracea],403,0.0073,non-degrader
RKU45110.1 hypothetical protein DL546_002693 [Coniochaeta pulveracea],585,0.0073,non-degrader
RKU45109.1 hypothetical protein DL546_002528 [Coniochaeta pulveracea],1092,0.0073,non-degrader
RKU44817.1 hypothetical protein DL546_001847 [Coniochaeta pulveracea],146,0.0073,non-degrader
RKU44526.1 hypothetical protein DL546_007003 [Coniochaeta pulveracea],257,0.0073,non-degrader
RKU44521.1 hypothetical protein DL546_006693 [Coniochaeta pulveracea],279,0.0073,non-degrader
RKU44266.1 hypothetical protein DL546_000091 [Coniochaeta pulveracea],534,0.0073,non-degrader
RKU44180.1 hypothetical protein DL546_007069 [Coniochaeta pulveracea],217,0.0073,non-degrader
RKU44134.1 hypothetical protein DL546_004318 [Coniochaeta pulveracea],340,0.0073,non-degrader
RKU43945.1 hypothetical protein DL546_002788 [Coniochaeta pulveracea],74,0.0073,non-degrader
RKU43569.1 hypothetical protein DL546_004144 [Coniochaeta pulveracea],105,0.0073,non-degrader
"RKU43463.1 Alternative oxidase, mitochondrial precursor, variant 2 [Coniochaeta pulveracea]",608,0.0073,non-degrader
RKU43220.1 hypothetical protein DL546_001271 [Coniochaeta pulveracea],295,0.0073,non-degrader
RKU43096.1 hypothetical protein DL546_003684 [Coniochaeta pulveracea],164,0.0073,non-degrader
RKU43045.1 hypothetical protein DL546_005948 [Coniochaeta pulveracea],436,0.0073,non-degrader
RKU42658.1 histone deacetylase [Coniochaeta pulveracea],574,0.0073,non-degrader
RKU42525.1 hypothetical protein DL546_004368 [Coniochaeta pulveracea],555,0.0073,non-degrader
RKU42381.1 carboxypeptidase Y-deficient [Coniochaeta pulveracea],687,0.0073,non-degrader
RKU42183.1 anthranilate phosphoribosyltransferase [Coniochaeta pulveracea],413,0.0073,non-degrader
RKU42177.1 Protein mago nashi [Coniochaeta pulveracea],153,0.0073,non-degrader
RKU41847.1 hypothetical protein DL546_000190 [Coniochaeta pulveracea],94,0.0073,non-degrader
RKU41686.1 hypothetical protein DL546_000398 [Coniochaeta pulveracea],488,0.0073,non-degrader
RKU41395.1 hypothetical protein DL546_004858 [Coniochaeta pulveracea],585,0.0073,non-degrader
RKU41226.1 hypothetical protein DL546_000350 [Coniochaeta pulveracea],213,0.0073,non-degrader
RKU41178.1 hypothetical protein DL546_004595 [Coniochaeta pulveracea],814,0.0073,non-degrader
RKU41078.1 argininosuccinate lyase [Coniochaeta pulveracea],74,0.0073,non-degrader
RKU41040.1 hypothetical protein DL546_003565 [Coniochaeta pulveracea],303,0.0073,non-degrader
RKU40965.1 hypothetical protein DL546_003278 [Coniochaeta pulveracea],471,0.0073,non-degrader
RKU40917.1 hypothetical protein DL546_000982 [Coniochaeta pulveracea],113,0.0073,non-degrader
RKU40789.1 mitochondrial 2-enoyl thioester reductase [Coniochaeta pulveracea],423,0.0073,non-degrader
RKU40782.1 hypothetical protein DL546_000872 [Coniochaeta pulveracea],264,0.0073,non-degrader
RKU40595.1 hypothetical protein DL546_003540 [Coniochaeta pulveracea],374,0.0073,non-degrader
RKU40117.1 cytochrome c1 [Coniochaeta pulveracea],323,0.0073,non-degrader
RKU49323.1 hypothetical protein DL546_009845 [Coniochaeta pulveracea],468,0.0072,non-degrader
RKU49268.1 hypothetical protein DL546_009701 [Coniochaeta pulveracea],175,0.0072,non-degrader
RKU49068.1 hypothetical protein DL546_003440 [Coniochaeta pulveracea],110,0.0072,non-degrader
RKU48984.1 hypothetical protein DL546_009586 [Coniochaeta pulveracea],1838,0.0072,non-degrader
RKU48962.1 hypothetical protein DL546_009441 [Coniochaeta pulveracea],597,0.0072,non-degrader
RKU48920.1 GPI inositol deacylase [Coniochaeta pulveracea],1162,0.0072,non-degrader
RKU48733.1 hypothetical protein DL546_000361 [Coniochaeta pulveracea],347,0.0072,non-degrader
RKU48579.1 hypothetical protein DL546_008278 [Coniochaeta pulveracea],452,0.0072,non-degrader
RKU48245.1 hypothetical protein DL546_004760 [Coniochaeta pulveracea],345,0.0072,non-degrader
RKU48189.1 hypothetical protein DL546_009519 [Coniochaeta pulveracea],1307,0.0072,non-degrader
RKU48133.1 hypothetical protein DL546_009149 [Coniochaeta pulveracea],368,0.0072,non-degrader
RKU47394.1 ubiquitin-binding protein cue5 [Coniochaeta pulveracea],444,0.0072,non-degrader
RKU47318.1 hypothetical protein DL546_002738 [Coniochaeta pulveracea],1055,0.0072,non-degrader
RKU47260.1 hypothetical protein DL546_008946 [Coniochaeta pulveracea],359,0.0072,non-degrader
RKU47146.1 hypothetical protein DL546_006388 [Coniochaeta pulveracea],162,0.0072,non-degrader
"RKU46912.1 Superoxide dismutase [Mn], mitochondrial [Coniochaeta pulveracea]",213,0.0072,non-degrader
RKU46847.1 3'-5' exonuclease [Coniochaeta pulveracea],322,0.0072,non-degrader
RKU46838.1 hypothetical protein DL546_008044 [Coniochaeta pulveracea],310,0.0072,non-degrader
RKU46393.1 hypothetical protein DL546_004856 [Coniochaeta pulveracea],403,0.0072,non-degrader
RKU46366.1 hypothetical protein DL546_003038 [Coniochaeta pulveracea],497,0.0072,non-degrader
RKU46282.1 hypothetical protein DL546_007185 [Coniochaeta pulveracea],536,0.0072,non-degrader
RKU46267.1 hypothetical protein DL546_006566 [Coniochaeta pulveracea],283,0.0072,non-degrader
RKU46249.1 hypothetical protein DL546_005753 [Coniochaeta pulveracea],721,0.0072,non-degrader
RKU46002.1 hypothetical protein DL546_007769 [Coniochaeta pulveracea],658,0.0072,non-degrader
RKU45646.1 hypothetical protein DL546_002965 [Coniochaeta pulveracea],753,0.0072,non-degrader
"RKU45530.1 terpene cyclase, variant 2 [Coniochaeta pulveracea]",601,0.0072,non-degrader
RKU45529.1 terpene cyclase [Coniochaeta pulveracea],596,0.0072,non-degrader
RKU45192.1 40S ribosomal protein S22 [Coniochaeta pulveracea],130,0.0072,non-degrader
RKU45144.1 60S ribosomal protein L25 [Coniochaeta pulveracea],157,0.0072,non-degrader
RKU45032.1 cytokinesis protein 3 [Coniochaeta pulveracea],1307,0.0072,non-degrader
RKU44923.1 hypothetical protein DL546_003646 [Coniochaeta pulveracea],1386,0.0072,non-degrader
RKU44807.1 hypothetical protein DL546_000561 [Coniochaeta pulveracea],515,0.0072,non-degrader
RKU44480.1 hypothetical protein DL546_003746 [Coniochaeta pulveracea],783,0.0072,non-degrader
RKU44429.1 hypothetical protein DL546_007090 [Coniochaeta pulveracea],463,0.0072,non-degrader
RKU44372.1 folylpolyglutamate synthase [Coniochaeta pulveracea],407,0.0072,non-degrader
RKU44275.1 hypothetical protein DL546_001079 [Coniochaeta pulveracea],347,0.0072,non-degrader
RKU44100.1 hypothetical protein DL546_001458 [Coniochaeta pulveracea],201,0.0072,non-degrader
RKU43998.1 hypothetical protein DL546_006706 [Coniochaeta pulveracea],245,0.0072,non-degrader
RKU43642.1 hypothetical protein DL546_005134 [Coniochaeta pulveracea],161,0.0072,non-degrader
RKU43485.1 34-kDa subunit of RNA polymerase III (C) [Coniochaeta pulveracea],380,0.0072,non-degrader
RKU43245.1 Molybdopterin synthase catalytic subunit [Coniochaeta pulveracea],164,0.0072,non-degrader
RKU43107.1 hypothetical protein DL546_004293 [Coniochaeta pulveracea],1145,0.0072,non-degrader
RKU42856.1 hypothetical protein DL546_002776 [Coniochaeta pulveracea],360,0.0072,non-degrader
RKU42645.1 High affinity Ca2+/Mn2+ P-type ATPase-like protein [Coniochaeta pulveracea],1069,0.0072,non-degrader
RKU42440.1 hypothetical protein DL546_002488 [Coniochaeta pulveracea],467,0.0072,non-degrader
RKU42318.1 U2 snRNP complex subunit msl1 [Coniochaeta pulveracea],195,0.0072,non-degrader
RKU42288.1 60S ribosomal protein L9B [Coniochaeta pulveracea],194,0.0072,non-degrader
RKU42159.1 capsular associated protein [Coniochaeta pulveracea],574,0.0072,non-degrader
RKU42090.1 hypothetical protein DL546_005559 [Coniochaeta pulveracea],484,0.0072,non-degrader
RKU41385.1 hypothetical protein DL546_004323 [Coniochaeta pulveracea],225,0.0072,non-degrader
RKU41013.1 putative NRPS-like protein biosynthetic cluster [Coniochaeta pulveracea],1169,0.0072,non-degrader
RKU40892.1 hypothetical protein DL546_002778 [Coniochaeta pulveracea],505,0.0072,non-degrader
RKU40414.1 hypothetical protein DL546_001508 [Coniochaeta pulveracea],428,0.0072,non-degrader
RKU40228.1 hypothetical protein DL546_002383 [Coniochaeta pulveracea],1263,0.0072,non-degrader
RKU40107.1 hypothetical protein DL546_000449 [Coniochaeta pulveracea],666,0.0072,non-degrader
RKU40092.1 hypothetical protein DL546_002347 [Coniochaeta pulveracea],171,0.0072,non-degrader
RKU39859.1 hypothetical protein DL546_000216 [Coniochaeta pulveracea],379,0.0072,non-degrader
RKU39771.1 hypothetical protein DL546_000237 [Coniochaeta pulveracea],589,0.0072,non-degrader
RKU49407.1 Methionine aminopeptidase 2 [Coniochaeta pulveracea],436,0.0071,non-degrader
RKU49195.1 hypothetical protein DL546_008927 [Coniochaeta pulveracea],495,0.0071,non-degrader
RKU49170.1 hypothetical protein DL546_008644 [Coniochaeta pulveracea],1092,0.0071,non-degrader
RKU49014.1 Serine/threonine-protein phosphatase PP2A catalytic subunit [Coniochaeta pulveracea],327,0.0071,non-degrader
RKU48981.1 amidophosphoribosyltransferase [Coniochaeta pulveracea],577,0.0071,non-degrader
RKU48780.1 hypothetical protein DL546_004935 [Coniochaeta pulveracea],1549,0.0071,non-degrader
RKU48694.1 hypothetical protein DL546_009537 [Coniochaeta pulveracea],504,0.0071,non-degrader
RKU48495.1 hypothetical protein DL546_005516 [Coniochaeta pulveracea],286,0.0071,non-degrader
RKU48389.1 hypothetical protein DL546_009291 [Coniochaeta pulveracea],704,0.0071,non-degrader
RKU48235.1 hypothetical protein DL546_004192 [Coniochaeta pulveracea],573,0.0071,non-degrader
RKU48145.1 hypothetical protein DL546_009224 [Coniochaeta pulveracea],372,0.0071,non-degrader
RKU48000.1 hypothetical protein DL546_005950 [Coniochaeta pulveracea],258,0.0071,non-degrader
RKU47989.1 hypothetical protein DL546_004978 [Coniochaeta pulveracea],778,0.0071,non-degrader
RKU47524.1 Elongation factor 2 [Coniochaeta pulveracea],844,0.0071,non-degrader
RKU47319.1 mitochondrial ribosomal large subunit component [Coniochaeta pulveracea],251,0.0071,non-degrader
RKU47300.1 hypothetical protein DL546_009360 [Coniochaeta pulveracea],892,0.0071,non-degrader
RKU47026.1 hypothetical protein DL546_008458 [Coniochaeta pulveracea],761,0.0071,non-degrader
RKU46932.1 D-xylose 1-dehydrogenase (NADP(+)) [Coniochaeta pulveracea],392,0.0071,non-degrader
RKU46890.1 hypothetical protein DL546_000122 [Coniochaeta pulveracea],581,0.0071,non-degrader
RKU46881.1 hypothetical protein DL546_009124 [Coniochaeta pulveracea],420,0.0071,non-degrader
RKU46738.1 hypothetical protein DL546_003079 [Coniochaeta pulveracea],470,0.0071,non-degrader
RKU46677.1 hypothetical protein DL546_008492 [Coniochaeta pulveracea],293,0.0071,non-degrader
RKU46608.1 hypothetical protein DL546_006698 [Coniochaeta pulveracea],165,0.0071,non-degrader
RKU46558.1 hypothetical protein DL546_002872 [Coniochaeta pulveracea],431,0.0071,non-degrader
RKU46434.1 hypothetical protein DL546_006605 [Coniochaeta pulveracea],435,0.0071,non-degrader
RKU46394.1 hypothetical protein DL546_004912 [Coniochaeta pulveracea],526,0.0071,non-degrader
"RKU46211.1 Dynein heavy chain, cytoplasmic [Coniochaeta pulveracea]",4341,0.0071,non-degrader
RKU46124.1 hypothetical protein DL546_006823 [Coniochaeta pulveracea],1009,0.0071,non-degrader
"RKU46039.1 erg26, C-3 sterol dehydrogenase [Coniochaeta pulveracea]",371,0.0071,non-degrader
RKU46022.1 hypothetical protein DL546_008486 [Coniochaeta pulveracea],715,0.0071,non-degrader
RKU45867.1 actin-related protein 5 [Coniochaeta pulveracea],762,0.0071,non-degrader
RKU45751.1 60S ribosomal protein L5 [Coniochaeta pulveracea],302,0.0071,non-degrader
RKU45632.1 hypothetical protein DL546_000817 [Coniochaeta pulveracea],387,0.0071,non-degrader
RKU45525.1 hypothetical protein DL546_003620 [Coniochaeta pulveracea],795,0.0071,non-degrader
RKU45487.1 hypothetical protein DL546_008324 [Coniochaeta pulveracea],467,0.0071,non-degrader
RKU45353.1 hypothetical protein DL546_008165 [Coniochaeta pulveracea],433,0.0071,non-degrader
RKU45351.1 hypothetical protein DL546_008120 [Coniochaeta pulveracea],439,0.0071,non-degrader
RKU45232.1 hypothetical protein DL546_002085 [Coniochaeta pulveracea],448,0.0071,non-degrader
RKU45164.1 hypothetical protein DL546_006242 [Coniochaeta pulveracea],507,0.0071,non-degrader
RKU44833.1 hypothetical protein DL546_004242 [Coniochaeta pulveracea],191,0.0071,non-degrader
RKU44513.1 hypothetical protein DL546_006072 [Coniochaeta pulveracea],1112,0.0071,non-degrader
RKU44488.1 Structural maintenance of chromosomes protein 6 [Coniochaeta pulveracea],1196,0.0071,non-degrader
RKU44450.1 Glycosyl phosphatidyl inositol protein transamidase complex subunit [Coniochaeta pulveracea],597,0.0071,non-degrader
RKU44356.1 hypothetical protein DL546_000160 [Coniochaeta pulveracea],397,0.0071,non-degrader
RKU44224.1 Insulinase (Peptidase M16) [Coniochaeta pulveracea],1261,0.0071,non-degrader
"RKU43981.1 Serine--tRNA ligase, mitochondrial [Coniochaeta pulveracea]",504,0.0071,non-degrader
RKU43216.1 hypothetical protein DL546_000857 [Coniochaeta pulveracea],437,0.0071,non-degrader
RKU43093.1 hypothetical protein DL546_003474 [Coniochaeta pulveracea],648,0.0071,non-degrader
RKU43086.1 MFS siderochrome iron transporter 1 [Coniochaeta pulveracea],653,0.0071,non-degrader
"RKU43044.1 SNF1-interacting protein, variant 2 [Coniochaeta pulveracea]",793,0.0071,non-degrader
RKU42883.1 hypothetical protein DL546_005859 [Coniochaeta pulveracea],150,0.0071,non-degrader
RKU42793.1 hypothetical protein DL546_003851 [Coniochaeta pulveracea],412,0.0071,non-degrader
"RKU42669.1 Phosphomannomutase, variant 2 [Coniochaeta pulveracea]",266,0.0071,non-degrader
RKU42668.1 Phosphomannomutase [Coniochaeta pulveracea],266,0.0071,non-degrader
RKU42419.1 hypothetical protein DL546_005645 [Coniochaeta pulveracea],327,0.0071,non-degrader
RKU42256.1 hypothetical protein DL546_004123 [Coniochaeta pulveracea],343,0.0071,non-degrader
RKU42189.1 hypothetical protein DL546_003604 [Coniochaeta pulveracea],806,0.0071,non-degrader
RKU42132.1 hypothetical protein DL546_004522 [Coniochaeta pulveracea],227,0.0071,non-degrader
RKU41800.1 hypothetical protein DL546_001852 [Coniochaeta pulveracea],346,0.0071,non-degrader
RKU41779.1 hypothetical protein DL546_004555 [Coniochaeta pulveracea],688,0.0071,non-degrader
RKU41715.1 Inorganic phosphate transporter pho84 [Coniochaeta pulveracea],593,0.0071,non-degrader
RKU40882.1 hypothetical protein DL546_001559 [Coniochaeta pulveracea],796,0.0071,non-degrader
RKU40871.1 hypothetical protein DL546_000221 [Coniochaeta pulveracea],466,0.0071,non-degrader
RKU40711.1 hypothetical protein DL546_003930 [Coniochaeta pulveracea],153,0.0071,non-degrader
RKU40561.1 putative PHD type zinc finger protein with BAH domain-containing protein [Coniochaeta pulveracea],1245,0.0071,non-degrader
RKU40518.1 hypothetical protein DL546_001706 [Coniochaeta pulveracea],2335,0.0071,non-degrader
RKU40515.1 hypothetical protein DL546_000766 [Coniochaeta pulveracea],874,0.0071,non-degrader
RKU39860.1 hypothetical protein DL546_000216 [Coniochaeta pulveracea],328,0.0071,non-degrader
RKU49475.1 hypothetical protein DL546_007961 [Coniochaeta pulveracea],397,0.007,non-degrader
RKU49389.1 hypothetical protein DL546_004829 [Coniochaeta pulveracea],280,0.007,non-degrader
RKU49247.1 hypothetical protein DL546_009623 [Coniochaeta pulveracea],477,0.007,non-degrader
RKU49056.1 Proteasome subunit alpha type-2 [Coniochaeta pulveracea],444,0.007,non-degrader
RKU48925.1 cystathionine beta-lyase [Coniochaeta pulveracea],444,0.007,non-degrader
RKU48563.1 hypothetical protein DL546_008027 [Coniochaeta pulveracea],146,0.007,non-degrader
RKU48530.1 hypothetical protein DL546_006936 [Coniochaeta pulveracea],517,0.007,non-degrader
RKU48432.1 hypothetical protein DL546_009613 [Coniochaeta pulveracea],405,0.007,non-degrader
RKU48137.1 hypothetical protein DL546_009179 [Coniochaeta pulveracea],153,0.007,non-degrader
RKU47995.1 pre-tRNA nuclear export protein [Coniochaeta pulveracea],1029,0.007,non-degrader
RKU47993.1 hypothetical protein DL546_005496 [Coniochaeta pulveracea],522,0.007,non-degrader
RKU47798.1 hypothetical protein DL546_007118 [Coniochaeta pulveracea],1569,0.007,non-degrader
RKU47587.1 hypothetical protein DL546_007646 [Coniochaeta pulveracea],172,0.007,non-degrader
RKU47585.1 Serine/threonine kinase [Coniochaeta pulveracea],1028,0.007,non-degrader
RKU47288.1 hypothetical protein DL546_009219 [Coniochaeta pulveracea],522,0.007,non-degrader
RKU47182.1 hypothetical protein DL546_007690 [Coniochaeta pulveracea],152,0.007,non-degrader
RKU47119.1 hypothetical protein DL546_004814 [Coniochaeta pulveracea],102,0.007,non-degrader
RKU46687.1 hypothetical protein DL546_008649 [Coniochaeta pulveracea],740,0.007,non-degrader
RKU46673.1 hypothetical protein DL546_008389 [Coniochaeta pulveracea],581,0.007,non-degrader
RKU46494.1 hypothetical protein DL546_008321 [Coniochaeta pulveracea],392,0.007,non-degrader
RKU46403.1 hypothetical protein DL546_005417 [Coniochaeta pulveracea],268,0.007,non-degrader
"RKU45936.1 translation elongation factor EF1B gamma, variant 2 [Coniochaeta pulveracea]",113,0.007,non-degrader
RKU45918.1 hypothetical protein DL546_001972 [Coniochaeta pulveracea],489,0.007,non-degrader
RKU45732.1 hypothetical protein DL546_008018 [Coniochaeta pulveracea],371,0.007,non-degrader
RKU45539.1 hypothetical protein DL546_004766 [Coniochaeta pulveracea],762,0.007,non-degrader
"RKU45497.1 surf-like protein, variant 2 [Coniochaeta pulveracea]",279,0.007,non-degrader
RKU45491.1 hypothetical protein DL546_000069 [Coniochaeta pulveracea],473,0.007,non-degrader
RKU45443.1 hypothetical protein DL546_007128 [Coniochaeta pulveracea],233,0.007,non-degrader
RKU45223.1 MutS protein msh5 [Coniochaeta pulveracea],862,0.007,non-degrader
RKU44949.1 Cyanate hydratase [Coniochaeta pulveracea],164,0.007,non-degrader
RKU44946.1 hypothetical protein DL546_005796 [Coniochaeta pulveracea],420,0.007,non-degrader
RKU44812.1 Protein kinase C-like 1 [Coniochaeta pulveracea],590,0.007,non-degrader
RKU44725.1 hypothetical protein DL546_007190 [Coniochaeta pulveracea],1337,0.007,non-degrader
RKU44673.1 hypothetical protein DL546_004140 [Coniochaeta pulveracea],174,0.007,non-degrader
RKU44576.1 purine-cytosine permease [Coniochaeta pulveracea],518,0.007,non-degrader
RKU44511.1 hypothetical protein DL546_005947 [Coniochaeta pulveracea],110,0.007,non-degrader
RKU44128.1 hypothetical protein DL546_004016 [Coniochaeta pulveracea],594,0.007,non-degrader
RKU44126.1 hypothetical protein DL546_003803 [Coniochaeta pulveracea],475,0.007,non-degrader
RKU43885.1 transport between ER and Golgi ATPase protein [Coniochaeta pulveracea],836,0.007,non-degrader
RKU43534.1 hypothetical protein DL546_000075 [Coniochaeta pulveracea],969,0.007,non-degrader
RKU43512.1 hypothetical protein DL546_005315 [Coniochaeta pulveracea],846,0.007,non-degrader
RKU43471.1 hypothetical protein DL546_001945 [Coniochaeta pulveracea],2197,0.007,non-degrader
RKU43433.1 60S ribosomal protein L38 [Coniochaeta pulveracea],82,0.007,non-degrader
RKU43412.1 hypothetical protein DL546_003962 [Coniochaeta pulveracea],545,0.007,non-degrader
"RKU43335.1 putative oxidoreductase bli-4, mitochondrial [Coniochaeta pulveracea]",392,0.007,non-degrader
RKU43225.1 hypothetical protein DL546_002051 [Coniochaeta pulveracea],218,0.007,non-degrader
RKU43194.1 hypothetical protein DL546_005477 [Coniochaeta pulveracea],271,0.007,non-degrader
RKU43106.1 hypothetical protein DL546_004293 [Coniochaeta pulveracea],1019,0.007,non-degrader
RKU42922.1 hypothetical protein DL546_003195 [Coniochaeta pulveracea],1176,0.007,non-degrader
RKU42834.1 enhancer of mRNA decapping [Coniochaeta pulveracea],537,0.007,non-degrader
RKU42667.1 ph-response sensor protein [Coniochaeta pulveracea],826,0.007,non-degrader
RKU42617.1 hypothetical protein DL546_005512 [Coniochaeta pulveracea],190,0.007,non-degrader
RKU42303.1 hypothetical protein DL546_002634 [Coniochaeta pulveracea],177,0.007,non-degrader
RKU42282.1 hypothetical protein DL546_000352 [Coniochaeta pulveracea],439,0.007,non-degrader
RKU42018.1 hypothetical protein DL546_004929 [Coniochaeta pulveracea],493,0.007,non-degrader
RKU41694.1 hit protein 1 [Coniochaeta pulveracea],137,0.007,non-degrader
RKU41687.1 hypothetical protein DL546_000483 [Coniochaeta pulveracea],459,0.007,non-degrader
RKU41558.1 hypothetical protein DL546_003152 [Coniochaeta pulveracea],379,0.007,non-degrader
RKU41530.1 hypothetical protein DL546_005074 [Coniochaeta pulveracea],436,0.007,non-degrader
RKU41200.1 hypothetical protein DL546_002987 [Coniochaeta pulveracea],195,0.007,non-degrader
RKU41195.1 hypothetical protein DL546_002254 [Coniochaeta pulveracea],694,0.007,non-degrader
RKU41191.1 hypothetical protein DL546_001790 [Coniochaeta pulveracea],1025,0.007,non-degrader
RKU40858.1 hypothetical protein DL546_003511 [Coniochaeta pulveracea],390,0.007,non-degrader
RKU40446.1 hypothetical protein DL546_000169 [Coniochaeta pulveracea],576,0.007,non-degrader
RKU40305.1 hypothetical protein DL546_000989 [Coniochaeta pulveracea],192,0.007,non-degrader
RKU40204.1 hypothetical protein DL546_001406 [Coniochaeta pulveracea],448,0.007,non-degrader
RKU39980.1 hypothetical protein DL546_001658 [Coniochaeta pulveracea],483,0.007,non-degrader
RKU39913.1 hypothetical protein DL546_001865 [Coniochaeta pulveracea],270,0.007,non-degrader
RKU39717.1 hypothetical protein DL546_000254 [Coniochaeta pulveracea],264,0.007,non-degrader
RKU49709.1 hypothetical protein DL546_009869 [Coniochaeta pulveracea],118,0.0069,non-degrader
RKU49674.1 hypothetical protein DL546_009786 [Coniochaeta pulveracea],543,0.0069,non-degrader
RKU48892.1 T-complex protein 1 subunit alpha [Coniochaeta pulveracea],567,0.0069,non-degrader
"RKU48888.1 Ribosome-releasing factor 2, mitochondrial [Coniochaeta pulveracea]",831,0.0069,non-degrader
RKU48874.1 hypothetical protein DL546_008274 [Coniochaeta pulveracea],509,0.0069,non-degrader
RKU48841.1 hypothetical protein DL546_007425 [Coniochaeta pulveracea],99,0.0069,non-degrader
RKU48742.1 hypothetical protein DL546_001291 [Coniochaeta pulveracea],989,0.0069,non-degrader
RKU48220.1 hypothetical protein DL546_002764 [Coniochaeta pulveracea],536,0.0069,non-degrader
RKU47782.1 hypothetical protein DL546_006525 [Coniochaeta pulveracea],741,0.0069,non-degrader
RKU47214.1 hypothetical protein DL546_008264 [Coniochaeta pulveracea],277,0.0069,non-degrader
RKU46831.1 hypothetical protein DL546_007947 [Coniochaeta pulveracea],605,0.0069,non-degrader
RKU46507.1 Proteasome subunit beta type-7 [Coniochaeta pulveracea],267,0.0069,non-degrader
RKU45974.1 hypothetical protein DL546_006600 [Coniochaeta pulveracea],1660,0.0069,non-degrader
RKU45914.1 hypothetical protein DL546_001109 [Coniochaeta pulveracea],1996,0.0069,non-degrader
RKU45640.1 asparaginyl-tRNA synthetase [Coniochaeta pulveracea],547,0.0069,non-degrader
RKU45542.1 hypothetical protein DL546_005308 [Coniochaeta pulveracea],639,0.0069,non-degrader
RKU45519.1 cell cycle RNA binding protein whi3 [Coniochaeta pulveracea],671,0.0069,non-degrader
RKU45147.1 hypothetical protein DL546_005436 [Coniochaeta pulveracea],102,0.0069,non-degrader
RKU44663.1 diphosphomevalonate decarboxylase [Coniochaeta pulveracea],390,0.0069,non-degrader
RKU44376.1 hypothetical protein DL546_003149 [Coniochaeta pulveracea],541,0.0069,non-degrader
RKU44158.1 hypothetical protein DL546_006021 [Coniochaeta pulveracea],668,0.0069,non-degrader
RKU44067.1 ABC transporter ATP-binding protein arb1 [Coniochaeta pulveracea],610,0.0069,non-degrader
RKU43853.1 40S ribosomal protein S6 [Coniochaeta pulveracea],239,0.0069,non-degrader
RKU43456.1 hypothetical protein DL546_006753 [Coniochaeta pulveracea],600,0.0069,non-degrader
RKU43165.1 hypothetical protein DL546_003670 [Coniochaeta pulveracea],1010,0.0069,non-degrader
RKU43116.1 hypothetical protein DL546_005055 [Coniochaeta pulveracea],299,0.0069,non-degrader
RKU42959.1 glutathione synthetase ATP-binding domain-like protein [Coniochaeta pulveracea],488,0.0069,non-degrader
RKU42714.1 hypothetical protein DL546_003160 [Coniochaeta pulveracea],143,0.0069,non-degrader
RKU42214.1 hypothetical protein DL546_005853 [Coniochaeta pulveracea],570,0.0069,non-degrader
RKU42152.1 hypothetical protein DL546_005782 [Coniochaeta pulveracea],627,0.0069,non-degrader
RKU41788.1 ADP-ribosylation factor protein 3 [Coniochaeta pulveracea],213,0.0069,non-degrader
RKU41438.1 hypothetical protein DL546_001072 [Coniochaeta pulveracea],78,0.0069,non-degrader
RKU41001.1 hypothetical protein DL546_003988 [Coniochaeta pulveracea],463,0.0069,non-degrader
RKU40956.1 hypothetical protein DL546_002763 [Coniochaeta pulveracea],269,0.0069,non-degrader
RKU40845.1 Transcriptional activator [Coniochaeta pulveracea],310,0.0069,non-degrader
"RKU40753.1 alpha-tubulin, variant 2 [Coniochaeta pulveracea]",359,0.0069,non-degrader
RKU40741.1 hypothetical protein DL546_003570 [Coniochaeta pulveracea],575,0.0069,non-degrader
RKU40733.1 hypothetical protein DL546_002706 [Coniochaeta pulveracea],222,0.0069,non-degrader
RKU40654.1 hypothetical protein DL546_001296 [Coniochaeta pulveracea],444,0.0069,non-degrader
RKU40489.1 DNA polymerase zeta [Coniochaeta pulveracea],550,0.0069,non-degrader
RKU40394.1 ammonium transporter Amt1 [Coniochaeta pulveracea],520,0.0069,non-degrader
RKU39721.1 hypothetical protein DL546_000119 [Coniochaeta pulveracea],709,0.0069,non-degrader
RKU49492.1 hypothetical protein DL546_008348 [Coniochaeta pulveracea],1163,0.0068,non-degrader
RKU49491.1 hypothetical protein DL546_008348 [Coniochaeta pulveracea],1250,0.0068,non-degrader
RKU49282.1 hypothetical protein DL546_009744 [Coniochaeta pulveracea],208,0.0068,non-degrader
RKU49206.1 hypothetical protein DL546_009102 [Coniochaeta pulveracea],565,0.0068,non-degrader
RKU49112.1 hypothetical protein DL546_007101 [Coniochaeta pulveracea],1063,0.0068,non-degrader
RKU49015.1 exocyst complex component exo84 [Coniochaeta pulveracea],684,0.0068,non-degrader
RKU48976.1 beta subunit of fatty acid synthetase [Coniochaeta pulveracea],2133,0.0068,non-degrader
RKU48915.1 Carnitine O-acetyltransferase mitochondrial [Coniochaeta pulveracea],642,0.0068,non-degrader
RKU48886.1 hypothetical protein DL546_008508 [Coniochaeta pulveracea],350,0.0068,non-degrader
RKU48852.1 hypothetical protein DL546_007698 [Coniochaeta pulveracea],754,0.0068,non-degrader
RKU48791.1 hypothetical protein DL546_005711 [Coniochaeta pulveracea],244,0.0068,non-degrader
"RKU48423.1 Protoheme IX farnesyltransferase, mitochondrial [Coniochaeta pulveracea]",535,0.0068,non-degrader
RKU48360.1 hypothetical protein DL546_008892 [Coniochaeta pulveracea],438,0.0068,non-degrader
RKU48078.1 hypothetical protein DL546_008397 [Coniochaeta pulveracea],519,0.0068,non-degrader
RKU47847.1 glycylpeptide N-tetradecanoyltransferase [Coniochaeta pulveracea],349,0.0068,non-degrader
RKU47830.1 hypothetical protein DL546_007934 [Coniochaeta pulveracea],462,0.0068,non-degrader
RKU47673.1 hypothetical protein DL546_009106 [Coniochaeta pulveracea],299,0.0068,non-degrader
RKU47354.1 hypothetical protein DL546_005558 [Coniochaeta pulveracea],395,0.0068,non-degrader
RKU47095.1 hypothetical protein DL546_002879 [Coniochaeta pulveracea],310,0.0068,non-degrader
RKU46870.1 hypothetical protein DL546_008981 [Coniochaeta pulveracea],693,0.0068,non-degrader
RKU46820.1 hypothetical protein DL546_007736 [Coniochaeta pulveracea],269,0.0068,non-degrader
RKU46552.1 hypothetical protein DL546_002193 [Coniochaeta pulveracea],720,0.0068,non-degrader
RKU46254.1 cyclin-dependent kinase-activating kinase [Coniochaeta pulveracea],373,0.0068,non-degrader
RKU46206.1 hypothetical protein DL546_001718 [Coniochaeta pulveracea],1048,0.0068,non-degrader
RKU46139.1 hypothetical protein DL546_007358 [Coniochaeta pulveracea],552,0.0068,non-degrader
RKU46122.1 hypothetical protein DL546_006782 [Coniochaeta pulveracea],406,0.0068,non-degrader
RKU45941.1 hypothetical protein DL546_004133 [Coniochaeta pulveracea],436,0.0068,non-degrader
RKU45913.1 formate dehydrogenase (NAD+) [Coniochaeta pulveracea],370,0.0068,non-degrader
RKU45736.1 hypothetical protein DL546_008071 [Coniochaeta pulveracea],499,0.0068,non-degrader
RKU45733.1 hypothetical protein DL546_008031 [Coniochaeta pulveracea],519,0.0068,non-degrader
RKU45627.1 hypothetical protein DL546_000180 [Coniochaeta pulveracea],1048,0.0068,non-degrader
RKU45299.1 hypothetical protein DL546_006684 [Coniochaeta pulveracea],82,0.0068,non-degrader
RKU45283.1 erv26 super protein [Coniochaeta pulveracea],224,0.0068,non-degrader
RKU45222.1 Glucosyltransferase-like protein [Coniochaeta pulveracea],585,0.0068,non-degrader
RKU45152.1 Protein dml1 [Coniochaeta pulveracea],527,0.0068,non-degrader
RKU45056.1 hypothetical protein DL546_006847 [Coniochaeta pulveracea],98,0.0068,non-degrader
RKU44781.1 Cytochrome c oxidase subunit 5A [Coniochaeta pulveracea],170,0.0068,non-degrader
RKU44654.1 hypothetical protein DL546_002428 [Coniochaeta pulveracea],738,0.0068,non-degrader
RKU44330.1 hypothetical protein DL546_006477 [Coniochaeta pulveracea],700,0.0068,non-degrader
RKU44200.1 hypothetical protein DL546_001784 [Coniochaeta pulveracea],527,0.0068,non-degrader
RKU44181.1 hypothetical protein DL546_007086 [Coniochaeta pulveracea],642,0.0068,non-degrader
RKU44177.1 hypothetical protein DL546_006883 [Coniochaeta pulveracea],157,0.0068,non-degrader
RKU43631.1 hypothetical protein DL546_003963 [Coniochaeta pulveracea],705,0.0068,non-degrader
RKU43610.1 hypothetical protein DL546_000643 [Coniochaeta pulveracea],145,0.0068,non-degrader
RKU43553.1 Serine/threonine-protein kinase STE11 [Coniochaeta pulveracea],911,0.0068,non-degrader
RKU43543.1 hypothetical protein DL546_000859 [Coniochaeta pulveracea],1022,0.0068,non-degrader
RKU43436.1 hypothetical protein DL546_005872 [Coniochaeta pulveracea],145,0.0068,non-degrader
RKU43099.1 hypothetical protein DL546_003839 [Coniochaeta pulveracea],322,0.0068,non-degrader
RKU42909.1 hypothetical protein DL546_002016 [Coniochaeta pulveracea],542,0.0068,non-degrader
RKU42784.1 hypothetical protein DL546_003084 [Coniochaeta pulveracea],279,0.0068,non-degrader
RKU42749.1 hypothetical protein DL546_005827 [Coniochaeta pulveracea],409,0.0068,non-degrader
RKU42678.1 hypothetical protein DL546_004687 [Coniochaeta pulveracea],774,0.0068,non-degrader
RKU42618.1 hypothetical protein DL546_005539 [Coniochaeta pulveracea],184,0.0068,non-degrader
RKU42448.1 hypothetical protein DL546_003121 [Coniochaeta pulveracea],517,0.0068,non-degrader
RKU42408.1 hypothetical protein DL546_005020 [Coniochaeta pulveracea],430,0.0068,non-degrader
RKU42389.1 hypothetical protein DL546_003672 [Coniochaeta pulveracea],757,0.0068,non-degrader
RKU42243.1 hypothetical protein DL546_002961 [Coniochaeta pulveracea],310,0.0068,non-degrader
RKU42156.1 hypothetical protein DL546_000511 [Coniochaeta pulveracea],377,0.0068,non-degrader
RKU42016.1 hypothetical protein DL546_004776 [Coniochaeta pulveracea],560,0.0068,non-degrader
RKU41812.1 hypothetical protein DL546_002948 [Coniochaeta pulveracea],283,0.0068,non-degrader
RKU41482.1 hypothetical protein DL546_004706 [Coniochaeta pulveracea],496,0.0068,non-degrader
RKU41398.1 hypothetical protein DL546_001256 [Coniochaeta pulveracea],401,0.0068,non-degrader
RKU41252.1 hypothetical protein DL546_003538 [Coniochaeta pulveracea],385,0.0068,non-degrader
RKU40929.1 glucose-induced degradation complex subunit FYV10 [Coniochaeta pulveracea],444,0.0068,non-degrader
RKU40787.1 hypothetical protein DL546_001411 [Coniochaeta pulveracea],202,0.0068,non-degrader
RKU40702.1 hypothetical protein DL546_003129 [Coniochaeta pulveracea],412,0.0068,non-degrader
RKU40467.1 Alcohol acetyltransferase/N-acetyltransferase [Coniochaeta pulveracea],481,0.0068,non-degrader
RKU40393.1 hypothetical protein DL546_002575 [Coniochaeta pulveracea],1180,0.0068,non-degrader
RKU40224.1 anaphase promoting complex subunit cdc16 [Coniochaeta pulveracea],616,0.0068,non-degrader
RKU39847.1 hypothetical protein DL546_000621 [Coniochaeta pulveracea],613,0.0068,non-degrader
RKU49711.1 hypothetical protein DL546_009873 [Coniochaeta pulveracea],225,0.0067,non-degrader
RKU49438.1 hypothetical protein DL546_007020 [Coniochaeta pulveracea],206,0.0067,non-degrader
RKU49353.1 ribose-phosphate pyrophosphokinase [Coniochaeta pulveracea],428,0.0067,non-degrader
RKU49298.1 hypothetical protein DL546_009795 [Coniochaeta pulveracea],245,0.0067,non-degrader
RKU49296.1 hypothetical protein DL546_009791 [Coniochaeta pulveracea],373,0.0067,non-degrader
RKU49194.1 hypothetical protein DL546_008920 [Coniochaeta pulveracea],220,0.0067,non-degrader
RKU49171.1 hypothetical protein DL546_008669 [Coniochaeta pulveracea],317,0.0067,non-degrader
RKU49123.1 hypothetical protein DL546_007637 [Coniochaeta pulveracea],628,0.0067,non-degrader
RKU48724.1 hypothetical protein DL546_009703 [Coniochaeta pulveracea],80,0.0067,non-degrader
RKU48663.1 TATA-box-binding protein [Coniochaeta pulveracea],255,0.0067,non-degrader
RKU48656.1 hypothetical protein DL546_009337 [Coniochaeta pulveracea],263,0.0067,non-degrader
RKU48545.1 hypothetical protein DL546_007367 [Coniochaeta pulveracea],281,0.0067,non-degrader
RKU48091.1 hypothetical protein DL546_008581 [Coniochaeta pulveracea],245,0.0067,non-degrader
RKU47973.1 3-isopropylmalate dehydrogenase [Coniochaeta pulveracea],367,0.0067,non-degrader
RKU47936.1 hypothetical protein DL546_009412 [Coniochaeta pulveracea],271,0.0067,non-degrader
RKU47575.1 hypothetical protein DL546_007317 [Coniochaeta pulveracea],516,0.0067,non-degrader
RKU47251.1 hypothetical protein DL546_008842 [Coniochaeta pulveracea],263,0.0067,non-degrader
RKU47088.1 hypothetical protein DL546_000124 [Coniochaeta pulveracea],569,0.0067,non-degrader
RKU46945.1 ubiquitin fusion degradation protein [Coniochaeta pulveracea],396,0.0067,non-degrader
RKU46915.1 hypothetical protein DL546_003060 [Coniochaeta pulveracea],852,0.0067,non-degrader
RKU46899.1 hypothetical protein DL546_001137 [Coniochaeta pulveracea],541,0.0067,non-degrader
RKU46761.1 hypothetical protein DL546_005072 [Coniochaeta pulveracea],359,0.0067,non-degrader
RKU46556.1 Ras GTPase ras2 [Coniochaeta pulveracea],236,0.0067,non-degrader
RKU46268.1 hypothetical protein DL546_006594 [Coniochaeta pulveracea],1904,0.0067,non-degrader
RKU46228.1 hypothetical protein DL546_004412 [Coniochaeta pulveracea],379,0.0067,non-degrader
RKU46208.1 hypothetical protein DL546_001869 [Coniochaeta pulveracea],608,0.0067,non-degrader
RKU45939.1 hypothetical protein DL546_004064 [Coniochaeta pulveracea],72,0.0067,non-degrader
RKU45880.1 deoxyhypusine hydroxylase [Coniochaeta pulveracea],331,0.0067,non-degrader
RKU45851.1 hypothetical protein DL546_007417 [Coniochaeta pulveracea],444,0.0067,non-degrader
RKU45786.1 hypothetical protein DL546_003325 [Coniochaeta pulveracea],139,0.0067,non-degrader
"RKU45723.1 DNA-directed DNA polymerase epsilon, subunit B [Coniochaeta pulveracea]",838,0.0067,non-degrader
"RKU45471.1 D-arabinono-1,4-lactone oxidase [Coniochaeta pulveracea]",536,0.0067,non-degrader
RKU45217.1 Molybdenum cofactor sulfurase [Coniochaeta pulveracea],512,0.0067,non-degrader
RKU45001.1 hypothetical protein DL546_002328 [Coniochaeta pulveracea],232,0.0067,non-degrader
RKU44967.1 N-terminal acetyltransferase [Coniochaeta pulveracea],190,0.0067,non-degrader
RKU44721.1 hypothetical protein DL546_007037 [Coniochaeta pulveracea],538,0.0067,non-degrader
RKU44627.1 hypothetical protein DL546_007213 [Coniochaeta pulveracea],226,0.0067,non-degrader
RKU44616.1 U3 small nucleolar RNA-associated protein [Coniochaeta pulveracea],878,0.0067,non-degrader
RKU44467.1 hypothetical protein DL546_002375 [Coniochaeta pulveracea],609,0.0067,non-degrader
RKU44203.1 60S ribosomal protein L34 [Coniochaeta pulveracea],115,0.0067,non-degrader
RKU43716.1 hypothetical protein DL546_004028 [Coniochaeta pulveracea],269,0.0067,non-degrader
RKU43652.1 hypothetical protein DL546_005851 [Coniochaeta pulveracea],534,0.0067,non-degrader
RKU43565.1 hypothetical protein DL546_003674 [Coniochaeta pulveracea],413,0.0067,non-degrader
RKU43486.1 phosphatidylinositol transfer protein csr1 [Coniochaeta pulveracea],236,0.0067,non-degrader
RKU43092.1 hypothetical protein DL546_003380 [Coniochaeta pulveracea],384,0.0067,non-degrader
RKU43008.1 hypothetical protein DL546_002971 [Coniochaeta pulveracea],526,0.0067,non-degrader
RKU42721.1 phospholipase C type enzyme [Coniochaeta pulveracea],496,0.0067,non-degrader
RKU42693.1 hypothetical protein DL546_005716 [Coniochaeta pulveracea],441,0.0067,non-degrader
RKU42601.1 hypothetical protein DL546_004630 [Coniochaeta pulveracea],404,0.0067,non-degrader
RKU42592.1 Transcription factor spt8 [Coniochaeta pulveracea],753,0.0067,non-degrader
RKU42484.1 hypothetical protein DL546_005915 [Coniochaeta pulveracea],213,0.0067,non-degrader
RKU42201.1 hypothetical protein DL546_004723 [Coniochaeta pulveracea],805,0.0067,non-degrader
RKU42012.1 hypothetical protein DL546_004370 [Coniochaeta pulveracea],335,0.0067,non-degrader
RKU41879.1 hypothetical protein DL546_003458 [Coniochaeta pulveracea],956,0.0067,non-degrader
RKU41817.1 hypothetical protein DL546_003788 [Coniochaeta pulveracea],173,0.0067,non-degrader
RKU41793.1 hypothetical protein DL546_001121 [Coniochaeta pulveracea],392,0.0067,non-degrader
RKU41586.1 hypothetical protein DL546_005016 [Coniochaeta pulveracea],220,0.0067,non-degrader
RKU41376.1 hypothetical protein DL546_003747 [Coniochaeta pulveracea],142,0.0067,non-degrader
RKU41235.1 NADH pyrophosphatase [Coniochaeta pulveracea],411,0.0067,non-degrader
RKU41138.1 hypothetical protein DL546_001153 [Coniochaeta pulveracea],440,0.0067,non-degrader
RKU40730.1 Cytochrome c oxidase subunit 6 [Coniochaeta pulveracea],165,0.0067,non-degrader
RKU40613.1 hypothetical protein DL546_002160 [Coniochaeta pulveracea],541,0.0067,non-degrader
RKU40576.1 hypothetical protein DL546_002022 [Coniochaeta pulveracea],321,0.0067,non-degrader
RKU40147.1 hypothetical protein DL546_000189 [Coniochaeta pulveracea],537,0.0067,non-degrader
RKU39951.1 hypothetical protein DL546_000882 [Coniochaeta pulveracea],1581,0.0067,non-degrader
RKU39726.1 Phosphoserine transaminase [Coniochaeta pulveracea],427,0.0067,non-degrader
RKU49687.1 hypothetical protein DL546_009814 [Coniochaeta pulveracea],318,0.0066,non-degrader
RKU49581.1 SAGA HAT/Core module component [Coniochaeta pulveracea],402,0.0066,non-degrader
RKU49507.1 hypothetical protein DL546_008613 [Coniochaeta pulveracea],1082,0.0066,non-degrader
RKU49415.1 hypothetical protein DL546_006052 [Coniochaeta pulveracea],709,0.0066,non-degrader
RKU49408.1 porin por1 [Coniochaeta pulveracea],283,0.0066,non-degrader
RKU49269.1 HIR complex subunit [Coniochaeta pulveracea],1059,0.0066,non-degrader
RKU49055.1 hypothetical protein DL546_002038 [Coniochaeta pulveracea],532,0.0066,non-degrader
"RKU49052.1 Nonribosomal Peptide Synthase (NRPS), variant 2 [Coniochaeta pulveracea]",4901,0.0066,non-degrader
RKU49051.1 Nonribosomal Peptide Synthase (NRPS) [Coniochaeta pulveracea],4963,0.0066,non-degrader
RKU49020.1 hypothetical protein DL546_009723 [Coniochaeta pulveracea],215,0.0066,non-degrader
RKU49008.1 hypothetical protein DL546_009680 [Coniochaeta pulveracea],190,0.0066,non-degrader
RKU48912.1 hypothetical protein DL546_008921 [Coniochaeta pulveracea],668,0.0066,non-degrader
RKU48861.1 hypothetical protein DL546_008007 [Coniochaeta pulveracea],1256,0.0066,non-degrader
RKU48792.1 hypothetical protein DL546_005737 [Coniochaeta pulveracea],713,0.0066,non-degrader
RKU48772.1 hypothetical protein DL546_004278 [Coniochaeta pulveracea],213,0.0066,non-degrader
RKU48665.1 hypothetical protein DL546_009411 [Coniochaeta pulveracea],162,0.0066,non-degrader
RKU48552.1 putative serine/threonine-protein kinase iks1 [Coniochaeta pulveracea],788,0.0066,non-degrader
RKU48162.1 hypothetical protein DL546_009384 [Coniochaeta pulveracea],392,0.0066,non-degrader
RKU47997.1 hypothetical protein DL546_005805 [Coniochaeta pulveracea],584,0.0066,non-degrader
RKU47722.1 hypothetical protein DL546_001482 [Coniochaeta pulveracea],290,0.0066,non-degrader
RKU47696.1 hypothetical protein DL546_009303 [Coniochaeta pulveracea],547,0.0066,non-degrader
RKU47682.1 BLI-3 blue-light-inducible Bli-3 protein [Coniochaeta pulveracea],209,0.0066,non-degrader
RKU47638.1 hypothetical protein DL546_008678 [Coniochaeta pulveracea],399,0.0066,non-degrader
RKU47334.1 60S ribosomal protein L3 [Coniochaeta pulveracea],392,0.0066,non-degrader
RKU47203.1 hypothetical protein DL546_008118 [Coniochaeta pulveracea],761,0.0066,non-degrader
RKU47164.1 hypothetical protein DL546_007081 [Coniochaeta pulveracea],308,0.0066,non-degrader
RKU47076.1 hypothetical protein DL546_009160 [Coniochaeta pulveracea],962,0.0066,non-degrader
RKU46866.1 hypothetical protein DL546_008945 [Coniochaeta pulveracea],257,0.0066,non-degrader
RKU46641.1 hypothetical protein DL546_007809 [Coniochaeta pulveracea],712,0.0066,non-degrader
RKU46590.1 hypothetical protein DL546_005747 [Coniochaeta pulveracea],94,0.0066,non-degrader
RKU46444.1 hypothetical protein DL546_006894 [Coniochaeta pulveracea],118,0.0066,non-degrader
RKU46190.1 hypothetical protein DL546_008713 [Coniochaeta pulveracea],219,0.0066,non-degrader
RKU45929.1 hypothetical protein DL546_003465 [Coniochaeta pulveracea],362,0.0066,non-degrader
RKU45649.1 hypothetical protein DL546_003276 [Coniochaeta pulveracea],912,0.0066,non-degrader
"RKU45626.1 hypothetical protein DL546_000024, partial [Coniochaeta pulveracea]",171,0.0066,non-degrader
RKU45606.1 hypothetical protein DL546_008045 [Coniochaeta pulveracea],255,0.0066,non-degrader
RKU45301.1 hypothetical protein DL546_006728 [Coniochaeta pulveracea],280,0.0066,non-degrader
RKU44930.1 mitochondrial aspartate-glutamate transporter agc1 [Coniochaeta pulveracea],705,0.0066,non-degrader
RKU44583.1 hypothetical protein DL546_004845 [Coniochaeta pulveracea],819,0.0066,non-degrader
RKU44434.1 snoRNA-binding rRNA-processing protein imp4 [Coniochaeta pulveracea],296,0.0066,non-degrader
RKU44207.1 hypothetical protein DL546_002654 [Coniochaeta pulveracea],450,0.0066,non-degrader
RKU44048.1 hypothetical protein DL546_005712 [Coniochaeta pulveracea],210,0.0066,non-degrader
RKU43968.1 Small subunit (SSU) processome component [Coniochaeta pulveracea],552,0.0066,non-degrader
RKU43748.1 GABA-specific high-affinity permease [Coniochaeta pulveracea],396,0.0066,non-degrader
RKU43400.1 hypothetical protein DL546_002715 [Coniochaeta pulveracea],415,0.0066,non-degrader
RKU43338.1 hypothetical protein DL546_004502 [Coniochaeta pulveracea],659,0.0066,non-degrader
RKU43055.1 hypothetical protein DL546_006418 [Coniochaeta pulveracea],654,0.0066,non-degrader
RKU42917.1 hypothetical protein DL546_002780 [Coniochaeta pulveracea],1250,0.0066,non-degrader
RKU42866.1 hypothetical protein DL546_004499 [Coniochaeta pulveracea],427,0.0066,non-degrader
RKU42551.1 hypothetical protein DL546_005952 [Coniochaeta pulveracea],147,0.0066,non-degrader
RKU42365.1 hypothetical protein DL546_001260 [Coniochaeta pulveracea],477,0.0066,non-degrader
RKU42321.1 ATP phosphoribosyltransferase [Coniochaeta pulveracea],330,0.0066,non-degrader
RKU42101.1 DEAH-box RNA helicase prp16 [Coniochaeta pulveracea],1007,0.0066,non-degrader
RKU42100.1 hypothetical protein DL546_001390 [Coniochaeta pulveracea],560,0.0066,non-degrader
RKU42038.1 Vacuolar protein sorting-associated protein 55 [Coniochaeta pulveracea],132,0.0066,non-degrader
"RKU41951.1 37S ribosomal protein S9, mitochondrial [Coniochaeta pulveracea]",267,0.0066,non-degrader
RKU41883.1 hypothetical protein DL546_003892 [Coniochaeta pulveracea],202,0.0066,non-degrader
RKU41535.1 hypothetical protein DL546_000111 [Coniochaeta pulveracea],198,0.0066,non-degrader
"RKU41212.1 Acyl carrier protein, mitochondrial [Coniochaeta pulveracea]",134,0.0066,non-degrader
RKU41188.1 hypothetical protein DL546_001505 [Coniochaeta pulveracea],432,0.0066,non-degrader
RKU41082.1 hypothetical protein DL546_003745 [Coniochaeta pulveracea],345,0.0066,non-degrader
RKU41030.1 putative Zn-finger binding protein (TFIIIA) [Coniochaeta pulveracea],537,0.0066,non-degrader
RKU40774.1 2-oxoglutarate dehydrogenase E1 component [Coniochaeta pulveracea],1047,0.0066,non-degrader
RKU40706.1 hypothetical protein DL546_003462 [Coniochaeta pulveracea],311,0.0066,non-degrader
RKU40690.1 hypothetical protein DL546_001084 [Coniochaeta pulveracea],1044,0.0066,non-degrader
RKU40620.1 hypothetical protein DL546_002825 [Coniochaeta pulveracea],605,0.0066,non-degrader
RKU40565.1 ribosomal protein P0 (A0) (L10E) [Coniochaeta pulveracea],315,0.0066,non-degrader
RKU40289.1 hypothetical protein DL546_001405 [Coniochaeta pulveracea],609,0.0066,non-degrader
RKU40220.1 hypothetical protein DL546_000986 [Coniochaeta pulveracea],187,0.0066,non-degrader
RKU40193.1 hypothetical protein DL546_002414 [Coniochaeta pulveracea],343,0.0066,non-degrader
RKU40071.1 hypothetical protein DL546_001908 [Coniochaeta pulveracea],221,0.0066,non-degrader
RKU39858.1 hypothetical protein DL546_000150 [Coniochaeta pulveracea],215,0.0066,non-degrader
RKU39730.1 hypothetical protein DL546_000686 [Coniochaeta pulveracea],362,0.0066,non-degrader
RKU49707.1 hypothetical protein DL546_009860 [Coniochaeta pulveracea],544,0.0065,non-degrader
RKU49656.1 2' O-ribose methyltransferase [Coniochaeta pulveracea],368,0.0065,non-degrader
RKU49512.1 hypothetical protein DL546_008743 [Coniochaeta pulveracea],484,0.0065,non-degrader
RKU49444.1 hypothetical protein DL546_007307 [Coniochaeta pulveracea],975,0.0065,non-degrader
RKU49430.1 hypothetical protein DL546_006747 [Coniochaeta pulveracea],558,0.0065,non-degrader
RKU49272.1 hypothetical protein DL546_009714 [Coniochaeta pulveracea],436,0.0065,non-degrader
RKU49242.1 hypothetical protein DL546_009608 [Coniochaeta pulveracea],295,0.0065,non-degrader
RKU49207.1 hypothetical protein DL546_009102 [Coniochaeta pulveracea],487,0.0065,non-degrader
RKU49179.1 hypothetical protein DL546_008778 [Coniochaeta pulveracea],411,0.0065,non-degrader
RKU49106.1 hypothetical protein DL546_006640 [Coniochaeta pulveracea],86,0.0065,non-degrader
RKU48931.1 hypothetical protein DL546_009159 [Coniochaeta pulveracea],437,0.0065,non-degrader
RKU48843.1 hypothetical protein DL546_007488 [Coniochaeta pulveracea],479,0.0065,non-degrader
RKU48604.1 hypothetical protein DL546_008724 [Coniochaeta pulveracea],222,0.0065,non-degrader
RKU48354.1 hypothetical protein DL546_008829 [Coniochaeta pulveracea],541,0.0065,non-degrader
RKU48103.1 mitochondrial import receptor protein [Coniochaeta pulveracea],155,0.0065,non-degrader
RKU48025.1 hypothetical protein DL546_007320 [Coniochaeta pulveracea],612,0.0065,non-degrader
RKU47688.1 translation machinery-associated protein 20 [Coniochaeta pulveracea],198,0.0065,non-degrader
RKU47496.1 hypothetical protein DL546_002676 [Coniochaeta pulveracea],537,0.0065,non-degrader
RKU47151.1 putative serine/threonine protein phosphatase [Coniochaeta pulveracea],320,0.0065,non-degrader
RKU47080.1 Saccharopine dehydrogenase [Coniochaeta pulveracea],429,0.0065,non-degrader
"RKU46862.1 ferrochelatase hem15, variant 2 [Coniochaeta pulveracea]",449,0.0065,non-degrader
RKU46737.1 adenyl-nucleotide exchange factor sse1 [Coniochaeta pulveracea],711,0.0065,non-degrader
RKU46683.1 rRNA-binding ribosome biosynthesis protein utp25 [Coniochaeta pulveracea],747,0.0065,non-degrader
RKU46532.1 hypothetical protein DL546_008897 [Coniochaeta pulveracea],1611,0.0065,non-degrader
RKU46314.1 hypothetical protein DL546_008009 [Coniochaeta pulveracea],784,0.0065,non-degrader
RKU46183.1 hypothetical protein DL546_008549 [Coniochaeta pulveracea],303,0.0065,non-degrader
RKU46074.1 Cytosolic Fe-S cluster assembly factor nar1 [Coniochaeta pulveracea],543,0.0065,non-degrader
RKU46055.1 hypothetical protein DL546_002809 [Coniochaeta pulveracea],183,0.0065,non-degrader
RKU45907.1 hypothetical protein DL546_000262 [Coniochaeta pulveracea],488,0.0065,non-degrader
RKU45844.1 pre-mRNA-splicing factor syf1 [Coniochaeta pulveracea],847,0.0065,non-degrader
RKU45429.1 hypothetical protein DL546_006534 [Coniochaeta pulveracea],282,0.0065,non-degrader
RKU45370.1 Structural maintenance of chromosomes protein 5 [Coniochaeta pulveracea],1141,0.0065,non-degrader
RKU45205.1 hypothetical protein DL546_008083 [Coniochaeta pulveracea],640,0.0065,non-degrader
RKU45166.1 hypothetical protein DL546_006305 [Coniochaeta pulveracea],364,0.0065,non-degrader
RKU44613.1 hypothetical protein DL546_006528 [Coniochaeta pulveracea],551,0.0065,non-degrader
RKU44609.1 protein transporter tim10 [Coniochaeta pulveracea],96,0.0065,non-degrader
RKU44596.1 hypothetical protein DL546_005857 [Coniochaeta pulveracea],456,0.0065,non-degrader
RKU44366.1 hypothetical protein DL546_001821 [Coniochaeta pulveracea],536,0.0065,non-degrader
RKU44358.1 hypothetical protein DL546_000372 [Coniochaeta pulveracea],160,0.0065,non-degrader
RKU44204.1 hypothetical protein DL546_002138 [Coniochaeta pulveracea],130,0.0065,non-degrader
RKU44159.1 hypothetical protein DL546_006101 [Coniochaeta pulveracea],657,0.0065,non-degrader
RKU44133.1 hypothetical protein DL546_004285 [Coniochaeta pulveracea],257,0.0065,non-degrader
RKU43814.1 hypothetical protein DL546_006623 [Coniochaeta pulveracea],797,0.0065,non-degrader
RKU43721.1 hypothetical protein DL546_004356 [Coniochaeta pulveracea],543,0.0065,non-degrader
RKU43709.1 hypothetical protein DL546_003280 [Coniochaeta pulveracea],602,0.0065,non-degrader
RKU43673.1 hypothetical protein DL546_006616 [Coniochaeta pulveracea],377,0.0065,non-degrader
RKU43583.1 hypothetical protein DL546_005521 [Coniochaeta pulveracea],84,0.0065,non-degrader
RKU43523.1 hypothetical protein DL546_006263 [Coniochaeta pulveracea],630,0.0065,non-degrader
RKU43460.1 hypothetical protein DL546_000951 [Coniochaeta pulveracea],286,0.0065,non-degrader
RKU43081.1 U3 snoRNP protein [Coniochaeta pulveracea],408,0.0065,non-degrader
RKU43034.1 hypothetical protein DL546_005130 [Coniochaeta pulveracea],92,0.0065,non-degrader
RKU42990.1 hypothetical protein DL546_001665 [Coniochaeta pulveracea],509,0.0065,non-degrader
RKU42954.1 hypothetical protein DL546_005727 [Coniochaeta pulveracea],570,0.0065,non-degrader
RKU42925.1 hypothetical protein DL546_003452 [Coniochaeta pulveracea],264,0.0065,non-degrader
RKU42878.1 hypothetical protein DL546_005581 [Coniochaeta pulveracea],80,0.0065,non-degrader
RKU42826.1 hypothetical protein DL546_006298 [Coniochaeta pulveracea],437,0.0065,non-degrader
RKU42789.1 hypothetical protein DL546_003310 [Coniochaeta pulveracea],1192,0.0065,non-degrader
RKU42740.1 hypothetical protein DL546_005010 [Coniochaeta pulveracea],294,0.0065,non-degrader
RKU42480.1 hypothetical protein DL546_005566 [Coniochaeta pulveracea],402,0.0065,non-degrader
RKU42452.1 RNA-binding protein lsm5 [Coniochaeta pulveracea],83,0.0065,non-degrader
RKU41671.1 hypothetical protein DL546_004568 [Coniochaeta pulveracea],510,0.0065,non-degrader
RKU41607.1 hypothetical protein DL546_002073 [Coniochaeta pulveracea],1559,0.0065,non-degrader
RKU41527.1 hypothetical protein DL546_004913 [Coniochaeta pulveracea],313,0.0065,non-degrader
RKU41526.1 hypothetical protein DL546_004855 [Coniochaeta pulveracea],622,0.0065,non-degrader
RKU41358.1 hypothetical protein DL546_002200 [Coniochaeta pulveracea],537,0.0065,non-degrader
RKU41337.1 hypothetical protein DL546_004284 [Coniochaeta pulveracea],472,0.0065,non-degrader
RKU41171.1 DNA-directed RNA polymerase III subunit rpc25 [Coniochaeta pulveracea],196,0.0065,non-degrader
RKU41168.1 Protein kinase [Coniochaeta pulveracea],957,0.0065,non-degrader
RKU41095.1 thiamine thiazole synthase [Coniochaeta pulveracea],321,0.0065,non-degrader
RKU41094.1 thiamine thiazole synthase [Coniochaeta pulveracea],321,0.0065,non-degrader
RKU40950.1 hypothetical protein DL546_002130 [Coniochaeta pulveracea],515,0.0065,non-degrader
RKU40931.1 4-aminobutyrate transaminase [Coniochaeta pulveracea],359,0.0065,non-degrader
RKU40847.1 hypothetical protein DL546_001812 [Coniochaeta pulveracea],383,0.0065,non-degrader
RKU40828.1 RNA-dependent ATPase [Coniochaeta pulveracea],614,0.0065,non-degrader
RKU40762.1 5-methyltetrahydropteroyltriglutamate--homocysteine methyltransferase [Coniochaeta pulveracea],1119,0.0065,non-degrader
RKU40722.1 hypothetical protein DL546_001221 [Coniochaeta pulveracea],1333,0.0065,non-degrader
RKU40674.1 3'-5' DNA helicase [Coniochaeta pulveracea],1118,0.0065,non-degrader
RKU40533.1 csm1-like protein [Coniochaeta pulveracea],215,0.0065,non-degrader
RKU40478.1 hypothetical protein DL546_001018 [Coniochaeta pulveracea],376,0.0065,non-degrader
RKU40345.1 Pyruvate kinase [Coniochaeta pulveracea],527,0.0065,non-degrader
RKU40309.1 hypothetical protein DL546_001499 [Coniochaeta pulveracea],461,0.0065,non-degrader
"RKU40020.1 GTP-binding protein of the rab, partial [Coniochaeta pulveracea]",127,0.0065,non-degrader
RKU39952.1 hypothetical protein DL546_000882 [Coniochaeta pulveracea],1757,0.0065,non-degrader
RKU39790.1 hypothetical protein DL546_000249 [Coniochaeta pulveracea],935,0.0065,non-degrader
"RKU39700.1 hypothetical protein DL546_000171, partial [Coniochaeta pulveracea]",211,0.0065,non-degrader
RKU49705.1 peptidyl-prolyl cis-trans isomerase cpr6 [Coniochaeta pulveracea],376,0.0064,non-degrader
RKU49548.1 hypothetical protein DL546_009155 [Coniochaeta pulveracea],222,0.0064,non-degrader
RKU49501.1 hypothetical protein DL546_008501 [Coniochaeta pulveracea],366,0.0064,non-degrader
RKU49487.1 Translation factor guf1 mitochondrial [Coniochaeta pulveracea],669,0.0064,non-degrader
RKU48823.1 hypothetical protein DL546_006893 [Coniochaeta pulveracea],941,0.0064,non-degrader
RKU48708.1 transcriptional repressor proteinral negative regulator of transcription subunit 4 [Coniochaeta pulveracea],1571,0.0064,non-degrader
RKU48330.1 Palmitoyltransferase [Coniochaeta pulveracea],445,0.0064,non-degrader
RKU48115.1 hypothetical protein DL546_008949 [Coniochaeta pulveracea],292,0.0064,non-degrader
RKU47733.1 hypothetical protein DL546_002662 [Coniochaeta pulveracea],548,0.0064,non-degrader
"RKU47615.1 MAPK protein hog1, variant 2 [Coniochaeta pulveracea]",358,0.0064,non-degrader
RKU47614.1 MAPK protein hog1 [Coniochaeta pulveracea],358,0.0064,non-degrader
RKU47562.1 hypothetical protein DL546_006872 [Coniochaeta pulveracea],192,0.0064,non-degrader
RKU47526.1 hypothetical protein DL546_005126 [Coniochaeta pulveracea],701,0.0064,non-degrader
RKU47519.1 hypothetical protein DL546_004593 [Coniochaeta pulveracea],617,0.0064,non-degrader
RKU47474.1 hypothetical protein DL546_009378 [Coniochaeta pulveracea],516,0.0064,non-degrader
RKU47293.1 NADPH-cytochrome P450 reductase [Coniochaeta pulveracea],692,0.0064,non-degrader
RKU46874.1 hypothetical protein DL546_009042 [Coniochaeta pulveracea],95,0.0064,non-degrader
RKU46856.1 hypothetical protein DL546_008479 [Coniochaeta pulveracea],327,0.0064,non-degrader
RKU46832.1 hypothetical protein DL546_007947 [Coniochaeta pulveracea],708,0.0064,non-degrader
RKU46623.1 Beta-apo-4'-carotenal oxygenase [Coniochaeta pulveracea],533,0.0064,non-degrader
RKU46599.1 hypothetical protein DL546_006174 [Coniochaeta pulveracea],289,0.0064,non-degrader
RKU45991.1 CAAX geranylgeranyltransferase alpha subunit [Coniochaeta pulveracea],531,0.0064,non-degrader
RKU45866.1 hypothetical protein DL546_007833 [Coniochaeta pulveracea],340,0.0064,non-degrader
RKU45798.1 hypothetical protein DL546_004861 [Coniochaeta pulveracea],615,0.0064,non-degrader
RKU45671.1 hypothetical protein DL546_005156 [Coniochaeta pulveracea],307,0.0064,non-degrader
RKU45343.1 Translation initiation factor 3 subunit b [Coniochaeta pulveracea],748,0.0064,non-degrader
RKU45290.1 hypothetical protein DL546_006301 [Coniochaeta pulveracea],1022,0.0064,non-degrader
RKU45194.1 Peptidyl-prolyl cis-trans isomerase pin4 [Coniochaeta pulveracea],128,0.0064,non-degrader
RKU45068.1 rab GDP-dissociation inhibitor [Coniochaeta pulveracea],485,0.0064,non-degrader
RKU45015.1 hypothetical protein DL546_003789 [Coniochaeta pulveracea],208,0.0064,non-degrader
RKU45006.1 hypothetical protein DL546_002866 [Coniochaeta pulveracea],552,0.0064,non-degrader
RKU44902.1 hypothetical protein DL546_001762 [Coniochaeta pulveracea],278,0.0064,non-degrader
RKU44880.1 hypothetical protein DL546_007345 [Coniochaeta pulveracea],137,0.0064,non-degrader
RKU44829.1 hypothetical protein DL546_003034 [Coniochaeta pulveracea],189,0.0064,non-degrader
RKU44420.1 hypothetical protein DL546_006705 [Coniochaeta pulveracea],432,0.0064,non-degrader
RKU44257.1 hypothetical protein DL546_007155 [Coniochaeta pulveracea],943,0.0064,non-degrader
RKU43753.1 hypothetical protein DL546_006315 [Coniochaeta pulveracea],317,0.0064,non-degrader
RKU43634.1 hypothetical protein DL546_004298 [Coniochaeta pulveracea],124,0.0064,non-degrader
RKU43596.1 3-dehydrosphinganine reductase [Coniochaeta pulveracea],435,0.0064,non-degrader
RKU43050.1 RNA polymerase II transcription factor B 52 kDa subunit [Coniochaeta pulveracea],510,0.0064,non-degrader
RKU42843.1 hypothetical protein DL546_001913 [Coniochaeta pulveracea],270,0.0064,non-degrader
RKU42794.1 hypothetical protein DL546_003851 [Coniochaeta pulveracea],564,0.0064,non-degrader
RKU42718.1 cell division control protein 14 [Coniochaeta pulveracea],674,0.0064,non-degrader
RKU42644.1 sister chromatid cohesion protein 1 [Coniochaeta pulveracea],661,0.0064,non-degrader
RKU42607.1 hypothetical protein DL546_004981 [Coniochaeta pulveracea],415,0.0064,non-degrader
RKU42514.1 hypothetical protein DL546_002691 [Coniochaeta pulveracea],212,0.0064,non-degrader
RKU42278.1 hypothetical protein DL546_005768 [Coniochaeta pulveracea],282,0.0064,non-degrader
RKU42274.1 hypothetical protein DL546_005548 [Coniochaeta pulveracea],538,0.0064,non-degrader
RKU42267.1 hypothetical protein DL546_005059 [Coniochaeta pulveracea],234,0.0064,non-degrader
RKU42171.1 hypothetical protein DL546_002053 [Coniochaeta pulveracea],550,0.0064,non-degrader
RKU41967.1 Diphthamide biosynthesis protein 2 [Coniochaeta pulveracea],542,0.0064,non-degrader
RKU41882.1 hypothetical protein DL546_003710 [Coniochaeta pulveracea],1073,0.0064,non-degrader
RKU41609.1 hypothetical protein DL546_002482 [Coniochaeta pulveracea],232,0.0064,non-degrader
RKU41473.1 hypothetical protein DL546_003985 [Coniochaeta pulveracea],542,0.0064,non-degrader
RKU41418.1 hypothetical protein DL546_003447 [Coniochaeta pulveracea],614,0.0064,non-degrader
"RKU41090.1 putative mitochondrial protein, conserved [Coniochaeta pulveracea]",148,0.0064,non-degrader
RKU40773.1 Cytosolic iron-sulfur protein assembly protein [Coniochaeta pulveracea],447,0.0064,non-degrader
RKU40709.1 hypothetical protein DL546_003696 [Coniochaeta pulveracea],422,0.0064,non-degrader
RKU40682.1 Cysteine synthase 2 [Coniochaeta pulveracea],464,0.0064,non-degrader
"RKU40642.1 39S ribosomal protein L44, mitochondrial [Coniochaeta pulveracea]",98,0.0064,non-degrader
RKU40443.1 hypothetical protein DL546_003200 [Coniochaeta pulveracea],93,0.0064,non-degrader
RKU40249.1 hypothetical protein DL546_002374 [Coniochaeta pulveracea],414,0.0064,non-degrader
RKU40158.1 Nonribosomal Peptide Synthase (NRPS) [Coniochaeta pulveracea],2061,0.0064,non-degrader
RKU39929.1 hypothetical protein DL546_001512 [Coniochaeta pulveracea],371,0.0064,non-degrader
RKU39772.1 hypothetical protein DL546_000386 [Coniochaeta pulveracea],625,0.0064,non-degrader
RKU49616.1 GCD complex subunit gcd7 [Coniochaeta pulveracea],426,0.0063,non-degrader
RKU49597.1 hypothetical protein DL546_009485 [Coniochaeta pulveracea],269,0.0063,non-degrader
RKU49434.1 hypothetical protein DL546_006885 [Coniochaeta pulveracea],494,0.0063,non-degrader
RKU49303.1 Lactoylglutathione lyase [Coniochaeta pulveracea],365,0.0063,non-degrader
RKU49240.1 hypothetical protein DL546_009601 [Coniochaeta pulveracea],130,0.0063,non-degrader
RKU49114.1 hypothetical protein DL546_007230 [Coniochaeta pulveracea],1423,0.0063,non-degrader
RKU48771.1 putative GTPase [Coniochaeta pulveracea],534,0.0063,non-degrader
RKU48544.1 hypothetical protein DL546_007351 [Coniochaeta pulveracea],183,0.0063,non-degrader
RKU48504.1 hypothetical protein DL546_005979 [Coniochaeta pulveracea],59,0.0063,non-degrader
RKU48361.1 NAD(P)H-dependent D-xylose reductase (XR) [Coniochaeta pulveracea],383,0.0063,non-degrader
RKU48313.1 hypothetical protein DL546_008012 [Coniochaeta pulveracea],562,0.0063,non-degrader
RKU48302.1 chromatin binding protein [Coniochaeta pulveracea],468,0.0063,non-degrader
RKU48044.1 hypothetical protein DL546_007794 [Coniochaeta pulveracea],157,0.0063,non-degrader
RKU47992.1 hypothetical protein DL546_005255 [Coniochaeta pulveracea],1547,0.0063,non-degrader
RKU47890.1 ADP/ATP carrier protein [Coniochaeta pulveracea],346,0.0063,non-degrader
RKU47748.1 E3 ubiquitin ligase complex SCF subunit scon-2 [Coniochaeta pulveracea],730,0.0063,non-degrader
RKU47685.1 hypothetical protein DL546_009217 [Coniochaeta pulveracea],177,0.0063,non-degrader
RKU47282.1 hypothetical protein DL546_009153 [Coniochaeta pulveracea],1261,0.0063,non-degrader
RKU46861.1 ferrochelatase hem15 [Coniochaeta pulveracea],430,0.0063,non-degrader
RKU46187.1 Vacuolar fusion protein mon1 [Coniochaeta pulveracea],610,0.0063,non-degrader
RKU46110.1 hypothetical protein DL546_006376 [Coniochaeta pulveracea],454,0.0063,non-degrader
RKU45589.1 Protein sds23 [Coniochaeta pulveracea],531,0.0063,non-degrader
RKU45444.1 hypothetical protein DL546_007128 [Coniochaeta pulveracea],247,0.0063,non-degrader
RKU45250.1 protein phosphatase 2A regulatory subunit cdc55 [Coniochaeta pulveracea],480,0.0063,non-degrader
RKU45228.1 hypothetical protein DL546_001643 [Coniochaeta pulveracea],305,0.0063,non-degrader
RKU45189.1 Dcp1p-Dcp2p decapping enzyme complex alpha subunit [Coniochaeta pulveracea],392,0.0063,non-degrader
RKU45024.1 Cell wall assembly regulator [Coniochaeta pulveracea],549,0.0063,non-degrader
RKU44935.1 hypothetical protein DL546_004852 [Coniochaeta pulveracea],489,0.0063,non-degrader
RKU44841.1 hypothetical protein DL546_004815 [Coniochaeta pulveracea],748,0.0063,non-degrader
RKU44637.1 hypothetical protein DL546_007499 [Coniochaeta pulveracea],1526,0.0063,non-degrader
RKU44563.1 Folylpolyglutamate synthetase [Coniochaeta pulveracea],527,0.0063,non-degrader
RKU44475.1 hypothetical protein DL546_003090 [Coniochaeta pulveracea],1500,0.0063,non-degrader
RKU44452.1 NADH-ubiquinone oxidoreductase 40 kDa subunit [Coniochaeta pulveracea],377,0.0063,non-degrader
RKU44417.1 hypothetical protein DL546_006563 [Coniochaeta pulveracea],139,0.0063,non-degrader
RKU44307.1 hypothetical protein DL546_004925 [Coniochaeta pulveracea],538,0.0063,non-degrader
RKU44024.1 hypothetical protein DL546_004354 [Coniochaeta pulveracea],402,0.0063,non-degrader
RKU43996.1 hypothetical protein DL546_006636 [Coniochaeta pulveracea],360,0.0063,non-degrader
RKU43980.1 hypothetical protein DL546_005476 [Coniochaeta pulveracea],965,0.0063,non-degrader
RKU43940.1 hypothetical protein DL546_002362 [Coniochaeta pulveracea],197,0.0063,non-degrader
RKU43816.1 succinate dehydrogenase flavoprotein subunit [Coniochaeta pulveracea],648,0.0063,non-degrader
RKU43697.1 hypothetical protein DL546_001726 [Coniochaeta pulveracea],648,0.0063,non-degrader
RKU43686.1 Urease [Coniochaeta pulveracea],837,0.0063,non-degrader
RKU43507.1 hypothetical protein DL546_004836 [Coniochaeta pulveracea],361,0.0063,non-degrader
RKU43478.1 hypothetical protein DL546_002769 [Coniochaeta pulveracea],603,0.0063,non-degrader
RKU43298.1 hypothetical protein DL546_000808 [Coniochaeta pulveracea],517,0.0063,non-degrader
RKU43267.1 hypothetical protein DL546_005376 [Coniochaeta pulveracea],675,0.0063,non-degrader
RKU43207.1 4-aminobutyrate transaminase [Coniochaeta pulveracea],509,0.0063,non-degrader
RKU43111.1 hypothetical protein DL546_004771 [Coniochaeta pulveracea],435,0.0063,non-degrader
RKU43007.1 Ubiquitin-conjugating enzyme E2 6 [Coniochaeta pulveracea],266,0.0063,non-degrader
RKU42993.1 hypothetical protein DL546_001885 [Coniochaeta pulveracea],320,0.0063,non-degrader
RKU42800.1 pumilio domain member 6 [Coniochaeta pulveracea],700,0.0063,non-degrader
RKU42701.1 Adenylyl-sulfate kinase [Coniochaeta pulveracea],291,0.0063,non-degrader
RKU42231.1 hypothetical protein DL546_001879 [Coniochaeta pulveracea],334,0.0063,non-degrader
RKU42188.1 hypothetical protein DL546_003558 [Coniochaeta pulveracea],251,0.0063,non-degrader
RKU42140.1 Mitochondrial ATPase complex subunit atp10 [Coniochaeta pulveracea],341,0.0063,non-degrader
"RKU42128.1 peroxisomal assembly protein, variant 2 [Coniochaeta pulveracea]",1382,0.0063,non-degrader
RKU42118.1 hypothetical protein DL546_003373 [Coniochaeta pulveracea],532,0.0063,non-degrader
RKU41959.1 hypothetical protein DL546_005182 [Coniochaeta pulveracea],538,0.0063,non-degrader
RKU41744.1 mRNA turnover and ribosome assembly protein [Coniochaeta pulveracea],252,0.0063,non-degrader
RKU41678.1 hypothetical protein DL546_005012 [Coniochaeta pulveracea],149,0.0063,non-degrader
RKU41507.1 hypothetical protein DL546_003083 [Coniochaeta pulveracea],419,0.0063,non-degrader
RKU41322.1 Methionine aminopeptidase 1 [Coniochaeta pulveracea],393,0.0063,non-degrader
RKU41128.1 hypothetical protein DL546_004613 [Coniochaeta pulveracea],439,0.0063,non-degrader
RKU40968.1 hypothetical protein DL546_003522 [Coniochaeta pulveracea],1180,0.0063,non-degrader
RKU40700.1 hypothetical protein DL546_002458 [Coniochaeta pulveracea],478,0.0063,non-degrader
RKU40651.1 hypothetical protein DL546_000729 [Coniochaeta pulveracea],183,0.0063,non-degrader
RKU40269.1 hypothetical protein DL546_002107 [Coniochaeta pulveracea],553,0.0063,non-degrader
RKU40256.1 ATP-dependent DNA helicase chl1 [Coniochaeta pulveracea],873,0.0063,non-degrader
RKU40106.1 hypothetical protein DL546_000312 [Coniochaeta pulveracea],458,0.0063,non-degrader
RKU40103.1 hypothetical protein DL546_002384 [Coniochaeta pulveracea],502,0.0063,non-degrader
RKU39958.1 regulator of (H+)-ATPase in vacuolar membrane [Coniochaeta pulveracea],598,0.0063,non-degrader
RKU49399.1 hypothetical protein DL546_005281 [Coniochaeta pulveracea],336,0.0062,non-degrader
RKU49388.1 hypothetical protein DL546_004634 [Coniochaeta pulveracea],1142,0.0062,non-degrader
RKU49299.1 hypothetical protein DL546_009796 [Coniochaeta pulveracea],349,0.0062,non-degrader
RKU49252.1 hypothetical protein DL546_009643 [Coniochaeta pulveracea],1154,0.0062,non-degrader
RKU48894.1 hypothetical protein DL546_008642 [Coniochaeta pulveracea],276,0.0062,non-degrader
RKU48835.1 hypothetical protein DL546_007267 [Coniochaeta pulveracea],660,0.0062,non-degrader
RKU48768.1 hypothetical protein DL546_003893 [Coniochaeta pulveracea],516,0.0062,non-degrader
RKU48736.1 hypothetical protein DL546_000751 [Coniochaeta pulveracea],276,0.0062,non-degrader
RKU48513.1 UDP-N-acetylglucosamine pyrophosphorylase [Coniochaeta pulveracea],503,0.0062,non-degrader
RKU48249.1 hypothetical protein DL546_005123 [Coniochaeta pulveracea],263,0.0062,non-degrader
RKU48102.1 hypothetical protein DL546_008784 [Coniochaeta pulveracea],1036,0.0062,non-degrader
RKU48041.1 Mitochondrial oxaloacetate carrier protein [Coniochaeta pulveracea],308,0.0062,non-degrader
RKU47943.1 hypothetical protein DL546_000803 [Coniochaeta pulveracea],298,0.0062,non-degrader
RKU47644.1 hypothetical protein DL546_008766 [Coniochaeta pulveracea],231,0.0062,non-degrader
"RKU47613.1 late secretory pathway protein avl9, variant 2 [Coniochaeta pulveracea]",594,0.0062,non-degrader
RKU47603.1 hypothetical protein DL546_008021 [Coniochaeta pulveracea],344,0.0062,non-degrader
RKU47589.1 hypothetical protein DL546_007683 [Coniochaeta pulveracea],875,0.0062,non-degrader
RKU47531.1 hypothetical protein DL546_005494 [Coniochaeta pulveracea],570,0.0062,non-degrader
RKU47401.1 hypothetical protein DL546_007563 [Coniochaeta pulveracea],451,0.0062,non-degrader
RKU47386.1 hypothetical protein DL546_007111 [Coniochaeta pulveracea],805,0.0062,non-degrader
RKU47363.1 hypothetical protein DL546_006063 [Coniochaeta pulveracea],1040,0.0062,non-degrader
RKU46919.1 hypothetical protein DL546_003487 [Coniochaeta pulveracea],440,0.0062,non-degrader
RKU46833.1 hypothetical protein DL546_007947 [Coniochaeta pulveracea],712,0.0062,non-degrader
RKU46704.1 hypothetical protein DL546_008957 [Coniochaeta pulveracea],832,0.0062,non-degrader
RKU46329.1 Type I Iterative Polyketide synthase (PKS) [Coniochaeta pulveracea],2589,0.0062,non-degrader
RKU46306.1 DNA-binding transcription factor [Coniochaeta pulveracea],726,0.0062,non-degrader
RKU46232.1 hypothetical protein DL546_004807 [Coniochaeta pulveracea],198,0.0062,non-degrader
RKU45983.1 hypothetical protein DL546_007051 [Coniochaeta pulveracea],841,0.0062,non-degrader
RKU45926.1 hypothetical protein DL546_003113 [Coniochaeta pulveracea],1421,0.0062,non-degrader
RKU45531.1 phytoene dehydrogenase AL-1 [Coniochaeta pulveracea],603,0.0062,non-degrader
RKU45478.1 hypothetical protein DL546_008150 [Coniochaeta pulveracea],197,0.0062,non-degrader
RKU45333.1 hypothetical protein DL546_007703 [Coniochaeta pulveracea],764,0.0062,non-degrader
RKU45257.1 NADH:ubiquinone oxidoreductase 49kD subunit [Coniochaeta pulveracea],481,0.0062,non-degrader
"RKU45187.1 alpha 1,2 mannosyltransferase [Coniochaeta pulveracea]",521,0.0062,non-degrader
RKU45019.1 hypothetical protein DL546_004164 [Coniochaeta pulveracea],275,0.0062,non-degrader
RKU44846.1 hypothetical protein DL546_005107 [Coniochaeta pulveracea],2183,0.0062,non-degrader
RKU44645.1 hypothetical protein DL546_001350 [Coniochaeta pulveracea],351,0.0062,non-degrader
RKU44622.1 hypothetical protein DL546_006990 [Coniochaeta pulveracea],1096,0.0062,non-degrader
RKU44610.1 hypothetical protein DL546_006445 [Coniochaeta pulveracea],354,0.0062,non-degrader
RKU44437.1 hypothetical protein DL546_007409 [Coniochaeta pulveracea],350,0.0062,non-degrader
RKU44279.1 hypothetical protein DL546_001513 [Coniochaeta pulveracea],434,0.0062,non-degrader
RKU44258.1 Mitochondrial-processing peptidase subunit alpha [Coniochaeta pulveracea],576,0.0062,non-degrader
RKU44192.1 hypothetical protein DL546_000844 [Coniochaeta pulveracea],1462,0.0062,non-degrader
RKU43994.1 hypothetical protein DL546_006502 [Coniochaeta pulveracea],721,0.0062,non-degrader
RKU43954.1 hypothetical protein DL546_003657 [Coniochaeta pulveracea],758,0.0062,non-degrader
"RKU43914.1 Glycerophosphocholine phosphodiesterase, variant 2 [Coniochaeta pulveracea]",1119,0.0062,non-degrader
RKU43751.1 hypothetical protein DL546_006179 [Coniochaeta pulveracea],457,0.0062,non-degrader
RKU43690.1 hypothetical protein DL546_001033 [Coniochaeta pulveracea],274,0.0062,non-degrader
"RKU43462.1 Alternative oxidase, mitochondrial precursor [Coniochaeta pulveracea]",666,0.0062,non-degrader
RKU43407.1 hypothetical protein DL546_003285 [Coniochaeta pulveracea],687,0.0062,non-degrader
RKU43295.1 hypothetical protein DL546_000143 [Coniochaeta pulveracea],870,0.0062,non-degrader
RKU43211.1 COP9/signalosome complex subunit Csn2 [Coniochaeta pulveracea],495,0.0062,non-degrader
RKU42972.1 mitochondrial escape protein 2 [Coniochaeta pulveracea],881,0.0062,non-degrader
RKU42775.1 hypothetical protein DL546_001988 [Coniochaeta pulveracea],282,0.0062,non-degrader
RKU42642.1 hypothetical protein DL546_000949 [Coniochaeta pulveracea],329,0.0062,non-degrader
RKU42570.1 Vacuolar-sorting protein SNF7 [Coniochaeta pulveracea],209,0.0062,non-degrader
RKU42428.1 hypothetical protein DL546_000112 [Coniochaeta pulveracea],834,0.0062,non-degrader
RKU42427.1 hypothetical protein DL546_006022 [Coniochaeta pulveracea],277,0.0062,non-degrader
RKU42364.1 hypothetical protein DL546_001179 [Coniochaeta pulveracea],318,0.0062,non-degrader
RKU42186.1 hypothetical protein DL546_003459 [Coniochaeta pulveracea],470,0.0062,non-degrader
RKU42130.1 Riboflavin synthase alpha chain [Coniochaeta pulveracea],234,0.0062,non-degrader
RKU42113.1 tRNA(m(1)G37)methyltransferase [Coniochaeta pulveracea],467,0.0062,non-degrader
RKU42073.1 hypothetical protein DL546_004418 [Coniochaeta pulveracea],1395,0.0062,non-degrader
RKU41991.1 sla2 Src like adaptor 2 [Coniochaeta pulveracea],1050,0.0062,non-degrader
RKU41838.1 hypothetical protein DL546_005066 [Coniochaeta pulveracea],951,0.0062,non-degrader
"RKU41381.1 Histidine kinase, variant 2 [Coniochaeta pulveracea]",964,0.0062,non-degrader
RKU41199.1 hypothetical protein DL546_002924 [Coniochaeta pulveracea],565,0.0062,non-degrader
"RKU41175.1 NAD-dependent 5,10-methylenetetrahydrafolate dehydrogenase [Coniochaeta pulveracea]",254,0.0062,non-degrader
RKU41072.1 Small subunit (SSU) processome component [Coniochaeta pulveracea],404,0.0062,non-degrader
RKU40755.1 hypothetical protein DL546_000968 [Coniochaeta pulveracea],268,0.0062,non-degrader
RKU40622.1 hypothetical protein DL546_003029 [Coniochaeta pulveracea],425,0.0062,non-degrader
"RKU40247.1 alpha-1,6-mannosyltransferase [Coniochaeta pulveracea]",346,0.0062,non-degrader
RKU39984.1 sphinganine kinase lcb4 [Coniochaeta pulveracea],498,0.0062,non-degrader
RKU39909.1 hypothetical protein DL546_001584 [Coniochaeta pulveracea],270,0.0062,non-degrader
RKU39767.1 hypothetical protein DL546_000571 [Coniochaeta pulveracea],433,0.0062,non-degrader
RKU49633.1 hypothetical protein DL546_009645 [Coniochaeta pulveracea],311,0.0061,non-degrader
RKU49371.1 Isocitrate dehydrogenase [NADP] [Coniochaeta pulveracea],472,0.0061,non-degrader
"RKU49261.1 Polyketide synthase, type III [Coniochaeta pulveracea]",875,0.0061,non-degrader
"RKU48713.1 Hsp70 suppressor, GTPase facilitates ribosomal subunit dissociation [Coniochaeta pulveracea]",829,0.0061,non-degrader
RKU48670.1 hypothetical protein DL546_009428 [Coniochaeta pulveracea],203,0.0061,non-degrader
RKU48547.1 hypothetical protein DL546_007440 [Coniochaeta pulveracea],530,0.0061,non-degrader
RKU48399.1 hypothetical protein DL546_009453 [Coniochaeta pulveracea],612,0.0061,non-degrader
RKU48331.1 hypothetical protein DL546_008399 [Coniochaeta pulveracea],958,0.0061,non-degrader
RKU48157.1 Proteasome subunit alpha type-4 [Coniochaeta pulveracea],270,0.0061,non-degrader
RKU48034.1 mRNA-decapping enzyme subunit 2 [Coniochaeta pulveracea],955,0.0061,non-degrader
RKU47988.1 hypothetical protein DL546_004978 [Coniochaeta pulveracea],780,0.0061,non-degrader
RKU47755.1 acetyl-coenzyme-A carboxylase [Coniochaeta pulveracea],2288,0.0061,non-degrader
RKU47564.1 hypothetical protein DL546_006892 [Coniochaeta pulveracea],372,0.0061,non-degrader
RKU47492.1 hypothetical protein DL546_002147 [Coniochaeta pulveracea],324,0.0061,non-degrader
RKU47190.1 hypothetical protein DL546_007852 [Coniochaeta pulveracea],151,0.0061,non-degrader
RKU47134.1 hypothetical protein DL546_005629 [Coniochaeta pulveracea],1154,0.0061,non-degrader
RKU47117.1 hypothetical protein DL546_004670 [Coniochaeta pulveracea],443,0.0061,non-degrader
RKU46731.1 hypothetical protein DL546_002377 [Coniochaeta pulveracea],402,0.0061,non-degrader
RKU46324.1 hypothetical protein DL546_008289 [Coniochaeta pulveracea],455,0.0061,non-degrader
RKU46311.1 dolichol-P-mannose synthesis [Coniochaeta pulveracea],244,0.0061,non-degrader
RKU46222.1 hypothetical protein DL546_003795 [Coniochaeta pulveracea],765,0.0061,non-degrader
RKU46220.1 bck1-like resistance to osmotic shock [Coniochaeta pulveracea],978,0.0061,non-degrader
RKU46073.1 hypothetical protein DL546_004000 [Coniochaeta pulveracea],323,0.0061,non-degrader
RKU46027.1 mitochondrial splicing system relatd protein [Coniochaeta pulveracea],519,0.0061,non-degrader
RKU45782.1 hypothetical protein DL546_002587 [Coniochaeta pulveracea],414,0.0061,non-degrader
RKU45742.1 autophagy-related protein 7 (ATG12-activating enzyme E1 ATG7) [Coniochaeta pulveracea],706,0.0061,non-degrader
RKU45678.1 hypothetical protein DL546_005520 [Coniochaeta pulveracea],192,0.0061,non-degrader
RKU45611.1 hypothetical protein DL546_008169 [Coniochaeta pulveracea],501,0.0061,non-degrader
RKU45447.1 hypothetical protein DL546_007296 [Coniochaeta pulveracea],138,0.0061,non-degrader
RKU45096.1 hypothetical protein DL546_001041 [Coniochaeta pulveracea],608,0.0061,non-degrader
RKU44954.1 palmitoyltransferase for Vac8p [Coniochaeta pulveracea],579,0.0061,non-degrader
RKU44900.1 Vacuolar protein sorting-associated protein 5 [Coniochaeta pulveracea],581,0.0061,non-degrader
RKU44847.1 centrin [Coniochaeta pulveracea],179,0.0061,non-degrader
RKU44754.1 Mitochondrial chaperone Frataxin [Coniochaeta pulveracea],197,0.0061,non-degrader
RKU44733.1 hypothetical protein DL546_007507 [Coniochaeta pulveracea],786,0.0061,non-degrader
RKU44612.1 hypothetical protein DL546_006445 [Coniochaeta pulveracea],447,0.0061,non-degrader
RKU44518.1 hypothetical protein DL546_006555 [Coniochaeta pulveracea],705,0.0061,non-degrader
RKU44216.1 DNA-directed DNA polymerase gamma mip1 [Coniochaeta pulveracea],951,0.0061,non-degrader
RKU43972.1 hypothetical protein DL546_004993 [Coniochaeta pulveracea],250,0.0061,non-degrader
RKU43917.1 hypothetical protein DL546_000043 [Coniochaeta pulveracea],801,0.0061,non-degrader
RKU43890.1 Nucleolar protein 58 [Coniochaeta pulveracea],579,0.0061,non-degrader
RKU43704.1 hypothetical protein DL546_002456 [Coniochaeta pulveracea],782,0.0061,non-degrader
RKU43689.1 hypothetical protein DL546_000983 [Coniochaeta pulveracea],139,0.0061,non-degrader
RKU43367.1 suppressor of loss of ypt1 [Coniochaeta pulveracea],565,0.0061,non-degrader
RKU43262.1 hypothetical protein DL546_005029 [Coniochaeta pulveracea],1521,0.0061,non-degrader
RKU43248.1 Bifunctional purine biosynthetic protein ade1 [Coniochaeta pulveracea],313,0.0061,non-degrader
RKU43132.1 hypothetical protein DL546_006526 [Coniochaeta pulveracea],700,0.0061,non-degrader
RKU42950.1 hypothetical protein DL546_005393 [Coniochaeta pulveracea],341,0.0061,non-degrader
RKU42641.1 hypothetical protein DL546_000752 [Coniochaeta pulveracea],778,0.0061,non-degrader
RKU42406.1 hypothetical protein DL546_005020 [Coniochaeta pulveracea],525,0.0061,non-degrader
RKU42390.1 ASTRA complex subunit [Coniochaeta pulveracea],438,0.0061,non-degrader
RKU42249.1 protease B nonderepressible form [Coniochaeta pulveracea],509,0.0061,non-degrader
RKU42129.1 hypothetical protein DL546_004257 [Coniochaeta pulveracea],1321,0.0061,non-degrader
RKU42124.1 hypothetical protein DL546_003886 [Coniochaeta pulveracea],204,0.0061,non-degrader
RKU42035.1 hypothetical protein DL546_000100 [Coniochaeta pulveracea],377,0.0061,non-degrader
RKU42019.1 hypothetical protein DL546_004929 [Coniochaeta pulveracea],538,0.0061,non-degrader
RKU41589.1 hypothetical protein DL546_005184 [Coniochaeta pulveracea],527,0.0061,non-degrader
"RKU41487.1 hypothetical protein DL546_000032, partial [Coniochaeta pulveracea]",378,0.0061,non-degrader
RKU41210.1 hypothetical protein DL546_003611 [Coniochaeta pulveracea],618,0.0061,non-degrader
RKU41025.1 hypothetical protein DL546_002237 [Coniochaeta pulveracea],132,0.0061,non-degrader
RKU40912.1 pre-mRNA-splicing factor rse1 [Coniochaeta pulveracea],1211,0.0061,non-degrader
RKU40855.1 hypothetical protein DL546_003157 [Coniochaeta pulveracea],785,0.0061,non-degrader
RKU40658.1 hypothetical protein DL546_001603 [Coniochaeta pulveracea],99,0.0061,non-degrader
RKU40405.1 hypothetical protein DL546_000401 [Coniochaeta pulveracea],430,0.0061,non-degrader
RKU40365.1 GPI transamidase component [Coniochaeta pulveracea],548,0.0061,non-degrader
RKU40121.1 hypothetical protein DL546_002163 [Coniochaeta pulveracea],754,0.0061,non-degrader
RKU40120.1 hypothetical protein DL546_002059 [Coniochaeta pulveracea],625,0.0061,non-degrader
RKU40094.1 hypothetical protein DL546_000224 [Coniochaeta pulveracea],198,0.0061,non-degrader
RKU40047.1 Nonribosomal Peptide Synthase (NRPS) [Coniochaeta pulveracea],1795,0.0061,non-degrader
RKU39744.1 hypothetical protein DL546_000522 [Coniochaeta pulveracea],218,0.0061,non-degrader
"RKU49258.1 Fructose-1,6-bisphosphatase [Coniochaeta pulveracea]",348,0.006,non-degrader
RKU49255.1 hypothetical protein DL546_009657 [Coniochaeta pulveracea],851,0.006,non-degrader
RKU48845.1 hypothetical protein DL546_007530 [Coniochaeta pulveracea],877,0.006,non-degrader
RKU48819.1 hypothetical protein DL546_006762 [Coniochaeta pulveracea],308,0.006,non-degrader
RKU48448.1 hypothetical protein DL546_001490 [Coniochaeta pulveracea],292,0.006,non-degrader
RKU48416.1 proteasome regulatory particle base subunit [Coniochaeta pulveracea],1174,0.006,non-degrader
RKU47701.1 DNA topoisomerase 2 [Coniochaeta pulveracea],1755,0.006,non-degrader
RKU47697.1 hypothetical protein DL546_009312 [Coniochaeta pulveracea],597,0.006,non-degrader
RKU47670.1 Vacuolar protein sorting-associated protein 35 [Coniochaeta pulveracea],887,0.006,non-degrader
RKU47484.1 hypothetical protein DL546_001322 [Coniochaeta pulveracea],111,0.006,non-degrader
RKU47347.1 hypothetical protein DL546_005114 [Coniochaeta pulveracea],1532,0.006,non-degrader
RKU47032.1 hypothetical protein DL546_008548 [Coniochaeta pulveracea],1059,0.006,non-degrader
RKU46980.1 hypothetical protein DL546_007100 [Coniochaeta pulveracea],4173,0.006,non-degrader
RKU46886.1 hypothetical protein DL546_009177 [Coniochaeta pulveracea],100,0.006,non-degrader
RKU46815.1 hypothetical protein DL546_007645 [Coniochaeta pulveracea],418,0.006,non-degrader
RKU46693.1 hypothetical protein DL546_008755 [Coniochaeta pulveracea],279,0.006,non-degrader
RKU46538.1 hypothetical protein DL546_000343 [Coniochaeta pulveracea],1139,0.006,non-degrader
RKU46410.1 hypothetical protein DL546_005589 [Coniochaeta pulveracea],286,0.006,non-degrader
RKU46378.1 hypothetical protein DL546_004003 [Coniochaeta pulveracea],208,0.006,non-degrader
RKU46223.1 hypothetical protein DL546_003923 [Coniochaeta pulveracea],1651,0.006,non-degrader
RKU46070.1 hypothetical protein DL546_003876 [Coniochaeta pulveracea],256,0.006,non-degrader
RKU46050.1 exosome catalytic subunit dis3 [Coniochaeta pulveracea],988,0.006,non-degrader
RKU46019.1 hypothetical protein DL546_008258 [Coniochaeta pulveracea],147,0.006,non-degrader
RKU46003.1 hypothetical protein DL546_007803 [Coniochaeta pulveracea],1692,0.006,non-degrader
RKU45890.1 translation initiation factor eIF-2B subunit alpha [Coniochaeta pulveracea],358,0.006,non-degrader
RKU45698.1 hypothetical protein DL546_006853 [Coniochaeta pulveracea],265,0.006,non-degrader
RKU45594.1 hypothetical protein DL546_007773 [Coniochaeta pulveracea],430,0.006,non-degrader
RKU45583.1 hypothetical protein DL546_007482 [Coniochaeta pulveracea],569,0.006,non-degrader
RKU45457.1 hypothetical protein DL546_007666 [Coniochaeta pulveracea],612,0.006,non-degrader
RKU45427.1 hypothetical protein DL546_006438 [Coniochaeta pulveracea],1257,0.006,non-degrader
RKU45208.1 hypothetical protein DL546_008166 [Coniochaeta pulveracea],909,0.006,non-degrader
RKU44966.1 hypothetical protein DL546_006900 [Coniochaeta pulveracea],391,0.006,non-degrader
RKU44592.1 hypothetical protein DL546_005480 [Coniochaeta pulveracea],418,0.006,non-degrader
RKU44483.1 suppressor of glycerol defect [Coniochaeta pulveracea],938,0.006,non-degrader
RKU44327.1 Rab proteins geranylgeranyltransferase component A [Coniochaeta pulveracea],513,0.006,non-degrader
RKU44313.1 hypothetical protein DL546_005565 [Coniochaeta pulveracea],887,0.006,non-degrader
RKU44086.1 hypothetical protein DL546_007299 [Coniochaeta pulveracea],375,0.006,non-degrader
RKU44055.1 Altered inheritance of mitochondria protein 18 mitochondrial [Coniochaeta pulveracea],343,0.006,non-degrader
RKU43911.1 hypothetical protein DL546_007048 [Coniochaeta pulveracea],85,0.006,non-degrader
RKU43870.1 hypothetical protein DL546_004544 [Coniochaeta pulveracea],153,0.006,non-degrader
RKU43772.1 hypothetical protein DL546_003699 [Coniochaeta pulveracea],488,0.006,non-degrader
RKU43717.1 Transcriptional regulator [Coniochaeta pulveracea],710,0.006,non-degrader
RKU43699.1 hypothetical protein DL546_001953 [Coniochaeta pulveracea],359,0.006,non-degrader
RKU43592.1 hypothetical protein DL546_005997 [Coniochaeta pulveracea],273,0.006,non-degrader
RKU43420.1 hypothetical protein DL546_004869 [Coniochaeta pulveracea],538,0.006,non-degrader
RKU43376.1 Transcription initiation factor TFIID subunit 10 [Coniochaeta pulveracea],209,0.006,non-degrader
RKU43218.1 hypothetical protein DL546_001103 [Coniochaeta pulveracea],250,0.006,non-degrader
RKU43135.1 hypothetical protein DL546_000154 [Coniochaeta pulveracea],564,0.006,non-degrader
RKU43019.1 hypothetical protein DL546_003940 [Coniochaeta pulveracea],1187,0.006,non-degrader
RKU42706.1 hypothetical protein DL546_001985 [Coniochaeta pulveracea],517,0.006,non-degrader
RKU42630.1 Delta(24)-sterol C-methyltransferase [Coniochaeta pulveracea],379,0.006,non-degrader
RKU42569.1 hypothetical protein DL546_002118 [Coniochaeta pulveracea],612,0.006,non-degrader
RKU42348.1 hypothetical protein DL546_005826 [Coniochaeta pulveracea],112,0.006,non-degrader
RKU42296.1 hypothetical protein DL546_001845 [Coniochaeta pulveracea],408,0.006,non-degrader
RKU42127.1 peroxisomal assembly protein [Coniochaeta pulveracea],1370,0.006,non-degrader
RKU42103.1 hypothetical protein DL546_001775 [Coniochaeta pulveracea],499,0.006,non-degrader
RKU41978.1 hypothetical protein DL546_001488 [Coniochaeta pulveracea],285,0.006,non-degrader
RKU41661.1 Non-histone chromosomal protein 6 [Coniochaeta pulveracea],102,0.006,non-degrader
RKU41619.1 hypothetical protein DL546_003421 [Coniochaeta pulveracea],421,0.006,non-degrader
RKU41617.1 hypothetical protein DL546_003327 [Coniochaeta pulveracea],573,0.006,non-degrader
RKU41528.1 hypothetical protein DL546_004954 [Coniochaeta pulveracea],448,0.006,non-degrader
RKU41366.1 hypothetical protein DL546_002975 [Coniochaeta pulveracea],415,0.006,non-degrader
RKU41332.1 hypothetical protein DL546_003737 [Coniochaeta pulveracea],295,0.006,non-degrader
RKU41219.1 hypothetical protein DL546_004360 [Coniochaeta pulveracea],1482,0.006,non-degrader
RKU41101.1 ribosome bioproteinsis protein tsr3 [Coniochaeta pulveracea],402,0.006,non-degrader
RKU40935.1 hypothetical protein DL546_002796 [Coniochaeta pulveracea],837,0.006,non-degrader
RKU40681.1 RNA polymerase II elongation factor [Coniochaeta pulveracea],301,0.006,non-degrader
RKU40680.1 hypothetical protein DL546_003916 [Coniochaeta pulveracea],166,0.006,non-degrader
RKU40413.1 hypothetical protein DL546_001381 [Coniochaeta pulveracea],880,0.006,non-degrader
RKU40391.1 hypothetical protein DL546_002406 [Coniochaeta pulveracea],299,0.006,non-degrader
RKU40135.1 hypothetical protein DL546_001459 [Coniochaeta pulveracea],970,0.006,non-degrader
RKU40028.1 hypothetical protein DL546_000822 [Coniochaeta pulveracea],930,0.006,non-degrader
RKU39879.1 autophagy protein atg9 [Coniochaeta pulveracea],927,0.006,non-degrader
RKU49717.1 hypothetical protein DL546_009885 [Coniochaeta pulveracea],797,0.0059,non-degrader
RKU49684.1 hypothetical protein DL546_009809 [Coniochaeta pulveracea],431,0.0059,non-degrader
RKU49661.1 Protein ERP1 [Coniochaeta pulveracea],219,0.0059,non-degrader
RKU49346.1 hypothetical protein DL546_009884 [Coniochaeta pulveracea],330,0.0059,non-degrader
RKU49187.1 hypothetical protein DL546_008848 [Coniochaeta pulveracea],570,0.0059,non-degrader
RKU49090.1 hypothetical protein DL546_005220 [Coniochaeta pulveracea],2051,0.0059,non-degrader
"RKU49007.1 glycerol ethanol, ferric requiring protein [Coniochaeta pulveracea]",829,0.0059,non-degrader
RKU48790.1 hypothetical protein DL546_005667 [Coniochaeta pulveracea],415,0.0059,non-degrader
RKU48759.1 hypothetical protein DL546_002994 [Coniochaeta pulveracea],523,0.0059,non-degrader
RKU48629.1 hypothetical protein DL546_009004 [Coniochaeta pulveracea],562,0.0059,non-degrader
RKU48621.1 CENP-B protein 1 [Coniochaeta pulveracea],316,0.0059,non-degrader
RKU48546.1 hypothetical protein DL546_007390 [Coniochaeta pulveracea],405,0.0059,non-degrader
RKU48239.1 hypothetical protein DL546_004391 [Coniochaeta pulveracea],290,0.0059,non-degrader
RKU48110.1 hypothetical protein DL546_008908 [Coniochaeta pulveracea],226,0.0059,non-degrader
RKU48108.1 mitofusin [Coniochaeta pulveracea],911,0.0059,non-degrader
RKU47977.1 actin-like protein arp8 [Coniochaeta pulveracea],751,0.0059,non-degrader
RKU47974.1 hypothetical protein DL546_004045 [Coniochaeta pulveracea],841,0.0059,non-degrader
RKU47821.1 bifunctional AP-4-A phosphorylase/ADP sulfurylase [Coniochaeta pulveracea],336,0.0059,non-degrader
RKU47708.1 hypothetical protein DL546_009410 [Coniochaeta pulveracea],396,0.0059,non-degrader
RKU47693.1 hypothetical protein DL546_009278 [Coniochaeta pulveracea],193,0.0059,non-degrader
RKU47678.1 hypothetical protein DL546_009152 [Coniochaeta pulveracea],450,0.0059,non-degrader
RKU47643.1 hypothetical protein DL546_008757 [Coniochaeta pulveracea],328,0.0059,non-degrader
"RKU47497.1 epoxide hydrolase, soluble (sEH) [Coniochaeta pulveracea]",498,0.0059,non-degrader
RKU47473.1 hypothetical protein DL546_009370 [Coniochaeta pulveracea],201,0.0059,non-degrader
RKU47072.1 hypothetical protein DL546_009098 [Coniochaeta pulveracea],907,0.0059,non-degrader
RKU46972.1 tRNA(m5U54)methyltransferase [Coniochaeta pulveracea],616,0.0059,non-degrader
RKU46849.1 MCM DNA helicase complex subunit mcm6 [Coniochaeta pulveracea],957,0.0059,non-degrader
RKU46845.1 Uridine kinase [Coniochaeta pulveracea],469,0.0059,non-degrader
RKU46806.1 hypothetical protein DL546_007316 [Coniochaeta pulveracea],353,0.0059,non-degrader
RKU46576.1 Proteasome subunit YC7alpha/Y8 (protease yscE subunit 7) [Coniochaeta pulveracea],254,0.0059,non-degrader
RKU46503.1 hypothetical protein DL546_008472 [Coniochaeta pulveracea],221,0.0059,non-degrader
RKU46470.1 hypothetical protein DL546_007752 [Coniochaeta pulveracea],703,0.0059,non-degrader
RKU46459.1 hypothetical protein DL546_007506 [Coniochaeta pulveracea],410,0.0059,non-degrader
RKU46453.1 hypothetical protein DL546_007269 [Coniochaeta pulveracea],257,0.0059,non-degrader
RKU46162.1 hypothetical protein DL546_008014 [Coniochaeta pulveracea],141,0.0059,non-degrader
RKU46023.1 hypothetical protein DL546_008503 [Coniochaeta pulveracea],364,0.0059,non-degrader
RKU45734.1 NADH:ubiquinone oxidoreductase 24 [Coniochaeta pulveracea],267,0.0059,non-degrader
RKU45706.1 hypothetical protein DL546_007098 [Coniochaeta pulveracea],1066,0.0059,non-degrader
RKU45692.1 hypothetical protein DL546_006558 [Coniochaeta pulveracea],629,0.0059,non-degrader
RKU45503.1 Sec61p translocation complex subunit [Coniochaeta pulveracea],70,0.0059,non-degrader
RKU44707.1 hypothetical protein DL546_006503 [Coniochaeta pulveracea],297,0.0059,non-degrader
RKU44590.1 ribosomal 40S subunit protein S11A [Coniochaeta pulveracea],161,0.0059,non-degrader
RKU44525.1 hypothetical protein DL546_006942 [Coniochaeta pulveracea],1229,0.0059,non-degrader
RKU44461.1 hypothetical protein DL546_001635 [Coniochaeta pulveracea],1268,0.0059,non-degrader
RKU44410.1 hypothetical protein DL546_006028 [Coniochaeta pulveracea],427,0.0059,non-degrader
RKU44234.1 Structural maintenance of chromosomes protein 3 [Coniochaeta pulveracea],1198,0.0059,non-degrader
RKU44202.1 hypothetical protein DL546_001999 [Coniochaeta pulveracea],220,0.0059,non-degrader
RKU44139.1 hypothetical protein DL546_004664 [Coniochaeta pulveracea],1115,0.0059,non-degrader
RKU44079.1 hypothetical protein DL546_007080 [Coniochaeta pulveracea],437,0.0059,non-degrader
RKU43913.1 Glycerophosphocholine phosphodiesterase [Coniochaeta pulveracea],1161,0.0059,non-degrader
RKU43852.1 hypothetical protein DL546_002842 [Coniochaeta pulveracea],819,0.0059,non-degrader
RKU43675.1 hypothetical protein DL546_006680 [Coniochaeta pulveracea],3097,0.0059,non-degrader
"RKU43293.1 hypothetical protein DL546_006758, partial [Coniochaeta pulveracea]",140,0.0059,non-degrader
RKU43224.1 hypothetical protein DL546_001948 [Coniochaeta pulveracea],113,0.0059,non-degrader
RKU43087.1 beta-adaptin [Coniochaeta pulveracea],744,0.0059,non-degrader
RKU42958.1 citrate synthase [Coniochaeta pulveracea],663,0.0059,non-degrader
RKU42919.1 hypothetical protein DL546_002983 [Coniochaeta pulveracea],190,0.0059,non-degrader
RKU42868.1 hypothetical protein DL546_004649 [Coniochaeta pulveracea],811,0.0059,non-degrader
RKU42825.1 hypothetical protein DL546_006212 [Coniochaeta pulveracea],746,0.0059,non-degrader
RKU42791.1 hypothetical protein DL546_003613 [Coniochaeta pulveracea],938,0.0059,non-degrader
RKU42710.1 hypothetical protein DL546_002424 [Coniochaeta pulveracea],497,0.0059,non-degrader
RKU42640.1 ribosome biogenesis regulatory protein [Coniochaeta pulveracea],227,0.0059,non-degrader
RKU42060.1 hypothetical protein DL546_003000 [Coniochaeta pulveracea],262,0.0059,non-degrader
RKU41952.1 hypothetical protein DL546_005627 [Coniochaeta pulveracea],411,0.0059,non-degrader
"RKU41323.1 kynurenine 3-monooxygenase, mitochondrial precursor (Biosynthesis of nicotinic acid protein 4) [Coniochaeta pulveracea]",496,0.0059,non-degrader
RKU41313.1 hypothetical protein DL546_004190 [Coniochaeta pulveracea],183,0.0059,non-degrader
RKU41260.1 hypothetical protein DL546_004231 [Coniochaeta pulveracea],393,0.0059,non-degrader
RKU40940.1 hypothetical protein DL546_003552 [Coniochaeta pulveracea],592,0.0059,non-degrader
RKU40710.1 hypothetical protein DL546_003792 [Coniochaeta pulveracea],1046,0.0059,non-degrader
RKU40645.1 hypothetical protein DL546_000176 [Coniochaeta pulveracea],173,0.0059,non-degrader
RKU40574.1 hypothetical protein DL546_001854 [Coniochaeta pulveracea],330,0.0059,non-degrader
RKU40449.1 hypothetical protein DL546_000504 [Coniochaeta pulveracea],349,0.0059,non-degrader
RKU40400.1 hypothetical protein DL546_002098 [Coniochaeta pulveracea],342,0.0059,non-degrader
RKU40380.1 hypothetical protein DL546_000699 [Coniochaeta pulveracea],842,0.0059,non-degrader
RKU40359.1 hypothetical protein DL546_001430 [Coniochaeta pulveracea],409,0.0059,non-degrader
RKU40355.1 hypothetical protein DL546_000993 [Coniochaeta pulveracea],567,0.0059,non-degrader
RKU40231.1 hypothetical protein DL546_002632 [Coniochaeta pulveracea],404,0.0059,non-degrader
RKU40225.1 hypothetical protein DL546_001606 [Coniochaeta pulveracea],3929,0.0059,non-degrader
RKU40058.1 hypothetical protein DL546_000116 [Coniochaeta pulveracea],495,0.0059,non-degrader
RKU49636.1 hypothetical protein DL546_009669 [Coniochaeta pulveracea],691,0.0058,non-degrader
RKU49549.1 hypothetical protein DL546_009166 [Coniochaeta pulveracea],273,0.0058,non-degrader
RKU49532.1 hypothetical protein DL546_008985 [Coniochaeta pulveracea],565,0.0058,non-degrader
RKU49445.1 hypothetical protein DL546_007340 [Coniochaeta pulveracea],163,0.0058,non-degrader
RKU49213.1 hypothetical protein DL546_009187 [Coniochaeta pulveracea],811,0.0058,non-degrader
RKU49126.1 hypothetical protein DL546_007695 [Coniochaeta pulveracea],988,0.0058,non-degrader
RKU49048.1 hypothetical protein DL546_000818 [Coniochaeta pulveracea],290,0.0058,non-degrader
RKU48868.1 hypothetical protein DL546_008157 [Coniochaeta pulveracea],171,0.0058,non-degrader
RKU48131.1 hypothetical protein DL546_009141 [Coniochaeta pulveracea],456,0.0058,non-degrader
RKU48006.1 homeodomain transcription factor ste12 [Coniochaeta pulveracea],737,0.0058,non-degrader
RKU48004.1 hypothetical protein DL546_006146 [Coniochaeta pulveracea],650,0.0058,non-degrader
RKU47991.1 hypothetical protein DL546_005200 [Coniochaeta pulveracea],315,0.0058,non-degrader
RKU47904.1 cis-Golgi t-SNARE syntaxin [Coniochaeta pulveracea],333,0.0058,non-degrader
RKU47855.1 hypothetical protein DL546_008474 [Coniochaeta pulveracea],421,0.0058,non-degrader
RKU47400.1 Vacuolar protein sorting-associated protein 29 [Coniochaeta pulveracea],201,0.0058,non-degrader
RKU47356.1 hypothetical protein DL546_005722 [Coniochaeta pulveracea],363,0.0058,non-degrader
RKU47314.1 hypothetical protein DL546_002533 [Coniochaeta pulveracea],189,0.0058,non-degrader
RKU47306.1 hypothetical protein DL546_001026 [Coniochaeta pulveracea],704,0.0058,non-degrader
RKU47028.1 hypothetical protein DL546_008489 [Coniochaeta pulveracea],726,0.0058,non-degrader
RKU46699.1 glycine hydroxymethyltransferase shm1 [Coniochaeta pulveracea],522,0.0058,non-degrader
RKU46570.1 hypothetical protein DL546_004100 [Coniochaeta pulveracea],123,0.0058,non-degrader
RKU46539.1 Microtubule-nucleating Tub4p (gamma-tubulin) complex component [Coniochaeta pulveracea],950,0.0058,non-degrader
RKU46519.1 hypothetical protein DL546_008726 [Coniochaeta pulveracea],393,0.0058,non-degrader
RKU46391.1 hypothetical protein DL546_004701 [Coniochaeta pulveracea],454,0.0058,non-degrader
RKU46335.1 hypothetical protein DL546_008510 [Coniochaeta pulveracea],433,0.0058,non-degrader
RKU46286.1 hypothetical protein DL546_007330 [Coniochaeta pulveracea],616,0.0058,non-degrader
RKU46159.1 hypothetical protein DL546_007948 [Coniochaeta pulveracea],988,0.0058,non-degrader
RKU45994.1 putative metallocarboxypeptidase ecm14 [Coniochaeta pulveracea],552,0.0058,non-degrader
RKU45962.1 ribosomal 40S subunit protein S1B [Coniochaeta pulveracea],256,0.0058,non-degrader
RKU45758.1 hypothetical protein DL546_008468 [Coniochaeta pulveracea],457,0.0058,non-degrader
RKU45576.1 Nucleolar protein 9 [Coniochaeta pulveracea],526,0.0058,non-degrader
RKU45545.1 hypothetical protein DL546_005529 [Coniochaeta pulveracea],550,0.0058,non-degrader
RKU45528.1 hypothetical protein DL546_004034 [Coniochaeta pulveracea],331,0.0058,non-degrader
RKU45426.1 hypothetical protein DL546_006438 [Coniochaeta pulveracea],1402,0.0058,non-degrader
RKU45369.1 Meiotic Sister-Chromatid recombination aldehyde dehydrogenase [Coniochaeta pulveracea],606,0.0058,non-degrader
RKU45331.1 hypothetical protein DL546_007660 [Coniochaeta pulveracea],872,0.0058,non-degrader
RKU45267.1 hypothetical protein DL546_004963 [Coniochaeta pulveracea],193,0.0058,non-degrader
RKU45199.1 hypothetical protein DL546_007982 [Coniochaeta pulveracea],374,0.0058,non-degrader
RKU45185.1 60S ribosomal protein L39 [Coniochaeta pulveracea],110,0.0058,non-degrader
RKU45177.1 hypothetical protein DL546_006907 [Coniochaeta pulveracea],339,0.0058,non-degrader
RKU45140.1 Carbon-nitrogen hydrolase [Coniochaeta pulveracea],911,0.0058,non-degrader
RKU44958.1 hypothetical protein DL546_006570 [Coniochaeta pulveracea],767,0.0058,non-degrader
RKU44915.1 hypothetical protein DL546_003115 [Coniochaeta pulveracea],242,0.0058,non-degrader
RKU44866.1 hypothetical protein DL546_006739 [Coniochaeta pulveracea],186,0.0058,non-degrader
RKU44615.1 nicotinate phosphoribosyltransferase [Coniochaeta pulveracea],489,0.0058,non-degrader
RKU44209.1 hypothetical protein DL546_002887 [Coniochaeta pulveracea],773,0.0058,non-degrader
RKU44198.1 mannose-ethanolamine phosphotransferase gpi13 [Coniochaeta pulveracea],1073,0.0058,non-degrader
RKU44106.1 hypothetical protein DL546_002251 [Coniochaeta pulveracea],322,0.0058,non-degrader
RKU43892.1 hypothetical protein DL546_006154 [Coniochaeta pulveracea],352,0.0058,non-degrader
RKU43825.1 hypothetical protein DL546_007017 [Coniochaeta pulveracea],743,0.0058,non-degrader
RKU43791.1 hypothetical protein DL546_005314 [Coniochaeta pulveracea],600,0.0058,non-degrader
RKU43611.1 hypothetical protein DL546_000717 [Coniochaeta pulveracea],224,0.0058,non-degrader
RKU43522.1 peroxisome assembly protein (Peroxin-2) [Coniochaeta pulveracea],492,0.0058,non-degrader
RKU43427.1 hypothetical protein DL546_005465 [Coniochaeta pulveracea],503,0.0058,non-degrader
RKU43299.1 hypothetical protein DL546_000808 [Coniochaeta pulveracea],497,0.0058,non-degrader
RKU43294.1 hypothetical protein DL546_000143 [Coniochaeta pulveracea],1069,0.0058,non-degrader
RKU43250.1 hypothetical protein DL546_004255 [Coniochaeta pulveracea],175,0.0058,non-degrader
RKU43144.1 hypothetical protein DL546_001124 [Coniochaeta pulveracea],145,0.0058,non-degrader
RKU42880.1 hypothetical protein DL546_005706 [Coniochaeta pulveracea],88,0.0058,non-degrader
RKU42637.1 Uroporphyrinogen decarboxylase in heme biosynthesis [Coniochaeta pulveracea],423,0.0058,non-degrader
"RKU42612.1 putative zinc maintenance protein 1, mitochondrial [Coniochaeta pulveracea]",109,0.0058,non-degrader
RKU42446.1 hypothetical protein DL546_002858 [Coniochaeta pulveracea],733,0.0058,non-degrader
RKU42368.1 hypothetical protein DL546_001478 [Coniochaeta pulveracea],382,0.0058,non-degrader
RKU42361.1 hypothetical protein DL546_000990 [Coniochaeta pulveracea],461,0.0058,non-degrader
RKU42168.1 hypothetical protein DL546_001839 [Coniochaeta pulveracea],184,0.0058,non-degrader
RKU41969.1 hypothetical protein DL546_000172 [Coniochaeta pulveracea],498,0.0058,non-degrader
RKU41886.1 hypothetical protein DL546_004036 [Coniochaeta pulveracea],318,0.0058,non-degrader
RKU41871.1 hypothetical protein DL546_002686 [Coniochaeta pulveracea],735,0.0058,non-degrader
RKU41692.1 hypothetical protein DL546_001487 [Coniochaeta pulveracea],606,0.0058,non-degrader
RKU41667.1 hypothetical protein DL546_004271 [Coniochaeta pulveracea],492,0.0058,non-degrader
RKU41660.1 hypothetical protein DL546_003302 [Coniochaeta pulveracea],761,0.0058,non-degrader
RKU41475.1 hypothetical protein DL546_004074 [Coniochaeta pulveracea],270,0.0058,non-degrader
RKU41336.1 hypothetical protein DL546_004237 [Coniochaeta pulveracea],422,0.0058,non-degrader
RKU41266.1 anaphase-promoting complex subunit cdc27 [Coniochaeta pulveracea],827,0.0058,non-degrader
RKU41043.1 hypothetical protein DL546_003854 [Coniochaeta pulveracea],434,0.0058,non-degrader
RKU40844.1 U6 snRNA-associated Sm-like protein LSm2 [Coniochaeta pulveracea],100,0.0058,non-degrader
RKU40751.1 hypothetical protein DL546_000587 [Coniochaeta pulveracea],506,0.0058,non-degrader
RKU40749.1 hypothetical protein DL546_000427 [Coniochaeta pulveracea],129,0.0058,non-degrader
RKU40599.1 hypothetical protein DL546_000806 [Coniochaeta pulveracea],378,0.0058,non-degrader
RKU40578.1 hypothetical protein DL546_002084 [Coniochaeta pulveracea],394,0.0058,non-degrader
"RKU40568.1 Glycoside hydrolase, 38 vacuolar alpha mannosidase [Coniochaeta pulveracea]",1078,0.0058,non-degrader
RKU40527.1 proteasome component M29 [Coniochaeta pulveracea],1866,0.0058,non-degrader
RKU40232.1 hypothetical protein DL546_002632 [Coniochaeta pulveracea],399,0.0058,non-degrader
RKU40152.1 hypothetical protein DL546_000954 [Coniochaeta pulveracea],1160,0.0058,non-degrader
RKU40126.1 hypothetical protein DL546_000453 [Coniochaeta pulveracea],225,0.0058,non-degrader
"RKU40027.1 60S ribosomal protein L15, variant 2 [Coniochaeta pulveracea]",203,0.0058,non-degrader
RKU40026.1 60S ribosomal protein L15 [Coniochaeta pulveracea],203,0.0058,non-degrader
RKU39743.1 hypothetical protein DL546_000369 [Coniochaeta pulveracea],589,0.0058,non-degrader
"RKU49628.1 Chitin synthase, class 2 [Coniochaeta pulveracea]",1025,0.0057,non-degrader
RKU49586.1 hypothetical protein DL546_009438 [Coniochaeta pulveracea],316,0.0057,non-degrader
RKU49463.1 hypothetical protein DL546_007733 [Coniochaeta pulveracea],470,0.0057,non-degrader
RKU49375.1 fimbrin [Coniochaeta pulveracea],657,0.0057,non-degrader
RKU49338.1 hypothetical protein DL546_009871 [Coniochaeta pulveracea],351,0.0057,non-degrader
RKU48864.1 hypothetical protein DL546_008088 [Coniochaeta pulveracea],326,0.0057,non-degrader
RKU48743.1 hypothetical protein DL546_001476 [Coniochaeta pulveracea],476,0.0057,non-degrader
RKU48523.1 hypothetical protein DL546_006778 [Coniochaeta pulveracea],89,0.0057,non-degrader
RKU48460.1 hypothetical protein DL546_002720 [Coniochaeta pulveracea],211,0.0057,non-degrader
RKU48187.1 SWI/SNF chromatin-remodeling complex subunit [Coniochaeta pulveracea],749,0.0057,non-degrader
RKU48125.1 hypothetical protein DL546_009074 [Coniochaeta pulveracea],560,0.0057,non-degrader
RKU48118.1 hypothetical protein DL546_008980 [Coniochaeta pulveracea],586,0.0057,non-degrader
RKU48082.1 hypothetical protein DL546_008440 [Coniochaeta pulveracea],136,0.0057,non-degrader
RKU48075.1 hypothetical protein DL546_008331 [Coniochaeta pulveracea],525,0.0057,non-degrader
RKU47949.1 hypothetical protein DL546_001555 [Coniochaeta pulveracea],534,0.0057,non-degrader
RKU47892.1 hypothetical protein DL546_008964 [Coniochaeta pulveracea],560,0.0057,non-degrader
RKU47878.1 hypothetical protein DL546_008783 [Coniochaeta pulveracea],601,0.0057,non-degrader
RKU47824.1 Cation-independent mannose-6-phosphate receptor CI-MPR [Coniochaeta pulveracea],362,0.0057,non-degrader
RKU47627.1 hypothetical protein DL546_008462 [Coniochaeta pulveracea],389,0.0057,non-degrader
RKU47612.1 late secretory pathway protein avl9 [Coniochaeta pulveracea],660,0.0057,non-degrader
RKU47543.1 hypothetical protein DL546_006186 [Coniochaeta pulveracea],322,0.0057,non-degrader
RKU47452.1 hypothetical protein DL546_009013 [Coniochaeta pulveracea],215,0.0057,non-degrader
RKU47362.1 hypothetical protein DL546_006000 [Coniochaeta pulveracea],594,0.0057,non-degrader
RKU47231.1 hypothetical protein DL546_008595 [Coniochaeta pulveracea],361,0.0057,non-degrader
RKU47206.1 hypothetical protein DL546_008175 [Coniochaeta pulveracea],439,0.0057,non-degrader
RKU47092.1 hypothetical protein DL546_000728 [Coniochaeta pulveracea],271,0.0057,non-degrader
RKU46963.1 methyltransferase protein [Coniochaeta pulveracea],785,0.0057,non-degrader
RKU46779.1 hypothetical protein DL546_006268 [Coniochaeta pulveracea],817,0.0057,non-degrader
RKU46720.1 Glutaminyl-tRNA synthetase [Coniochaeta pulveracea],631,0.0057,non-degrader
"RKU46614.1 alpha,alpha-trehalase nth1 [Coniochaeta pulveracea]",741,0.0057,non-degrader
"RKU46607.1 Chitin synthase, class 1, variant 2 [Coniochaeta pulveracea]",897,0.0057,non-degrader
"RKU46606.1 Chitin synthase, class 1 [Coniochaeta pulveracea]",912,0.0057,non-degrader
RKU46579.1 hypothetical protein DL546_004976 [Coniochaeta pulveracea],478,0.0057,non-degrader
RKU46526.1 hypothetical protein DL546_008833 [Coniochaeta pulveracea],654,0.0057,non-degrader
RKU46142.1 oxygen-dependent protoporphyrinogen oxidase [Coniochaeta pulveracea],688,0.0057,non-degrader
RKU46056.1 hypothetical protein DL546_002881 [Coniochaeta pulveracea],128,0.0057,non-degrader
RKU45823.1 hypothetical protein DL546_006379 [Coniochaeta pulveracea],677,0.0057,non-degrader
RKU45802.1 hypothetical protein DL546_005172 [Coniochaeta pulveracea],1127,0.0057,non-degrader
RKU45604.1 40S ribosomal protein S26 [Coniochaeta pulveracea],119,0.0057,non-degrader
RKU45544.1 hypothetical protein DL546_005482 [Coniochaeta pulveracea],337,0.0057,non-degrader
RKU45127.1 hypothetical protein DL546_003975 [Coniochaeta pulveracea],383,0.0057,non-degrader
RKU44717.1 hypothetical protein DL546_006877 [Coniochaeta pulveracea],649,0.0057,non-degrader
RKU44664.1 Cytochrome c1 heme lyase [Coniochaeta pulveracea],286,0.0057,non-degrader
RKU44643.1 hypothetical protein DL546_000828 [Coniochaeta pulveracea],142,0.0057,non-degrader
RKU44421.1 hypothetical protein DL546_006749 [Coniochaeta pulveracea],871,0.0057,non-degrader
RKU44318.1 hypothetical protein DL546_005838 [Coniochaeta pulveracea],566,0.0057,non-degrader
RKU44242.1 hypothetical protein DL546_006427 [Coniochaeta pulveracea],372,0.0057,non-degrader
RKU44173.1 hypothetical protein DL546_006689 [Coniochaeta pulveracea],830,0.0057,non-degrader
RKU43986.1 ubiquinol-cytochrome c reductase core subunit 1 [Coniochaeta pulveracea],78,0.0057,non-degrader
RKU43936.1 ubiquitin-like protein atg8 [Coniochaeta pulveracea],121,0.0057,non-degrader
RKU43883.1 ATP-dependent rRNA helicase spb4 [Coniochaeta pulveracea],641,0.0057,non-degrader
RKU43613.1 hypothetical protein DL546_001002 [Coniochaeta pulveracea],329,0.0057,non-degrader
RKU43526.1 hypothetical protein DL546_006374 [Coniochaeta pulveracea],269,0.0057,non-degrader
RKU43432.1 hypothetical protein DL546_005761 [Coniochaeta pulveracea],221,0.0057,non-degrader
RKU43314.1 Vacuolar protein-sorting-associated protein 24 [Coniochaeta pulveracea],229,0.0057,non-degrader
"RKU43290.1 37S ribosomal protein, mitochondrial [Coniochaeta pulveracea]",415,0.0057,non-degrader
RKU43145.1 hypothetical protein DL546_001262 [Coniochaeta pulveracea],590,0.0057,non-degrader
RKU43109.1 hypothetical protein DL546_004612 [Coniochaeta pulveracea],220,0.0057,non-degrader
RKU42835.1 hypothetical protein DL546_009919 [Coniochaeta pulveracea],869,0.0057,non-degrader
RKU42795.1 hypothetical protein DL546_003851 [Coniochaeta pulveracea],379,0.0057,non-degrader
RKU42783.1 hypothetical protein DL546_002929 [Coniochaeta pulveracea],685,0.0057,non-degrader
RKU42621.1 hypothetical protein DL546_005669 [Coniochaeta pulveracea],76,0.0057,non-degrader
RKU42543.1 coq1 putative hexaprenyl diphosphate synthase [Coniochaeta pulveracea],460,0.0057,non-degrader
RKU42345.1 chromatin modification-related protein EAF6 [Coniochaeta pulveracea],187,0.0057,non-degrader
RKU42311.1 protein-ER retention protein [Coniochaeta pulveracea],411,0.0057,non-degrader
RKU42157.1 trifunctional dihydropteroate synthetase [Coniochaeta pulveracea],530,0.0057,non-degrader
RKU42106.1 hypothetical protein DL546_002030 [Coniochaeta pulveracea],184,0.0057,non-degrader
RKU42077.1 type I protein arginine N-methyltransferase Rmt1 [Coniochaeta pulveracea],127,0.0057,non-degrader
RKU42053.1 hypothetical protein DL546_002227 [Coniochaeta pulveracea],898,0.0057,non-degrader
RKU41909.1 hypothetical protein DL546_005503 [Coniochaeta pulveracea],178,0.0057,non-degrader
RKU41880.1 hypothetical protein DL546_003574 [Coniochaeta pulveracea],735,0.0057,non-degrader
RKU41732.1 hypothetical protein DL546_004882 [Coniochaeta pulveracea],99,0.0057,non-degrader
RKU41474.1 pH-response regulator protein palA/rim20 [Coniochaeta pulveracea],869,0.0057,non-degrader
RKU41372.1 Na+/Pi symporter [Coniochaeta pulveracea],538,0.0057,non-degrader
RKU41232.1 hypothetical protein DL546_001489 [Coniochaeta pulveracea],475,0.0057,non-degrader
RKU41225.1 Mitochondrial import inner membrane translocase subunit tim23 [Coniochaeta pulveracea],237,0.0057,non-degrader
RKU41140.1 hypothetical protein DL546_001360 [Coniochaeta pulveracea],290,0.0057,non-degrader
RKU41074.1 hypothetical protein DL546_003239 [Coniochaeta pulveracea],937,0.0057,non-degrader
RKU41069.1 Iron-sulfur assembly protein 1 [Coniochaeta pulveracea],248,0.0057,non-degrader
RKU40920.1 hypothetical protein DL546_001167 [Coniochaeta pulveracea],370,0.0057,non-degrader
RKU40864.1 hypothetical protein DL546_003736 [Coniochaeta pulveracea],349,0.0057,non-degrader
RKU40807.1 hypothetical protein DL546_003336 [Coniochaeta pulveracea],241,0.0057,non-degrader
RKU40801.1 hypothetical protein DL546_002889 [Coniochaeta pulveracea],306,0.0057,non-degrader
RKU40683.1 hypothetical protein DL546_000281 [Coniochaeta pulveracea],556,0.0057,non-degrader
RKU40586.1 Amino-acid transporter arg-13 [Coniochaeta pulveracea],339,0.0057,non-degrader
"RKU40584.1 54S ribosomal protein L25, mitochondrial [Coniochaeta pulveracea]",163,0.0057,non-degrader
RKU40448.1 hypothetical protein DL546_000370 [Coniochaeta pulveracea],669,0.0057,non-degrader
RKU40387.1 hypothetical protein DL546_001946 [Coniochaeta pulveracea],943,0.0057,non-degrader
RKU40323.1 hypothetical protein DL546_002871 [Coniochaeta pulveracea],143,0.0057,non-degrader
RKU40213.1 hypothetical protein DL546_002489 [Coniochaeta pulveracea],1027,0.0057,non-degrader
RKU40187.1 putative pyridoxal kinase [Coniochaeta pulveracea],354,0.0057,non-degrader
RKU40166.1 hypothetical protein DL546_000492 [Coniochaeta pulveracea],237,0.0057,non-degrader
RKU39724.1 SNAP receptor [Coniochaeta pulveracea],217,0.0057,non-degrader
RKU39701.1 hypothetical protein DL546_000107 [Coniochaeta pulveracea],357,0.0057,non-degrader
RKU49578.1 hypothetical protein DL546_009407 [Coniochaeta pulveracea],410,0.0056,non-degrader
RKU49540.1 Cys-Gly metallodipeptidase [Coniochaeta pulveracea],477,0.0056,non-degrader
RKU49157.1 Glycerol kinase [Coniochaeta pulveracea],537,0.0056,non-degrader
RKU49083.1 hypothetical protein DL546_004849 [Coniochaeta pulveracea],767,0.0056,non-degrader
RKU49082.1 K(+)/H(+) antiporter [Coniochaeta pulveracea],864,0.0056,non-degrader
RKU49021.1 translation termination factor GTPase eRF3 [Coniochaeta pulveracea],703,0.0056,non-degrader
RKU48648.1 Protein phosphatase PP2A regulatory subunit B [Coniochaeta pulveracea],779,0.0056,non-degrader
RKU48566.1 hypothetical protein DL546_008094 [Coniochaeta pulveracea],408,0.0056,non-degrader
RKU48488.1 60S ribosomal protein L23A [Coniochaeta pulveracea],139,0.0056,non-degrader
RKU48462.1 60S ribosomal protein L31 [Coniochaeta pulveracea],121,0.0056,non-degrader
RKU48410.1 hypothetical protein DL546_009504 [Coniochaeta pulveracea],766,0.0056,non-degrader
RKU48279.1 hypothetical protein DL546_007008 [Coniochaeta pulveracea],748,0.0056,non-degrader
RKU48233.1 SEA (Seh1-associated) complex subunit [Coniochaeta pulveracea],1359,0.0056,non-degrader
RKU48147.1 Translation initiation factor 3 subunit c [Coniochaeta pulveracea],871,0.0056,non-degrader
RKU48003.1 snoRNA-binding rRNA-processing protein utp10 [Coniochaeta pulveracea],1791,0.0056,non-degrader
RKU47703.1 hypothetical protein DL546_009371 [Coniochaeta pulveracea],153,0.0056,non-degrader
RKU47648.1 hypothetical protein DL546_008797 [Coniochaeta pulveracea],239,0.0056,non-degrader
RKU46569.1 hypothetical protein DL546_004031 [Coniochaeta pulveracea],514,0.0056,non-degrader
RKU46474.1 hypothetical protein DL546_007909 [Coniochaeta pulveracea],629,0.0056,non-degrader
RKU46123.1 hypothetical protein DL546_006814 [Coniochaeta pulveracea],167,0.0056,non-degrader
RKU45825.1 hypothetical protein DL546_006471 [Coniochaeta pulveracea],424,0.0056,non-degrader
RKU45416.1 hypothetical protein DL546_006013 [Coniochaeta pulveracea],232,0.0056,non-degrader
RKU45330.1 hypothetical protein DL546_007628 [Coniochaeta pulveracea],185,0.0056,non-degrader
"RKU45141.1 Carbon-nitrogen hydrolase, variant 2 [Coniochaeta pulveracea]",866,0.0056,non-degrader
RKU45075.1 hypothetical protein DL546_007471 [Coniochaeta pulveracea],128,0.0056,non-degrader
RKU44962.1 hypothetical protein DL546_006776 [Coniochaeta pulveracea],470,0.0056,non-degrader
RKU44751.1 cytosolic leucyl tRNA synthetase [Coniochaeta pulveracea],1118,0.0056,non-degrader
RKU44746.1 5'-3' exoribonuclease 2 [Coniochaeta pulveracea],1060,0.0056,non-degrader
RKU44703.1 hypothetical protein DL546_006389 [Coniochaeta pulveracea],55,0.0056,non-degrader
RKU44690.1 hypothetical protein DL546_005429 [Coniochaeta pulveracea],858,0.0056,non-degrader
RKU44494.1 oxidation resistance protein 1 [Coniochaeta pulveracea],344,0.0056,non-degrader
RKU44464.1 hypothetical protein DL546_002077 [Coniochaeta pulveracea],427,0.0056,non-degrader
RKU44397.1 hypothetical protein DL546_004940 [Coniochaeta pulveracea],108,0.0056,non-degrader
RKU44160.1 histone acetyltransferase 1 [Coniochaeta pulveracea],483,0.0056,non-degrader
RKU44022.1 hypothetical protein DL546_004122 [Coniochaeta pulveracea],1058,0.0056,non-degrader
RKU43978.1 hypothetical protein DL546_005301 [Coniochaeta pulveracea],624,0.0056,non-degrader
RKU43851.1 60S ribosomal protein L36 [Coniochaeta pulveracea],107,0.0056,non-degrader
RKU43662.1 hypothetical protein DL546_006314 [Coniochaeta pulveracea],240,0.0056,non-degrader
RKU43566.1 hypothetical protein DL546_003761 [Coniochaeta pulveracea],523,0.0056,non-degrader
RKU43548.1 hypothetical protein DL546_001397 [Coniochaeta pulveracea],167,0.0056,non-degrader
RKU43537.1 RNA polymerase subunit AC19 [Coniochaeta pulveracea],160,0.0056,non-degrader
RKU43402.1 hypothetical protein DL546_002824 [Coniochaeta pulveracea],249,0.0056,non-degrader
RKU43350.1 hypothetical protein DL546_005304 [Coniochaeta pulveracea],145,0.0056,non-degrader
RKU43309.1 hypothetical protein DL546_001997 [Coniochaeta pulveracea],428,0.0056,non-degrader
RKU43119.1 hypothetical protein DL546_005425 [Coniochaeta pulveracea],180,0.0056,non-degrader
RKU42970.1 hypothetical protein DL546_006348 [Coniochaeta pulveracea],720,0.0056,non-degrader
RKU42604.1 hypothetical protein DL546_004816 [Coniochaeta pulveracea],158,0.0056,non-degrader
RKU42435.1 hypothetical protein DL546_001234 [Coniochaeta pulveracea],393,0.0056,non-degrader
RKU42146.1 hypothetical protein DL546_005439 [Coniochaeta pulveracea],143,0.0056,non-degrader
RKU42089.1 hypothetical protein DL546_005528 [Coniochaeta pulveracea],339,0.0056,non-degrader
"RKU41999.1 Cytochrome c oxidase subunit 6A, mitochondrial [Coniochaeta pulveracea]",131,0.0056,non-degrader
RKU41955.1 DNA mismatch repair protein msh6 [Coniochaeta pulveracea],1215,0.0056,non-degrader
RKU41644.1 hypothetical protein DL546_002041 [Coniochaeta pulveracea],355,0.0056,non-degrader
RKU41480.1 hypothetical protein DL546_004574 [Coniochaeta pulveracea],594,0.0056,non-degrader
RKU41404.1 hypothetical protein DL546_001874 [Coniochaeta pulveracea],1105,0.0056,non-degrader
RKU41111.1 Vacuolar protein sorting-associated protein 74 [Coniochaeta pulveracea],352,0.0056,non-degrader
RKU40996.1 hypothetical protein DL546_003477 [Coniochaeta pulveracea],528,0.0056,non-degrader
RKU40995.1 hypothetical protein DL546_003422 [Coniochaeta pulveracea],352,0.0056,non-degrader
RKU40860.1 hypothetical protein DL546_003490 [Coniochaeta pulveracea],159,0.0056,non-degrader
RKU40850.1 hypothetical protein DL546_002512 [Coniochaeta pulveracea],301,0.0056,non-degrader
RKU40640.1 hypothetical protein DL546_003756 [Coniochaeta pulveracea],180,0.0056,non-degrader
RKU40475.1 hypothetical protein DL546_000741 [Coniochaeta pulveracea],232,0.0056,non-degrader
RKU40457.1 hypothetical protein DL546_001358 [Coniochaeta pulveracea],550,0.0056,non-degrader
RKU40425.1 hypothetical protein DL546_002616 [Coniochaeta pulveracea],186,0.0056,non-degrader
RKU40367.1 hypothetical protein DL546_002315 [Coniochaeta pulveracea],570,0.0056,non-degrader
RKU40293.1 hypothetical protein DL546_001804 [Coniochaeta pulveracea],362,0.0056,non-degrader
RKU40270.1 hypothetical protein DL546_002206 [Coniochaeta pulveracea],807,0.0056,non-degrader
RKU40236.1 hypothetical protein DL546_000451 [Coniochaeta pulveracea],711,0.0056,non-degrader
RKU40064.1 pyridoxine biosynthesis protein [Coniochaeta pulveracea],443,0.0056,non-degrader
RKU49693.1 Ureidoglycolate lyase [Coniochaeta pulveracea],271,0.0055,non-degrader
RKU49648.1 hypothetical protein DL546_009711 [Coniochaeta pulveracea],1088,0.0055,non-degrader
RKU49601.1 hypothetical protein DL546_009499 [Coniochaeta pulveracea],516,0.0055,non-degrader
"RKU49546.1 erg24, C-14 sterol reductase [Coniochaeta pulveracea]",496,0.0055,non-degrader
RKU49489.1 hypothetical protein DL546_008291 [Coniochaeta pulveracea],1478,0.0055,non-degrader
RKU49416.1 hypothetical protein DL546_006148 [Coniochaeta pulveracea],88,0.0055,non-degrader
RKU49337.1 hypothetical protein DL546_009867 [Coniochaeta pulveracea],579,0.0055,non-degrader
RKU49188.1 hypothetical protein DL546_008876 [Coniochaeta pulveracea],224,0.0055,non-degrader
RKU49066.1 hypothetical protein DL546_003080 [Coniochaeta pulveracea],368,0.0055,non-degrader
"RKU48908.1 Dihydroorotate dehydrogenase (quinone), mitochondrial [Coniochaeta pulveracea]",866,0.0055,non-degrader
RKU48535.1 hypothetical protein DL546_007063 [Coniochaeta pulveracea],396,0.0055,non-degrader
RKU48486.1 hypothetical protein DL546_004740 [Coniochaeta pulveracea],397,0.0055,non-degrader
RKU48463.1 ubc11 protein [Coniochaeta pulveracea],175,0.0055,non-degrader
RKU48430.1 hypothetical protein DL546_009605 [Coniochaeta pulveracea],441,0.0055,non-degrader
RKU48378.1 hypothetical protein DL546_009131 [Coniochaeta pulveracea],899,0.0055,non-degrader
RKU48309.1 hypothetical protein DL546_007897 [Coniochaeta pulveracea],408,0.0055,non-degrader
RKU48273.1 Vacuolar protein sorting-associated protein 8 [Coniochaeta pulveracea],286,0.0055,non-degrader
RKU48223.1 mRNA splicing protein sme1 [Coniochaeta pulveracea],77,0.0055,non-degrader
RKU48168.1 hypothetical protein DL546_009404 [Coniochaeta pulveracea],222,0.0055,non-degrader
RKU48132.1 hypothetical protein DL546_009141 [Coniochaeta pulveracea],497,0.0055,non-degrader
RKU47690.1 Stress response protein nst1 [Coniochaeta pulveracea],1279,0.0055,non-degrader
RKU47382.1 hypothetical protein DL546_006962 [Coniochaeta pulveracea],1023,0.0055,non-degrader
RKU47205.1 E3 ubiquitin-protein ligase rad18 [Coniochaeta pulveracea],482,0.0055,non-degrader
RKU46846.1 hypothetical protein DL546_008185 [Coniochaeta pulveracea],480,0.0055,non-degrader
RKU46844.1 hypothetical protein DL546_008154 [Coniochaeta pulveracea],279,0.0055,non-degrader
RKU46794.1 hypothetical protein DL546_006828 [Coniochaeta pulveracea],251,0.0055,non-degrader
RKU46580.1 hypothetical protein DL546_005077 [Coniochaeta pulveracea],1103,0.0055,non-degrader
RKU46428.1 hypothetical protein DL546_006372 [Coniochaeta pulveracea],184,0.0055,non-degrader
RKU46205.1 hypothetical protein DL546_001653 [Coniochaeta pulveracea],250,0.0055,non-degrader
RKU46102.1 hypothetical protein DL546_005793 [Coniochaeta pulveracea],707,0.0055,non-degrader
RKU46041.1 hypothetical protein DL546_000517 [Coniochaeta pulveracea],987,0.0055,non-degrader
RKU45992.1 Mevalonate kinase [Coniochaeta pulveracea],507,0.0055,non-degrader
RKU45899.1 hypothetical protein DL546_008514 [Coniochaeta pulveracea],341,0.0055,non-degrader
RKU45719.1 hypothetical protein DL546_007692 [Coniochaeta pulveracea],277,0.0055,non-degrader
RKU45702.1 Glycosylphosphatidylinositol (GPI) anchor assembly protein [Coniochaeta pulveracea],256,0.0055,non-degrader
RKU45623.1 hypothetical protein DL546_008409 [Coniochaeta pulveracea],109,0.0055,non-degrader
RKU45595.1 hypothetical protein DL546_007792 [Coniochaeta pulveracea],370,0.0055,non-degrader
RKU45437.1 hypothetical protein DL546_006824 [Coniochaeta pulveracea],1576,0.0055,non-degrader
RKU45342.1 hypothetical protein DL546_007936 [Coniochaeta pulveracea],416,0.0055,non-degrader
RKU45104.1 Flags: Precursor [Coniochaeta pulveracea],469,0.0055,non-degrader
RKU45010.1 hypothetical protein DL546_003354 [Coniochaeta pulveracea],329,0.0055,non-degrader
RKU44937.1 kinesin-like nuclear fusion protein [Coniochaeta pulveracea],1298,0.0055,non-degrader
RKU44689.1 hypothetical protein DL546_005324 [Coniochaeta pulveracea],1021,0.0055,non-degrader
RKU44638.1 hypothetical protein DL546_007567 [Coniochaeta pulveracea],599,0.0055,non-degrader
RKU44448.1 Aconitate hydratase mitochondrial [Coniochaeta pulveracea],785,0.0055,non-degrader
RKU44431.1 TOM (translocase of outer membrane) complex component [Coniochaeta pulveracea],627,0.0055,non-degrader
RKU44145.1 Mitochondrial distribution and morphology protein 10 [Coniochaeta pulveracea],445,0.0055,non-degrader
RKU43822.1 Serine/threonine-protein phosphatase 2A activator 2 [Coniochaeta pulveracea],406,0.0055,non-degrader
RKU43692.1 hypothetical protein DL546_001139 [Coniochaeta pulveracea],620,0.0055,non-degrader
RKU43558.1 peroxin [Coniochaeta pulveracea],534,0.0055,non-degrader
RKU43313.1 hypothetical protein DL546_002359 [Coniochaeta pulveracea],1365,0.0055,non-degrader
RKU42968.1 hypothetical protein DL546_006271 [Coniochaeta pulveracea],457,0.0055,non-degrader
"RKU42655.1 dolichyl-P-Man:Man(7)GlcNAc(2)-PP-dolichol alpha-1,6-mannosyltransferase [Coniochaeta pulveracea]",321,0.0055,non-degrader
RKU42437.1 hypothetical protein DL546_001586 [Coniochaeta pulveracea],204,0.0055,non-degrader
RKU42399.1 hypothetical protein DL546_004599 [Coniochaeta pulveracea],446,0.0055,non-degrader
RKU42357.1 hypothetical protein DL546_000364 [Coniochaeta pulveracea],550,0.0055,non-degrader
RKU42327.1 hypothetical protein DL546_004834 [Coniochaeta pulveracea],532,0.0055,non-degrader
RKU42011.1 hypothetical protein DL546_004321 [Coniochaeta pulveracea],393,0.0055,non-degrader
RKU41828.1 hypothetical protein DL546_004423 [Coniochaeta pulveracea],297,0.0055,non-degrader
RKU41327.1 hypothetical protein DL546_003042 [Coniochaeta pulveracea],291,0.0055,non-degrader
"RKU40913.1 Protein mss51, mitochondrial [Coniochaeta pulveracea]",506,0.0055,non-degrader
RKU40873.1 hypothetical protein DL546_000428 [Coniochaeta pulveracea],611,0.0055,non-degrader
RKU40783.1 hypothetical protein DL546_000923 [Coniochaeta pulveracea],374,0.0055,non-degrader
RKU40580.1 hypothetical protein DL546_002289 [Coniochaeta pulveracea],99,0.0055,non-degrader
RKU40571.1 eukaryotic translation initiation factor 2 subunit gamma [Coniochaeta pulveracea],513,0.0055,non-degrader
RKU40194.1 hypothetical protein DL546_002479 [Coniochaeta pulveracea],384,0.0055,non-degrader
RKU39998.1 hypothetical protein DL546_001899 [Coniochaeta pulveracea],237,0.0055,non-degrader
RKU39974.1 hypothetical protein DL546_001039 [Coniochaeta pulveracea],432,0.0055,non-degrader
RKU39927.1 hypothetical protein DL546_001403 [Coniochaeta pulveracea],309,0.0055,non-degrader
RKU39836.1 inner nuclear membrane protein enriched at telomere/subtelomere region [Coniochaeta pulveracea],714,0.0055,non-degrader
RKU39815.1 hypothetical protein DL546_000108 [Coniochaeta pulveracea],114,0.0055,non-degrader
RKU39763.1 hypothetical protein DL546_000158 [Coniochaeta pulveracea],527,0.0055,non-degrader
RKU39699.1 hypothetical protein DL546_000129 [Coniochaeta pulveracea],66,0.0055,non-degrader
RKU49621.1 ubiquinol--cytochrome-c reductase subunit 8 [Coniochaeta pulveracea],108,0.0054,non-degrader
RKU49442.1 hypothetical protein DL546_007171 [Coniochaeta pulveracea],760,0.0054,non-degrader
RKU49054.1 hypothetical protein DL546_001956 [Coniochaeta pulveracea],294,0.0054,non-degrader
RKU48848.1 hypothetical protein DL546_007624 [Coniochaeta pulveracea],645,0.0054,non-degrader
RKU48756.1 hypothetical protein DL546_002765 [Coniochaeta pulveracea],253,0.0054,non-degrader
RKU48748.1 Chromatin structure remodeling complex protein sfh1 [Coniochaeta pulveracea],594,0.0054,non-degrader
RKU48698.1 ATP-dependent 5'-3' DNA helicase hcs1 [Coniochaeta pulveracea],458,0.0054,non-degrader
RKU48610.1 hypothetical protein DL546_008775 [Coniochaeta pulveracea],137,0.0054,non-degrader
RKU48470.1 hypothetical protein DL546_003643 [Coniochaeta pulveracea],676,0.0054,non-degrader
RKU48413.1 hypothetical protein DL546_009517 [Coniochaeta pulveracea],247,0.0054,non-degrader
RKU48261.1 hypothetical protein DL546_006009 [Coniochaeta pulveracea],227,0.0054,non-degrader
RKU48188.1 Curved DNA-binding protein (42 kDa protein) [Coniochaeta pulveracea],407,0.0054,non-degrader
RKU48186.1 hypothetical protein DL546_009503 [Coniochaeta pulveracea],1514,0.0054,non-degrader
RKU48083.1 hypothetical protein DL546_008447 [Coniochaeta pulveracea],592,0.0054,non-degrader
RKU47996.1 FACT complex subunit [Coniochaeta pulveracea],555,0.0054,non-degrader
RKU47853.1 hypothetical protein DL546_008429 [Coniochaeta pulveracea],320,0.0054,non-degrader
RKU47802.1 hypothetical protein DL546_007329 [Coniochaeta pulveracea],289,0.0054,non-degrader
RKU47795.1 hypothetical protein DL546_006963 [Coniochaeta pulveracea],811,0.0054,non-degrader
RKU47547.1 hypothetical protein DL546_006327 [Coniochaeta pulveracea],274,0.0054,non-degrader
RKU47368.1 hypothetical protein DL546_006295 [Coniochaeta pulveracea],290,0.0054,non-degrader
"RKU47287.1 2,5-diamino-6-(ribosylamino)-4(3H)-pyrimidinone 5'-phosphate reductase [Coniochaeta pulveracea]",266,0.0054,non-degrader
RKU47103.1 Long chronological lifespan protein 2 [Coniochaeta pulveracea],120,0.0054,non-degrader
RKU47049.1 Translation factor pelota [Coniochaeta pulveracea],410,0.0054,non-degrader
"RKU47020.1 Chitin synthase, class 7 [Coniochaeta pulveracea]",335,0.0054,non-degrader
RKU46578.1 hypothetical protein DL546_004868 [Coniochaeta pulveracea],860,0.0054,non-degrader
RKU46568.1 hypothetical protein DL546_003982 [Coniochaeta pulveracea],305,0.0054,non-degrader
RKU46512.1 hypothetical protein DL546_008612 [Coniochaeta pulveracea],1122,0.0054,non-degrader
RKU46482.1 hypothetical protein DL546_008129 [Coniochaeta pulveracea],903,0.0054,non-degrader
RKU46320.1 hypothetical protein DL546_008168 [Coniochaeta pulveracea],464,0.0054,non-degrader
RKU46135.1 hypothetical protein DL546_007157 [Coniochaeta pulveracea],235,0.0054,non-degrader
RKU45935.1 translation elongation factor EF1B gamma [Coniochaeta pulveracea],149,0.0054,non-degrader
RKU45762.1 hypothetical protein DL546_000164 [Coniochaeta pulveracea],271,0.0054,non-degrader
RKU45636.1 hypothetical protein DL546_001431 [Coniochaeta pulveracea],686,0.0054,non-degrader
RKU45527.1 hypothetical protein DL546_003934 [Coniochaeta pulveracea],755,0.0054,non-degrader
RKU45422.1 hypothetical protein DL546_006168 [Coniochaeta pulveracea],1251,0.0054,non-degrader
RKU45304.1 hypothetical protein DL546_006862 [Coniochaeta pulveracea],412,0.0054,non-degrader
RKU45295.1 hypothetical protein DL546_006567 [Coniochaeta pulveracea],239,0.0054,non-degrader
RKU44977.1 hypothetical protein DL546_007252 [Coniochaeta pulveracea],243,0.0054,non-degrader
RKU44924.1 Importin subunit alpha [Coniochaeta pulveracea],548,0.0054,non-degrader
RKU44839.1 hypothetical protein DL546_004632 [Coniochaeta pulveracea],650,0.0054,non-degrader
RKU44708.1 Dicer-like protein 2 [Coniochaeta pulveracea],1460,0.0054,non-degrader
RKU44666.1 hypothetical protein DL546_003533 [Coniochaeta pulveracea],138,0.0054,non-degrader
RKU44560.1 hypothetical protein DL546_002556 [Coniochaeta pulveracea],702,0.0054,non-degrader
RKU44497.1 hypothetical protein DL546_005106 [Coniochaeta pulveracea],184,0.0054,non-degrader
RKU44385.1 hypothetical protein DL546_003740 [Coniochaeta pulveracea],279,0.0054,non-degrader
RKU44250.1 hypothetical protein DL546_006667 [Coniochaeta pulveracea],676,0.0054,non-degrader
RKU44151.1 hypothetical protein DL546_005389 [Coniochaeta pulveracea],509,0.0054,non-degrader
RKU44082.1 hypothetical protein DL546_007209 [Coniochaeta pulveracea],611,0.0054,non-degrader
RKU44042.1 hypothetical protein DL546_005487 [Coniochaeta pulveracea],374,0.0054,non-degrader
RKU43973.1 hypothetical protein DL546_005036 [Coniochaeta pulveracea],275,0.0054,non-degrader
RKU43875.1 hypothetical protein DL546_004879 [Coniochaeta pulveracea],581,0.0054,non-degrader
RKU43865.1 hypothetical protein DL546_004319 [Coniochaeta pulveracea],657,0.0054,non-degrader
RKU43861.1 hypothetical protein DL546_003750 [Coniochaeta pulveracea],875,0.0054,non-degrader
RKU43403.1 hypothetical protein DL546_002870 [Coniochaeta pulveracea],853,0.0054,non-degrader
RKU43378.1 anaphase promoting complex subunit doc1 [Coniochaeta pulveracea],381,0.0054,non-degrader
RKU43271.1 hypothetical protein DL546_005671 [Coniochaeta pulveracea],113,0.0054,non-degrader
RKU43243.1 hypothetical protein DL546_003640 [Coniochaeta pulveracea],473,0.0054,non-degrader
RKU43169.1 hypothetical protein DL546_004042 [Coniochaeta pulveracea],336,0.0054,non-degrader
RKU42992.1 hypothetical protein DL546_001885 [Coniochaeta pulveracea],358,0.0054,non-degrader
RKU42980.1 hypothetical protein DL546_000564 [Coniochaeta pulveracea],695,0.0054,non-degrader
RKU42923.1 hypothetical protein DL546_003377 [Coniochaeta pulveracea],331,0.0054,non-degrader
RKU42873.1 hypothetical protein DL546_005041 [Coniochaeta pulveracea],693,0.0054,non-degrader
RKU42824.1 proteasome core particle subunit beta 2 [Coniochaeta pulveracea],271,0.0054,non-degrader
RKU42527.1 hypothetical protein DL546_004588 [Coniochaeta pulveracea],128,0.0054,non-degrader
RKU42517.1 hypothetical protein DL546_003794 [Coniochaeta pulveracea],497,0.0054,non-degrader
RKU42363.1 hypothetical protein DL546_001179 [Coniochaeta pulveracea],357,0.0054,non-degrader
RKU42333.1 hypothetical protein DL546_005229 [Coniochaeta pulveracea],517,0.0054,non-degrader
RKU42235.1 hypothetical protein DL546_002275 [Coniochaeta pulveracea],535,0.0054,non-degrader
RKU42137.1 hypothetical protein DL546_004787 [Coniochaeta pulveracea],757,0.0054,non-degrader
RKU42062.1 hypothetical protein DL546_003156 [Coniochaeta pulveracea],1638,0.0054,non-degrader
RKU42027.1 hypothetical protein DL546_005282 [Coniochaeta pulveracea],311,0.0054,non-degrader
RKU41976.1 hypothetical protein DL546_001304 [Coniochaeta pulveracea],562,0.0054,non-degrader
RKU41919.1 hypothetical protein DL546_001379 [Coniochaeta pulveracea],402,0.0054,non-degrader
RKU41863.1 hypothetical protein DL546_001873 [Coniochaeta pulveracea],1505,0.0054,non-degrader
RKU41816.1 hypothetical protein DL546_003616 [Coniochaeta pulveracea],626,0.0054,non-degrader
RKU41739.1 hypothetical protein DL546_000156 [Coniochaeta pulveracea],721,0.0054,non-degrader
RKU41724.1 18S rRNA pseudouridine methyltransferase [Coniochaeta pulveracea],259,0.0054,non-degrader
RKU41677.1 hypothetical protein DL546_004979 [Coniochaeta pulveracea],144,0.0054,non-degrader
RKU41625.1 hypothetical protein DL546_005001 [Coniochaeta pulveracea],499,0.0054,non-degrader
RKU41599.1 hypothetical protein DL546_000853 [Coniochaeta pulveracea],302,0.0054,non-degrader
RKU41295.1 hypothetical protein DL546_002497 [Coniochaeta pulveracea],247,0.0054,non-degrader
RKU41062.1 hypothetical protein DL546_001910 [Coniochaeta pulveracea],71,0.0054,non-degrader
RKU41039.1 RNA polymerase II mediator complex subunit [Coniochaeta pulveracea],184,0.0054,non-degrader
RKU40647.1 hypothetical protein DL546_000290 [Coniochaeta pulveracea],1145,0.0054,non-degrader
RKU40550.1 Eukaryotic peptide chain release factor GTP-binding subunit [Coniochaeta pulveracea],631,0.0054,non-degrader
RKU40486.1 hypothetical protein DL546_001329 [Coniochaeta pulveracea],160,0.0054,non-degrader
RKU40461.1 hypothetical protein DL546_001777 [Coniochaeta pulveracea],528,0.0054,non-degrader
RKU40395.1 hypothetical protein DL546_002837 [Coniochaeta pulveracea],829,0.0054,non-degrader
RKU39887.1 hypothetical protein DL546_000668 [Coniochaeta pulveracea],507,0.0054,non-degrader
RKU49653.1 hypothetical protein DL546_009730 [Coniochaeta pulveracea],528,0.0053,non-degrader
RKU49334.1 Glycerol kinase [Coniochaeta pulveracea],542,0.0053,non-degrader
RKU49273.1 hypothetical protein DL546_009719 [Coniochaeta pulveracea],254,0.0053,non-degrader
RKU49238.1 hypothetical protein DL546_009589 [Coniochaeta pulveracea],1055,0.0053,non-degrader
RKU49204.1 hypothetical protein DL546_009084 [Coniochaeta pulveracea],432,0.0053,non-degrader
RKU49100.1 hypothetical protein DL546_006219 [Coniochaeta pulveracea],1226,0.0053,non-degrader
RKU48376.1 hypothetical protein DL546_009104 [Coniochaeta pulveracea],1233,0.0053,non-degrader
RKU48232.1 hypothetical protein DL546_003957 [Coniochaeta pulveracea],504,0.0053,non-degrader
RKU48100.1 hypothetical protein DL546_008722 [Coniochaeta pulveracea],351,0.0053,non-degrader
RKU48045.1 hypothetical protein DL546_007808 [Coniochaeta pulveracea],553,0.0053,non-degrader
RKU48016.1 hypothetical protein DL546_006923 [Coniochaeta pulveracea],222,0.0053,non-degrader
RKU47985.1 Mitochondrial inner membrane protease atp23 [Coniochaeta pulveracea],271,0.0053,non-degrader
RKU47953.1 hypothetical protein DL546_001938 [Coniochaeta pulveracea],179,0.0053,non-degrader
"RKU47908.1 transcription factor, variant 2 [Coniochaeta pulveracea]",670,0.0053,non-degrader
RKU47754.1 NADH:ubiquinone oxidoreductase [Coniochaeta pulveracea],651,0.0053,non-degrader
RKU47605.1 hypothetical protein DL546_008087 [Coniochaeta pulveracea],508,0.0053,non-degrader
RKU47557.1 hypothetical protein DL546_006699 [Coniochaeta pulveracea],299,0.0053,non-degrader
RKU47417.1 hypothetical protein DL546_008143 [Coniochaeta pulveracea],322,0.0053,non-degrader
RKU47322.1 hypothetical protein DL546_003282 [Coniochaeta pulveracea],608,0.0053,non-degrader
RKU47162.1 hypothetical protein DL546_007005 [Coniochaeta pulveracea],73,0.0053,non-degrader
RKU47122.1 hypothetical protein DL546_004984 [Coniochaeta pulveracea],633,0.0053,non-degrader
RKU47025.1 YmL10 [Coniochaeta pulveracea],300,0.0053,non-degrader
RKU46848.1 Histone acetyltransferase [Coniochaeta pulveracea],492,0.0053,non-degrader
RKU46781.1 dolichyl-phosphate beta-glucosyltransferase [Coniochaeta pulveracea],410,0.0053,non-degrader
"RKU46695.1 54S ribosomal protein L22, mitochondrial [Coniochaeta pulveracea]",353,0.0053,non-degrader
RKU46688.1 hypothetical protein DL546_008649 [Coniochaeta pulveracea],625,0.0053,non-degrader
RKU46545.1 hypothetical protein DL546_001370 [Coniochaeta pulveracea],1576,0.0053,non-degrader
RKU46534.1 hypothetical protein DL546_008924 [Coniochaeta pulveracea],325,0.0053,non-degrader
RKU46473.1 hypothetical protein DL546_007882 [Coniochaeta pulveracea],276,0.0053,non-degrader
RKU46325.1 hypothetical protein DL546_008305 [Coniochaeta pulveracea],422,0.0053,non-degrader
RKU46253.1 hypothetical protein DL546_005963 [Coniochaeta pulveracea],1481,0.0053,non-degrader
RKU46137.1 U3 snoRNP protein [Coniochaeta pulveracea],2639,0.0053,non-degrader
RKU46109.1 hypothetical protein DL546_006310 [Coniochaeta pulveracea],535,0.0053,non-degrader
RKU45895.1 hypothetical protein DL546_008434 [Coniochaeta pulveracea],198,0.0053,non-degrader
RKU45840.1 tRNA-splicing endonuclease subunit [Coniochaeta pulveracea],221,0.0053,non-degrader
RKU45551.1 hypothetical protein DL546_005894 [Coniochaeta pulveracea],307,0.0053,non-degrader
RKU45179.1 hypothetical protein DL546_006934 [Coniochaeta pulveracea],303,0.0053,non-degrader
RKU45095.1 hypothetical protein DL546_000941 [Coniochaeta pulveracea],271,0.0053,non-degrader
RKU44834.1 3-deoxy-7-phosphoheptulonate synthase [Coniochaeta pulveracea],379,0.0053,non-degrader
RKU44713.1 hypothetical protein DL546_006761 [Coniochaeta pulveracea],566,0.0053,non-degrader
RKU44341.1 hypothetical protein DL546_006905 [Coniochaeta pulveracea],419,0.0053,non-degrader
RKU44000.1 hypothetical protein DL546_006916 [Coniochaeta pulveracea],347,0.0053,non-degrader
RKU43960.1 Histone deacetylase hda1 [Coniochaeta pulveracea],733,0.0053,non-degrader
RKU43941.1 hypothetical protein DL546_002426 [Coniochaeta pulveracea],788,0.0053,non-degrader
"RKU43929.1 Para-hydroxybenzoate--polyprenyltransferase, mitochondrial precursor (PHB:polyprenyltransferase) [Coniochaeta pulveracea]",414,0.0053,non-degrader
RKU43515.1 Nitrogen permease regulator 2 [Coniochaeta pulveracea],443,0.0053,non-degrader
RKU43453.1 hypothetical protein DL546_006624 [Coniochaeta pulveracea],1465,0.0053,non-degrader
RKU43202.1 hypothetical protein DL546_005856 [Coniochaeta pulveracea],893,0.0053,non-degrader
RKU42720.1 WD domain protein [Coniochaeta pulveracea],403,0.0053,non-degrader
RKU42652.1 hypothetical protein DL546_002256 [Coniochaeta pulveracea],1876,0.0053,non-degrader
RKU42598.1 hypothetical protein DL546_004446 [Coniochaeta pulveracea],810,0.0053,non-degrader
RKU42595.1 hypothetical protein DL546_004343 [Coniochaeta pulveracea],131,0.0053,non-degrader
RKU42584.1 hypothetical protein DL546_003584 [Coniochaeta pulveracea],329,0.0053,non-degrader
RKU42581.1 hypothetical protein DL546_003359 [Coniochaeta pulveracea],1076,0.0053,non-degrader
RKU42377.1 hypothetical protein DL546_002852 [Coniochaeta pulveracea],250,0.0053,non-degrader
RKU42372.1 hypothetical protein DL546_002169 [Coniochaeta pulveracea],1004,0.0053,non-degrader
RKU42369.1 hypothetical protein DL546_001638 [Coniochaeta pulveracea],388,0.0053,non-degrader
RKU42328.1 hypothetical protein DL546_004894 [Coniochaeta pulveracea],589,0.0053,non-degrader
RKU42324.1 hypothetical protein DL546_004397 [Coniochaeta pulveracea],1693,0.0053,non-degrader
RKU42264.1 autophagy-related protein 20 [Coniochaeta pulveracea],615,0.0053,non-degrader
RKU42078.1 hypothetical protein DL546_004786 [Coniochaeta pulveracea],282,0.0053,non-degrader
RKU42037.1 hypothetical protein DL546_000414 [Coniochaeta pulveracea],771,0.0053,non-degrader
RKU41989.1 RNA-splicing factor [Coniochaeta pulveracea],348,0.0053,non-degrader
RKU41703.1 hypothetical protein DL546_002567 [Coniochaeta pulveracea],432,0.0053,non-degrader
RKU41477.1 hypothetical protein DL546_004281 [Coniochaeta pulveracea],464,0.0053,non-degrader
RKU41149.1 hypothetical protein DL546_002335 [Coniochaeta pulveracea],97,0.0053,non-degrader
RKU41037.1 hypothetical protein DL546_003351 [Coniochaeta pulveracea],1524,0.0053,non-degrader
RKU40747.1 hypothetical protein DL546_000296 [Coniochaeta pulveracea],102,0.0053,non-degrader
RKU40735.1 hypothetical protein DL546_002865 [Coniochaeta pulveracea],877,0.0053,non-degrader
RKU40466.1 hypothetical protein DL546_002443 [Coniochaeta pulveracea],224,0.0053,non-degrader
RKU40086.1 hypothetical protein DL546_001863 [Coniochaeta pulveracea],313,0.0053,non-degrader
RKU40079.1 H(+)-transporting V1 sector ATPase subunit A [Coniochaeta pulveracea],730,0.0053,non-degrader
RKU39716.1 hypothetical protein DL546_000199 [Coniochaeta pulveracea],142,0.0053,non-degrader
"RKU39692.1 hypothetical protein DL546_000030, partial [Coniochaeta pulveracea]",60,0.0053,non-degrader
RKU49722.1 hypothetical protein DL546_009895 [Coniochaeta pulveracea],286,0.0052,non-degrader
RKU49660.1 casein kinase I [Coniochaeta pulveracea],448,0.0052,non-degrader
RKU49539.1 hypothetical protein DL546_009059 [Coniochaeta pulveracea],296,0.0052,non-degrader
RKU49431.1 hypothetical protein DL546_006797 [Coniochaeta pulveracea],507,0.0052,non-degrader
RKU49409.1 DNAj domain protein [Coniochaeta pulveracea],279,0.0052,non-degrader
RKU49339.1 hypothetical protein DL546_009872 [Coniochaeta pulveracea],894,0.0052,non-degrader
RKU49333.1 hypothetical protein DL546_009861 [Coniochaeta pulveracea],784,0.0052,non-degrader
RKU49292.1 hypothetical protein DL546_009785 [Coniochaeta pulveracea],589,0.0052,non-degrader
RKU48936.1 Transcriptional activator of fatty acid utilization [Coniochaeta pulveracea],903,0.0052,non-degrader
RKU48722.1 Cytochrome c oxidase assembly protein cox15 [Coniochaeta pulveracea],480,0.0052,non-degrader
RKU48618.1 hypothetical protein DL546_008851 [Coniochaeta pulveracea],442,0.0052,non-degrader
RKU48452.1 hypothetical protein DL546_001883 [Coniochaeta pulveracea],476,0.0052,non-degrader
RKU48403.1 glycerol transporter [Coniochaeta pulveracea],502,0.0052,non-degrader
RKU48213.1 hypothetical protein DL546_002302 [Coniochaeta pulveracea],283,0.0052,non-degrader
RKU47971.1 hypothetical protein DL546_003815 [Coniochaeta pulveracea],408,0.0052,non-degrader
RKU47957.1 hypothetical protein DL546_002474 [Coniochaeta pulveracea],274,0.0052,non-degrader
"RKU47909.1 transcription factor, variant 3 [Coniochaeta pulveracea]",669,0.0052,non-degrader
RKU47815.1 hypothetical protein DL546_007643 [Coniochaeta pulveracea],642,0.0052,non-degrader
RKU46950.1 hypothetical protein DL546_005721 [Coniochaeta pulveracea],906,0.0052,non-degrader
RKU46748.1 hypothetical protein DL546_004147 [Coniochaeta pulveracea],436,0.0052,non-degrader
RKU46700.1 hypothetical protein DL546_008905 [Coniochaeta pulveracea],985,0.0052,non-degrader
RKU46639.1 hypothetical protein DL546_007774 [Coniochaeta pulveracea],654,0.0052,non-degrader
RKU46626.1 N-acetylglucosaminyldiphosphodolichol N-acetylglucosaminyltransferase catalytic subunit alg13 [Coniochaeta pulveracea],250,0.0052,non-degrader
RKU46601.1 hypothetical protein DL546_006282 [Coniochaeta pulveracea],405,0.0052,non-degrader
RKU46285.1 glucose-6-phosphate isomerase [Coniochaeta pulveracea],560,0.0052,non-degrader
RKU46194.1 hypothetical protein DL546_008760 [Coniochaeta pulveracea],271,0.0052,non-degrader
RKU46168.1 hypothetical protein DL546_008116 [Coniochaeta pulveracea],321,0.0052,non-degrader
RKU46121.1 hypothetical protein DL546_006782 [Coniochaeta pulveracea],381,0.0052,non-degrader
RKU45937.1 hypothetical protein DL546_003936 [Coniochaeta pulveracea],362,0.0052,non-degrader
RKU45897.1 vacuolar membrane-associated protein iml1 [Coniochaeta pulveracea],1876,0.0052,non-degrader
RKU45773.1 hypothetical protein DL546_001663 [Coniochaeta pulveracea],184,0.0052,non-degrader
"RKU45730.1 protein kinase A regulatory subunit, variant 2 [Coniochaeta pulveracea]",455,0.0052,non-degrader
RKU45470.1 hypothetical protein DL546_007969 [Coniochaeta pulveracea],798,0.0052,non-degrader
RKU45414.1 hypothetical protein DL546_005842 [Coniochaeta pulveracea],472,0.0052,non-degrader
RKU45405.1 hypothetical protein DL546_005245 [Coniochaeta pulveracea],815,0.0052,non-degrader
RKU45259.1 putative ubiquinone biosynthesis monooxygenase [Coniochaeta pulveracea],500,0.0052,non-degrader
RKU45173.1 hypothetical protein DL546_006672 [Coniochaeta pulveracea],564,0.0052,non-degrader
RKU45117.1 Nin1 binding protein [Coniochaeta pulveracea],453,0.0052,non-degrader
RKU45103.1 hypothetical protein DL546_001876 [Coniochaeta pulveracea],481,0.0052,non-degrader
RKU45079.1 hypothetical protein DL546_007597 [Coniochaeta pulveracea],184,0.0052,non-degrader
RKU44995.1 Processing alpha glucosidase I [Coniochaeta pulveracea],825,0.0052,non-degrader
RKU44925.1 hypothetical protein DL546_003910 [Coniochaeta pulveracea],694,0.0052,non-degrader
RKU44618.1 Eisosome core component [Coniochaeta pulveracea],359,0.0052,non-degrader
RKU44575.1 tRNA-dihydrouridine synthase 3 [Coniochaeta pulveracea],726,0.0052,non-degrader
RKU44496.1 hypothetical protein DL546_005070 [Coniochaeta pulveracea],311,0.0052,non-degrader
RKU44411.1 hypothetical protein DL546_006086 [Coniochaeta pulveracea],1055,0.0052,non-degrader
RKU44323.1 hypothetical protein DL546_006261 [Coniochaeta pulveracea],361,0.0052,non-degrader
RKU44248.1 hypothetical protein DL546_006592 [Coniochaeta pulveracea],849,0.0052,non-degrader
RKU44143.1 hypothetical protein DL546_004964 [Coniochaeta pulveracea],266,0.0052,non-degrader
RKU44033.1 hypothetical protein DL546_004997 [Coniochaeta pulveracea],518,0.0052,non-degrader
RKU43882.1 hypothetical protein DL546_005457 [Coniochaeta pulveracea],406,0.0052,non-degrader
RKU43831.1 hypothetical protein DL546_000251 [Coniochaeta pulveracea],261,0.0052,non-degrader
RKU43799.1 Nucleolar protein 12 [Coniochaeta pulveracea],607,0.0052,non-degrader
RKU43708.1 hypothetical protein DL546_003193 [Coniochaeta pulveracea],590,0.0052,non-degrader
RKU43604.1 hypothetical protein DL546_000048 [Coniochaeta pulveracea],426,0.0052,non-degrader
RKU43516.1 Vacuolar protein sorting-associated protein 53 [Coniochaeta pulveracea],848,0.0052,non-degrader
RKU43444.1 hypothetical protein DL546_006216 [Coniochaeta pulveracea],165,0.0052,non-degrader
RKU43381.1 Glucose-repressible protein [Coniochaeta pulveracea],71,0.0052,non-degrader
RKU43288.1 hypothetical protein DL546_006580 [Coniochaeta pulveracea],617,0.0052,non-degrader
RKU42934.1 hypothetical protein DL546_004191 [Coniochaeta pulveracea],534,0.0052,non-degrader
RKU42912.1 hypothetical protein DL546_002303 [Coniochaeta pulveracea],958,0.0052,non-degrader
RKU42899.1 bud neck involved protein [Coniochaeta pulveracea],548,0.0052,non-degrader
RKU42864.1 hypothetical protein DL546_003835 [Coniochaeta pulveracea],512,0.0052,non-degrader
RKU42671.1 hypothetical protein DL546_004175 [Coniochaeta pulveracea],559,0.0052,non-degrader
RKU42582.1 hypothetical protein DL546_003498 [Coniochaeta pulveracea],378,0.0052,non-degrader
RKU42455.1 hypothetical protein DL546_003591 [Coniochaeta pulveracea],1255,0.0052,non-degrader
RKU42422.1 hypothetical protein DL546_005748 [Coniochaeta pulveracea],516,0.0052,non-degrader
RKU42411.1 hypothetical protein DL546_005237 [Coniochaeta pulveracea],447,0.0052,non-degrader
RKU42110.1 hypothetical protein DL546_002429 [Coniochaeta pulveracea],295,0.0052,non-degrader
RKU42086.1 hypothetical protein DL546_005234 [Coniochaeta pulveracea],1710,0.0052,non-degrader
RKU42025.1 hypothetical protein DL546_005195 [Coniochaeta pulveracea],556,0.0052,non-degrader
RKU41944.1 hypothetical protein DL546_004974 [Coniochaeta pulveracea],295,0.0052,non-degrader
RKU41693.1 multicopy suppressor of ts gsp1 [Coniochaeta pulveracea],197,0.0052,non-degrader
RKU41374.1 hypothetical protein DL546_003560 [Coniochaeta pulveracea],518,0.0052,non-degrader
RKU41333.1 hypothetical protein DL546_003844 [Coniochaeta pulveracea],375,0.0052,non-degrader
RKU41273.1 hypothetical protein DL546_000263 [Coniochaeta pulveracea],448,0.0052,non-degrader
RKU40833.1 hypothetical protein DL546_003247 [Coniochaeta pulveracea],260,0.0052,non-degrader
RKU40677.1 hypothetical protein DL546_003683 [Coniochaeta pulveracea],380,0.0052,non-degrader
RKU40627.1 hypothetical protein DL546_003488 [Coniochaeta pulveracea],183,0.0052,non-degrader
RKU40354.1 hypothetical protein DL546_000921 [Coniochaeta pulveracea],346,0.0052,non-degrader
RKU40281.1 RNA helicase [Coniochaeta pulveracea],595,0.0052,non-degrader
RKU40189.1 hypothetical protein DL546_002080 [Coniochaeta pulveracea],485,0.0052,non-degrader
RKU39891.1 hypothetical protein DL546_001164 [Coniochaeta pulveracea],437,0.0052,non-degrader
RKU39853.1 hypothetical protein DL546_001214 [Coniochaeta pulveracea],424,0.0052,non-degrader
RKU39804.1 hypothetical protein DL546_000126 [Coniochaeta pulveracea],691,0.0052,non-degrader
"RKU39786.1 hypothetical protein DL546_001005, partial [Coniochaeta pulveracea]",246,0.0052,non-degrader
RKU49397.1 hypothetical protein DL546_005193 [Coniochaeta pulveracea],540,0.0051,non-degrader
RKU49372.1 hypothetical protein DL546_002187 [Coniochaeta pulveracea],488,0.0051,non-degrader
RKU49275.1 hypothetical protein DL546_009724 [Coniochaeta pulveracea],464,0.0051,non-degrader
RKU49254.1 hypothetical protein DL546_009657 [Coniochaeta pulveracea],832,0.0051,non-degrader
RKU49134.1 hypothetical protein DL546_007891 [Coniochaeta pulveracea],978,0.0051,non-degrader
RKU49027.1 hypothetical protein DL546_009746 [Coniochaeta pulveracea],406,0.0051,non-degrader
RKU48961.1 hypothetical protein DL546_009437 [Coniochaeta pulveracea],325,0.0051,non-degrader
RKU48951.1 cytosolic Fe-S cluster assembly factor nbp35 [Coniochaeta pulveracea],342,0.0051,non-degrader
RKU48793.1 hypothetical protein DL546_005794 [Coniochaeta pulveracea],563,0.0051,non-degrader
RKU48726.1 Glucosamine-6-phosphate isomerase 1 [Coniochaeta pulveracea],364,0.0051,non-degrader
RKU48660.1 hypothetical protein DL546_009364 [Coniochaeta pulveracea],463,0.0051,non-degrader
RKU48491.1 hypothetical protein DL546_005168 [Coniochaeta pulveracea],501,0.0051,non-degrader
RKU48424.1 hypothetical protein DL546_009578 [Coniochaeta pulveracea],471,0.0051,non-degrader
RKU48422.1 hypothetical protein DL546_009570 [Coniochaeta pulveracea],342,0.0051,non-degrader
RKU48405.1 hypothetical protein DL546_009490 [Coniochaeta pulveracea],828,0.0051,non-degrader
RKU48383.1 hypothetical protein DL546_009191 [Coniochaeta pulveracea],526,0.0051,non-degrader
RKU48270.1 Vacuolar protein sorting-associated protein 8 [Coniochaeta pulveracea],1507,0.0051,non-degrader
RKU47884.1 hypothetical protein DL546_008840 [Coniochaeta pulveracea],1350,0.0051,non-degrader
RKU47734.1 hypothetical protein DL546_002783 [Coniochaeta pulveracea],527,0.0051,non-degrader
RKU47707.1 hypothetical protein DL546_009402 [Coniochaeta pulveracea],525,0.0051,non-degrader
RKU47667.1 glycosylphosphatidylinositol anchor biosynthesis [Coniochaeta pulveracea],380,0.0051,non-degrader
RKU47581.1 hypothetical protein DL546_007494 [Coniochaeta pulveracea],140,0.0051,non-degrader
RKU47502.1 hypothetical protein DL546_003169 [Coniochaeta pulveracea],470,0.0051,non-degrader
RKU47468.1 hypothetical protein DL546_009319 [Coniochaeta pulveracea],641,0.0051,non-degrader
RKU47224.1 54S ribosomal protein L4 mitochondrial [Coniochaeta pulveracea],299,0.0051,non-degrader
RKU46955.1 hypothetical protein DL546_006027 [Coniochaeta pulveracea],203,0.0051,non-degrader
RKU46564.1 hypothetical protein DL546_003482 [Coniochaeta pulveracea],1092,0.0051,non-degrader
RKU46476.1 atp4 subunit B of the stator stalk of mitochondrial F1F0 ATP synthase [Coniochaeta pulveracea],241,0.0051,non-degrader
RKU46293.1 hypothetical protein DL546_007590 [Coniochaeta pulveracea],1043,0.0051,non-degrader
RKU46265.1 hypothetical protein DL546_006500 [Coniochaeta pulveracea],632,0.0051,non-degrader
RKU46197.1 glyoxalase [Coniochaeta pulveracea],490,0.0051,non-degrader
RKU46161.1 hypothetical protein DL546_007996 [Coniochaeta pulveracea],270,0.0051,non-degrader
RKU45968.1 hypothetical protein DL546_005633 [Coniochaeta pulveracea],580,0.0051,non-degrader
RKU45809.1 hypothetical protein DL546_005705 [Coniochaeta pulveracea],1237,0.0051,non-degrader
RKU45794.1 Rho-type gtpase-activating protein [Coniochaeta pulveracea],1054,0.0051,non-degrader
RKU45731.1 hypothetical protein DL546_007999 [Coniochaeta pulveracea],477,0.0051,non-degrader
RKU45724.1 hypothetical protein DL546_007790 [Coniochaeta pulveracea],560,0.0051,non-degrader
RKU45619.1 hypothetical protein DL546_008337 [Coniochaeta pulveracea],723,0.0051,non-degrader
RKU45565.1 hypothetical protein DL546_006692 [Coniochaeta pulveracea],1642,0.0051,non-degrader
RKU45335.1 hypothetical protein DL546_007770 [Coniochaeta pulveracea],115,0.0051,non-degrader
RKU45261.1 Golgi-to-ER vesicle coat component [Coniochaeta pulveracea],201,0.0051,non-degrader
RKU45033.1 hypothetical protein DL546_005299 [Coniochaeta pulveracea],651,0.0051,non-degrader
RKU44894.1 hypothetical protein DL546_000662 [Coniochaeta pulveracea],1210,0.0051,non-degrader
RKU44875.1 hypothetical protein DL546_007178 [Coniochaeta pulveracea],703,0.0051,non-degrader
RKU44732.1 hypothetical protein DL546_007463 [Coniochaeta pulveracea],642,0.0051,non-degrader
RKU44586.1 hypothetical protein DL546_005003 [Coniochaeta pulveracea],140,0.0051,non-degrader
RKU44572.1 hypothetical protein DL546_003757 [Coniochaeta pulveracea],677,0.0051,non-degrader
RKU44428.1 hypothetical protein DL546_007033 [Coniochaeta pulveracea],671,0.0051,non-degrader
RKU44314.1 cholesterol esterase [Coniochaeta pulveracea],669,0.0051,non-degrader
RKU44268.1 hypothetical protein DL546_000219 [Coniochaeta pulveracea],137,0.0051,non-degrader
RKU44041.1 hypothetical protein DL546_005458 [Coniochaeta pulveracea],308,0.0051,non-degrader
RKU43948.1 hypothetical protein DL546_003164 [Coniochaeta pulveracea],477,0.0051,non-degrader
RKU43930.1 hypothetical protein DL546_001317 [Coniochaeta pulveracea],1433,0.0051,non-degrader
RKU43920.1 adenylate kinase [Coniochaeta pulveracea],276,0.0051,non-degrader
RKU43846.1 hypothetical protein DL546_002133 [Coniochaeta pulveracea],626,0.0051,non-degrader
RKU43736.1 hypothetical protein DL546_005605 [Coniochaeta pulveracea],1037,0.0051,non-degrader
RKU43713.1 hypothetical protein DL546_003805 [Coniochaeta pulveracea],589,0.0051,non-degrader
RKU43676.1 hypothetical protein DL546_006875 [Coniochaeta pulveracea],900,0.0051,non-degrader
RKU43628.1 hypothetical protein DL546_003727 [Coniochaeta pulveracea],696,0.0051,non-degrader
RKU43504.1 hypothetical protein DL546_004448 [Coniochaeta pulveracea],212,0.0051,non-degrader
RKU43479.1 hypothetical protein DL546_002885 [Coniochaeta pulveracea],337,0.0051,non-degrader
RKU43475.1 hypothetical protein DL546_002446 [Coniochaeta pulveracea],888,0.0051,non-degrader
RKU43325.1 hypothetical protein DL546_003698 [Coniochaeta pulveracea],153,0.0051,non-degrader
RKU43311.1 hypothetical protein DL546_002232 [Coniochaeta pulveracea],195,0.0051,non-degrader
RKU43278.1 hypothetical protein DL546_006083 [Coniochaeta pulveracea],1112,0.0051,non-degrader
RKU43230.1 hypothetical protein DL546_002358 [Coniochaeta pulveracea],497,0.0051,non-degrader
RKU43203.1 hypothetical protein DL546_005941 [Coniochaeta pulveracea],480,0.0051,non-degrader
RKU43085.1 eukaryotic translation initiation factor 3 subunit E [Coniochaeta pulveracea],450,0.0051,non-degrader
RKU43075.1 40S ribosomal protein S20 [Coniochaeta pulveracea],116,0.0051,non-degrader
RKU42979.1 electron carrier [Coniochaeta pulveracea],320,0.0051,non-degrader
RKU42938.1 hypothetical protein DL546_004536 [Coniochaeta pulveracea],503,0.0051,non-degrader
RKU42893.1 hypothetical protein DL546_006283 [Coniochaeta pulveracea],289,0.0051,non-degrader
RKU42857.1 hypothetical protein DL546_002930 [Coniochaeta pulveracea],1221,0.0051,non-degrader
RKU42851.1 hypothetical protein DL546_002484 [Coniochaeta pulveracea],150,0.0051,non-degrader
RKU42782.1 hypothetical protein DL546_002568 [Coniochaeta pulveracea],1077,0.0051,non-degrader
"RKU42776.1 oligomeric, coiled-coil, peripheral membrane protein [Coniochaeta pulveracea]",1431,0.0051,non-degrader
"RKU42684.1 Cx9C motif-containing protein 4, mitochondrial [Coniochaeta pulveracea]",78,0.0051,non-degrader
RKU42547.1 hypothetical protein DL546_005723 [Coniochaeta pulveracea],452,0.0051,non-degrader
RKU42479.1 Guanosine-diphosphatase [Coniochaeta pulveracea],553,0.0051,non-degrader
RKU42295.1 hypothetical protein DL546_001845 [Coniochaeta pulveracea],585,0.0051,non-degrader
RKU42283.1 hypothetical protein DL546_000494 [Coniochaeta pulveracea],338,0.0051,non-degrader
RKU42229.1 hypothetical protein DL546_001757 [Coniochaeta pulveracea],378,0.0051,non-degrader
RKU42216.1 glycosyl transferase [Coniochaeta pulveracea],501,0.0051,non-degrader
RKU42176.1 hypothetical protein DL546_002650 [Coniochaeta pulveracea],328,0.0051,non-degrader
RKU42150.1 GTP-binding nuclear protein gsp1/Ran [Coniochaeta pulveracea],220,0.0051,non-degrader
RKU41854.1 DNA repair protein rad16 [Coniochaeta pulveracea],1019,0.0051,non-degrader
RKU41783.1 hypothetical protein DL546_004847 [Coniochaeta pulveracea],485,0.0051,non-degrader
RKU41606.1 hypothetical protein DL546_001772 [Coniochaeta pulveracea],995,0.0051,non-degrader
RKU41568.1 threalose-6-phosphate phosphatase [Coniochaeta pulveracea],983,0.0051,non-degrader
RKU41399.1 hypothetical protein DL546_001332 [Coniochaeta pulveracea],531,0.0051,non-degrader
"RKU41396.1 hypothetical protein DL546_004939, partial [Coniochaeta pulveracea]",1159,0.0051,non-degrader
RKU41383.1 serine/threonine-protein kinase M1 [Coniochaeta pulveracea],342,0.0051,non-degrader
RKU41349.1 hypothetical protein DL546_001171 [Coniochaeta pulveracea],518,0.0051,non-degrader
RKU41021.1 hypothetical protein DL546_001815 [Coniochaeta pulveracea],866,0.0051,non-degrader
RKU40412.1 hypothetical protein DL546_001177 [Coniochaeta pulveracea],1080,0.0051,non-degrader
RKU40279.1 hypothetical protein DL546_000218 [Coniochaeta pulveracea],998,0.0051,non-degrader
RKU40112.1 hypothetical protein DL546_000981 [Coniochaeta pulveracea],559,0.0051,non-degrader
RKU40088.1 hypothetical protein DL546_002010 [Coniochaeta pulveracea],880,0.0051,non-degrader
RKU40017.1 hypothetical protein DL546_001420 [Coniochaeta pulveracea],668,0.0051,non-degrader
RKU40009.1 hypothetical protein DL546_000794 [Coniochaeta pulveracea],738,0.0051,non-degrader
RKU39949.1 hypothetical protein DL546_002000 [Coniochaeta pulveracea],136,0.0051,non-degrader
RKU39722.1 hypothetical protein DL546_000242 [Coniochaeta pulveracea],396,0.0051,non-degrader
RKU49587.1 hypothetical protein DL546_009443 [Coniochaeta pulveracea],110,0.005,non-degrader
RKU49545.1 hypothetical protein DL546_009120 [Coniochaeta pulveracea],567,0.005,non-degrader
RKU49486.1 hypothetical protein DL546_008241 [Coniochaeta pulveracea],502,0.005,non-degrader
RKU49406.1 hypothetical protein DL546_005655 [Coniochaeta pulveracea],200,0.005,non-degrader
RKU49367.1 hypothetical protein DL546_001617 [Coniochaeta pulveracea],948,0.005,non-degrader
RKU49256.1 hypothetical protein DL546_009663 [Coniochaeta pulveracea],487,0.005,non-degrader
RKU48978.1 hypothetical protein DL546_009539 [Coniochaeta pulveracea],471,0.005,non-degrader
RKU48970.1 hypothetical protein DL546_009475 [Coniochaeta pulveracea],369,0.005,non-degrader
RKU48806.1 hypothetical protein DL546_006347 [Coniochaeta pulveracea],474,0.005,non-degrader
RKU48751.1 hypothetical protein DL546_002257 [Coniochaeta pulveracea],375,0.005,non-degrader
RKU48684.1 Chromatin structure-remodeling complex protein rsc9 [Coniochaeta pulveracea],941,0.005,non-degrader
RKU48649.1 hypothetical protein DL546_009260 [Coniochaeta pulveracea],1139,0.005,non-degrader
RKU48639.1 hypothetical protein DL546_009134 [Coniochaeta pulveracea],708,0.005,non-degrader
RKU48500.1 histone deacetylase [Coniochaeta pulveracea],627,0.005,non-degrader
RKU48417.1 hypothetical protein DL546_009536 [Coniochaeta pulveracea],696,0.005,non-degrader
RKU48387.1 hypothetical protein DL546_009250 [Coniochaeta pulveracea],1112,0.005,non-degrader
RKU48278.1 Dynein light chain [Coniochaeta pulveracea],104,0.005,non-degrader
RKU48205.1 hypothetical protein DL546_001228 [Coniochaeta pulveracea],522,0.005,non-degrader
RKU48127.1 Glutamate--tRNA ligase mitochondrial [Coniochaeta pulveracea],610,0.005,non-degrader
RKU48076.1 hypothetical protein DL546_008352 [Coniochaeta pulveracea],727,0.005,non-degrader
RKU47885.1 hypothetical protein DL546_008863 [Coniochaeta pulveracea],616,0.005,non-degrader
RKU47858.1 hypothetical protein DL546_008517 [Coniochaeta pulveracea],505,0.005,non-degrader
RKU47811.1 hypothetical protein DL546_007566 [Coniochaeta pulveracea],500,0.005,non-degrader
RKU47769.1 hypothetical protein DL546_005755 [Coniochaeta pulveracea],355,0.005,non-degrader
RKU47735.1 hypothetical protein DL546_002783 [Coniochaeta pulveracea],367,0.005,non-degrader
RKU47683.1 diphthine synthase [Coniochaeta pulveracea],301,0.005,non-degrader
"RKU47521.1 Cytochrome b2, mitochondrial precursor [Coniochaeta pulveracea]",498,0.005,non-degrader
RKU47498.1 tunicamycin resistance protein [Coniochaeta pulveracea],463,0.005,non-degrader
RKU47464.1 mitochondrial glycerol-3-phosphate dehydrogenase [Coniochaeta pulveracea],684,0.005,non-degrader
RKU47375.1 hypothetical protein DL546_006642 [Coniochaeta pulveracea],318,0.005,non-degrader
RKU47342.1 hypothetical protein DL546_004770 [Coniochaeta pulveracea],654,0.005,non-degrader
RKU47266.1 hypothetical protein DL546_009007 [Coniochaeta pulveracea],1158,0.005,non-degrader
RKU46878.1 hypothetical protein DL546_009093 [Coniochaeta pulveracea],474,0.005,non-degrader
RKU46782.1 hypothetical protein DL546_006431 [Coniochaeta pulveracea],336,0.005,non-degrader
RKU46764.1 hypothetical protein DL546_005273 [Coniochaeta pulveracea],126,0.005,non-degrader
RKU46733.1 hypothetical protein DL546_002535 [Coniochaeta pulveracea],194,0.005,non-degrader
RKU46659.1 hypothetical protein DL546_008135 [Coniochaeta pulveracea],744,0.005,non-degrader
RKU46642.1 hypothetical protein DL546_007826 [Coniochaeta pulveracea],207,0.005,non-degrader
RKU46584.1 hypothetical protein DL546_005406 [Coniochaeta pulveracea],675,0.005,non-degrader
RKU46544.1 hypothetical protein DL546_001370 [Coniochaeta pulveracea],1671,0.005,non-degrader
RKU46338.1 hypothetical protein DL546_008556 [Coniochaeta pulveracea],480,0.005,non-degrader
RKU46298.1 hypothetical protein DL546_007707 [Coniochaeta pulveracea],517,0.005,non-degrader
RKU46193.1 hypothetical protein DL546_008752 [Coniochaeta pulveracea],365,0.005,non-degrader
RKU46160.1 hypothetical protein DL546_007948 [Coniochaeta pulveracea],1012,0.005,non-degrader
"RKU45846.1 CCA tRNA nucleotidyltransferase, mitochondrial [Coniochaeta pulveracea]",553,0.005,non-degrader
RKU45839.1 hypothetical protein DL546_007047 [Coniochaeta pulveracea],983,0.005,non-degrader
RKU45807.1 hypothetical protein DL546_005596 [Coniochaeta pulveracea],703,0.005,non-degrader
RKU45778.1 hypothetical protein DL546_002273 [Coniochaeta pulveracea],933,0.005,non-degrader
RKU45743.1 hypothetical protein DL546_008181 [Coniochaeta pulveracea],200,0.005,non-degrader
RKU45643.1 hypothetical protein DL546_002717 [Coniochaeta pulveracea],979,0.005,non-degrader
"RKU45543.1 Initiation-specific alpha-1,6-mannosyltransferase [Coniochaeta pulveracea]",388,0.005,non-degrader
RKU45496.1 surf-like protein [Coniochaeta pulveracea],311,0.005,non-degrader
RKU45461.1 hypothetical protein DL546_007793 [Coniochaeta pulveracea],523,0.005,non-degrader
RKU45450.1 hypothetical protein DL546_007452 [Coniochaeta pulveracea],1206,0.005,non-degrader
RKU45430.1 hypothetical protein DL546_006577 [Coniochaeta pulveracea],152,0.005,non-degrader
RKU45373.1 Suppressor of the cold-sensitive snRNP bioproteinsis mutant brr1-1 [Coniochaeta pulveracea],435,0.005,non-degrader
RKU45366.1 hypothetical protein DL546_001395 [Coniochaeta pulveracea],589,0.005,non-degrader
RKU45089.1 hypothetical protein DL546_007979 [Coniochaeta pulveracea],708,0.005,non-degrader
RKU45074.1 hypothetical protein DL546_007443 [Coniochaeta pulveracea],469,0.005,non-degrader
RKU45069.1 serine/threonine protein kinase [Coniochaeta pulveracea],775,0.005,non-degrader
RKU45016.1 hypothetical protein DL546_003831 [Coniochaeta pulveracea],359,0.005,non-degrader
RKU44998.1 hypothetical protein DL546_001962 [Coniochaeta pulveracea],322,0.005,non-degrader
RKU44878.1 hypothetical protein DL546_007284 [Coniochaeta pulveracea],811,0.005,non-degrader
RKU44853.1 hypothetical protein DL546_005864 [Coniochaeta pulveracea],866,0.005,non-degrader
RKU44789.1 hypothetical protein DL546_007282 [Coniochaeta pulveracea],1461,0.005,non-degrader
RKU44788.1 hypothetical protein DL546_007250 [Coniochaeta pulveracea],588,0.005,non-degrader
RKU44701.1 hypothetical protein DL546_006318 [Coniochaeta pulveracea],402,0.005,non-degrader
RKU44611.1 hypothetical protein DL546_006445 [Coniochaeta pulveracea],585,0.005,non-degrader
RKU44554.1 hypothetical protein DL546_001802 [Coniochaeta pulveracea],598,0.005,non-degrader
RKU44534.1 Vacuolar protein sorting-associated protein 41 [Coniochaeta pulveracea],1324,0.005,non-degrader
RKU44498.1 Pyruvate decarboxylase 1 [Coniochaeta pulveracea],579,0.005,non-degrader
RKU44354.1 hypothetical protein DL546_007474 [Coniochaeta pulveracea],454,0.005,non-degrader
RKU44205.1 hypothetical protein DL546_002178 [Coniochaeta pulveracea],499,0.005,non-degrader
RKU43860.1 hypothetical protein DL546_003677 [Coniochaeta pulveracea],589,0.005,non-degrader
RKU43657.1 hypothetical protein DL546_006104 [Coniochaeta pulveracea],1098,0.005,non-degrader
RKU43459.1 hypothetical protein DL546_000951 [Coniochaeta pulveracea],374,0.005,non-degrader
"RKU43310.1 serine/threonine protein kinase, AGC [Coniochaeta pulveracea]",656,0.005,non-degrader
RKU43124.1 hypothetical protein DL546_006145 [Coniochaeta pulveracea],470,0.005,non-degrader
RKU42956.1 hypothetical protein DL546_005811 [Coniochaeta pulveracea],187,0.005,non-degrader
RKU42860.1 ornithine aminotransferase [Coniochaeta pulveracea],444,0.005,non-degrader
RKU42611.1 Pre-mRNA-splicing factor slt11 [Coniochaeta pulveracea],386,0.005,non-degrader
RKU42579.1 hypothetical protein DL546_003102 [Coniochaeta pulveracea],275,0.005,non-degrader
RKU42300.1 hypothetical protein DL546_002367 [Coniochaeta pulveracea],137,0.005,non-degrader
RKU42270.1 hypothetical protein DL546_005209 [Coniochaeta pulveracea],1164,0.005,non-degrader
RKU42230.1 hypothetical protein DL546_001757 [Coniochaeta pulveracea],417,0.005,non-degrader
RKU42135.1 pre-mRNA processing RNA-helicase [Coniochaeta pulveracea],1163,0.005,non-degrader
RKU42069.1 DNA-directed DNA polymerase delta [Coniochaeta pulveracea],1113,0.005,non-degrader
RKU42059.1 Pre-mRNA-splicing factor [Coniochaeta pulveracea],409,0.005,non-degrader
RKU42013.1 hypothetical protein DL546_004447 [Coniochaeta pulveracea],626,0.005,non-degrader
RKU41781.1 hypothetical protein DL546_004658 [Coniochaeta pulveracea],1168,0.005,non-degrader
"RKU41754.1 E3 ubiquitin-protein ligase bre1, variant 3 [Coniochaeta pulveracea]",527,0.005,non-degrader
RKU41702.1 hypothetical protein DL546_002500 [Coniochaeta pulveracea],209,0.005,non-degrader
RKU41629.1 hypothetical protein DL546_009927 [Coniochaeta pulveracea],174,0.005,non-degrader
RKU41621.1 Mismatch repair protein msh3 [Coniochaeta pulveracea],1144,0.005,non-degrader
RKU41233.1 hypothetical protein DL546_001673 [Coniochaeta pulveracea],531,0.005,non-degrader
RKU41130.1 hypothetical protein DL546_000135 [Coniochaeta pulveracea],570,0.005,non-degrader
RKU41117.1 hypothetical protein DL546_003303 [Coniochaeta pulveracea],175,0.005,non-degrader
RKU41109.1 hypothetical protein DL546_002539 [Coniochaeta pulveracea],211,0.005,non-degrader
RKU41108.1 hypothetical protein DL546_002472 [Coniochaeta pulveracea],333,0.005,non-degrader
RKU41038.1 hypothetical protein DL546_003351 [Coniochaeta pulveracea],1576,0.005,non-degrader
RKU40842.1 hypothetical protein DL546_000998 [Coniochaeta pulveracea],1257,0.005,non-degrader
RKU40837.1 hypothetical protein DL546_003812 [Coniochaeta pulveracea],468,0.005,non-degrader
RKU40744.1 hypothetical protein DL546_003999 [Coniochaeta pulveracea],741,0.005,non-degrader
RKU40663.1 hypothetical protein DL546_002079 [Coniochaeta pulveracea],213,0.005,non-degrader
RKU40661.1 hypothetical protein DL546_001867 [Coniochaeta pulveracea],460,0.005,non-degrader
RKU40488.1 mRNA splicing protein [Coniochaeta pulveracea],483,0.005,non-degrader
RKU40460.1 Glucosamine-6-phosphate isomerase [Coniochaeta pulveracea],192,0.005,non-degrader
RKU40290.1 ATP-dependent DNA helicase II subunit 2 [Coniochaeta pulveracea],724,0.005,non-degrader
RKU40280.1 hypothetical protein DL546_000218 [Coniochaeta pulveracea],973,0.005,non-degrader
RKU40262.1 hypothetical protein DL546_001367 [Coniochaeta pulveracea],344,0.005,non-degrader
RKU40260.1 hypothetical protein DL546_001258 [Coniochaeta pulveracea],321,0.005,non-degrader
RKU40219.1 Slx4p interacting protein [Coniochaeta pulveracea],331,0.005,non-degrader
RKU40155.1 hypothetical protein DL546_001376 [Coniochaeta pulveracea],451,0.005,non-degrader
RKU39953.1 hypothetical protein DL546_001259 [Coniochaeta pulveracea],190,0.005,non-degrader
RKU39776.1 hypothetical protein DL546_000764 [Coniochaeta pulveracea],664,0.005,non-degrader
RKU39746.1 hypothetical protein DL546_000727 [Coniochaeta pulveracea],420,0.005,non-degrader
RKU49694.1 hypothetical protein DL546_009829 [Coniochaeta pulveracea],89,0.0049,non-degrader
RKU49688.1 adenylosuccinase ade13 [Coniochaeta pulveracea],486,0.0049,non-degrader
RKU49557.1 hypothetical protein DL546_009237 [Coniochaeta pulveracea],322,0.0049,non-degrader
RKU49432.1 hypothetical protein DL546_006797 [Coniochaeta pulveracea],524,0.0049,non-degrader
RKU49347.1 Fungal specific transcription factor [Coniochaeta pulveracea],764,0.0049,non-degrader
RKU49343.1 3-keto-steroid reductase [Coniochaeta pulveracea],467,0.0049,non-degrader
RKU49130.1 Ubiquitin fusion degradation protein 4 [Coniochaeta pulveracea],1968,0.0049,non-degrader
RKU48966.1 actin cytoskeleton-regulatory complex protein END3 [Coniochaeta pulveracea],400,0.0049,non-degrader
RKU48964.1 hypothetical protein DL546_009448 [Coniochaeta pulveracea],104,0.0049,non-degrader
RKU48960.1 hypothetical protein DL546_009433 [Coniochaeta pulveracea],440,0.0049,non-degrader
RKU48825.1 hypothetical protein DL546_006970 [Coniochaeta pulveracea],542,0.0049,non-degrader
RKU48727.1 hypothetical protein DL546_009720 [Coniochaeta pulveracea],539,0.0049,non-degrader
RKU48676.1 hypothetical protein DL546_009447 [Coniochaeta pulveracea],165,0.0049,non-degrader
RKU48441.1 hypothetical protein DL546_000848 [Coniochaeta pulveracea],594,0.0049,non-degrader
RKU48301.1 DNA-directed RNA polymerase II subunit rpb1 [Coniochaeta pulveracea],1721,0.0049,non-degrader
RKU48291.1 hypothetical protein DL546_007469 [Coniochaeta pulveracea],294,0.0049,non-degrader
RKU48286.1 hypothetical protein DL546_007356 [Coniochaeta pulveracea],706,0.0049,non-degrader
RKU48225.1 hypothetical protein DL546_003070 [Coniochaeta pulveracea],350,0.0049,non-degrader
RKU48074.1 hypothetical protein DL546_008331 [Coniochaeta pulveracea],564,0.0049,non-degrader
RKU47907.1 transcription factor [Coniochaeta pulveracea],657,0.0049,non-degrader
RKU47903.1 T-complex protein 1 subunit theta [Coniochaeta pulveracea],547,0.0049,non-degrader
RKU47866.1 hypothetical protein DL546_008648 [Coniochaeta pulveracea],481,0.0049,non-degrader
RKU47806.1 hypothetical protein DL546_007451 [Coniochaeta pulveracea],378,0.0049,non-degrader
RKU47794.1 hypothetical protein DL546_006963 [Coniochaeta pulveracea],813,0.0049,non-degrader
RKU47714.1 hypothetical protein DL546_000619 [Coniochaeta pulveracea],597,0.0049,non-degrader
RKU47609.1 hypothetical protein DL546_008236 [Coniochaeta pulveracea],517,0.0049,non-degrader
RKU47572.1 hypothetical protein DL546_007187 [Coniochaeta pulveracea],362,0.0049,non-degrader
RKU47281.1 hypothetical protein DL546_009135 [Coniochaeta pulveracea],449,0.0049,non-degrader
RKU47217.1 hypothetical protein DL546_008327 [Coniochaeta pulveracea],397,0.0049,non-degrader
RKU47177.1 hypothetical protein DL546_007557 [Coniochaeta pulveracea],153,0.0049,non-degrader
RKU47147.1 hypothetical protein DL546_006404 [Coniochaeta pulveracea],384,0.0049,non-degrader
RKU47022.1 hypothetical protein DL546_008339 [Coniochaeta pulveracea],121,0.0049,non-degrader
RKU46924.1 hypothetical protein DL546_003861 [Coniochaeta pulveracea],160,0.0049,non-degrader
RKU46904.1 hypothetical protein DL546_001850 [Coniochaeta pulveracea],158,0.0049,non-degrader
RKU46900.1 hypothetical protein DL546_001298 [Coniochaeta pulveracea],407,0.0049,non-degrader
RKU46783.1 hypothetical protein DL546_006488 [Coniochaeta pulveracea],631,0.0049,non-degrader
RKU46759.1 hypothetical protein DL546_004860 [Coniochaeta pulveracea],416,0.0049,non-degrader
RKU46754.1 mitochondrial 37S ribosomal protein nam9 [Coniochaeta pulveracea],440,0.0049,non-degrader
RKU46722.1 hypothetical protein DL546_001315 [Coniochaeta pulveracea],236,0.0049,non-degrader
RKU46696.1 hypothetical protein DL546_008814 [Coniochaeta pulveracea],1498,0.0049,non-degrader
RKU46640.1 hypothetical protein DL546_007797 [Coniochaeta pulveracea],256,0.0049,non-degrader
RKU46622.1 hypothetical protein DL546_007212 [Coniochaeta pulveracea],574,0.0049,non-degrader
RKU46508.1 hypothetical protein DL546_008542 [Coniochaeta pulveracea],885,0.0049,non-degrader
RKU46493.1 hypothetical protein DL546_008308 [Coniochaeta pulveracea],217,0.0049,non-degrader
RKU46412.1 hypothetical protein DL546_005684 [Coniochaeta pulveracea],225,0.0049,non-degrader
RKU46295.1 hypothetical protein DL546_007653 [Coniochaeta pulveracea],574,0.0049,non-degrader
RKU46273.1 hypothetical protein DL546_006921 [Coniochaeta pulveracea],273,0.0049,non-degrader
RKU46212.1 hypothetical protein DL546_002823 [Coniochaeta pulveracea],292,0.0049,non-degrader
RKU46203.1 hypothetical protein DL546_001335 [Coniochaeta pulveracea],571,0.0049,non-degrader
RKU46158.1 hypothetical protein DL546_007927 [Coniochaeta pulveracea],430,0.0049,non-degrader
RKU45966.1 hypothetical protein DL546_005551 [Coniochaeta pulveracea],136,0.0049,non-degrader
RKU45797.1 hypothetical protein DL546_004747 [Coniochaeta pulveracea],1139,0.0049,non-degrader
RKU45629.1 hypothetical protein DL546_000515 [Coniochaeta pulveracea],644,0.0049,non-degrader
RKU45558.1 Pre-rRNA-processing protein ipi3 [Coniochaeta pulveracea],433,0.0049,non-degrader
RKU45368.1 hypothetical protein DL546_001770 [Coniochaeta pulveracea],1561,0.0049,non-degrader
RKU45218.1 hypothetical protein DL546_000666 [Coniochaeta pulveracea],225,0.0049,non-degrader
RKU45174.1 hypothetical protein DL546_006710 [Coniochaeta pulveracea],1054,0.0049,non-degrader
RKU45058.1 hypothetical protein DL546_006898 [Coniochaeta pulveracea],272,0.0049,non-degrader
RKU45000.1 heat shock protein 90 [Coniochaeta pulveracea],702,0.0049,non-degrader
RKU44975.1 glycine cleavage system H-protein subunit [Coniochaeta pulveracea],181,0.0049,non-degrader
RKU44785.1 hypothetical protein DL546_007162 [Coniochaeta pulveracea],612,0.0049,non-degrader
RKU44697.1 hypothetical protein DL546_005951 [Coniochaeta pulveracea],1143,0.0049,non-degrader
RKU44675.1 hypothetical protein DL546_004442 [Coniochaeta pulveracea],870,0.0049,non-degrader
RKU44468.1 hypothetical protein DL546_002459 [Coniochaeta pulveracea],206,0.0049,non-degrader
RKU44343.1 hypothetical protein DL546_007043 [Coniochaeta pulveracea],306,0.0049,non-degrader
RKU44142.1 hypothetical protein DL546_004911 [Coniochaeta pulveracea],394,0.0049,non-degrader
RKU44028.1 hypothetical protein DL546_004584 [Coniochaeta pulveracea],407,0.0049,non-degrader
RKU43812.1 hypothetical protein DL546_006510 [Coniochaeta pulveracea],1673,0.0049,non-degrader
RKU43802.1 hypothetical protein DL546_006019 [Coniochaeta pulveracea],537,0.0049,non-degrader
RKU43647.1 hypothetical protein DL546_005613 [Coniochaeta pulveracea],522,0.0049,non-degrader
RKU43638.1 hypothetical protein DL546_004739 [Coniochaeta pulveracea],756,0.0049,non-degrader
RKU43527.1 alpha mannosidase-like protein [Coniochaeta pulveracea],1119,0.0049,non-degrader
RKU43413.1 hypothetical protein DL546_004073 [Coniochaeta pulveracea],697,0.0049,non-degrader
RKU43148.1 hypothetical protein DL546_001598 [Coniochaeta pulveracea],547,0.0049,non-degrader
RKU42903.1 hypothetical protein DL546_000928 [Coniochaeta pulveracea],1404,0.0049,non-degrader
RKU42804.1 hypothetical protein DL546_004482 [Coniochaeta pulveracea],388,0.0049,non-degrader
RKU42741.1 hypothetical protein DL546_005058 [Coniochaeta pulveracea],789,0.0049,non-degrader
RKU42723.1 hypothetical protein DL546_003913 [Coniochaeta pulveracea],373,0.0049,non-degrader
RKU42711.1 hypothetical protein DL546_002494 [Coniochaeta pulveracea],603,0.0049,non-degrader
RKU42704.1 hypothetical protein DL546_006366 [Coniochaeta pulveracea],588,0.0049,non-degrader
RKU42638.1 Mcm2-7 hexameric complex component [Coniochaeta pulveracea],818,0.0049,non-degrader
RKU42526.1 hypothetical protein DL546_004498 [Coniochaeta pulveracea],212,0.0049,non-degrader
RKU42462.1 hypothetical protein DL546_004150 [Coniochaeta pulveracea],309,0.0049,non-degrader
RKU42350.1 hypothetical protein DL546_005867 [Coniochaeta pulveracea],472,0.0049,non-degrader
RKU41990.1 E2-like enzyme [Coniochaeta pulveracea],348,0.0049,non-degrader
RKU41708.1 Elongation of fatty acids protein 2 [Coniochaeta pulveracea],359,0.0049,non-degrader
RKU41697.1 hypothetical protein DL546_001849 [Coniochaeta pulveracea],437,0.0049,non-degrader
RKU41169.1 hypothetical protein DL546_004001 [Coniochaeta pulveracea],217,0.0049,non-degrader
RKU40997.1 hypothetical protein DL546_003711 [Coniochaeta pulveracea],347,0.0049,non-degrader
RKU40600.1 telomere binding protein [Coniochaeta pulveracea],1008,0.0049,non-degrader
RKU40324.1 hypothetical protein DL546_002922 [Coniochaeta pulveracea],216,0.0049,non-degrader
RKU40251.1 Carboxy-terminal domain (CTD) phosphatase [Coniochaeta pulveracea],861,0.0049,non-degrader
"RKU40133.1 37S ribosomal protein S16, mitochondrial [Coniochaeta pulveracea]",112,0.0049,non-degrader
RKU40073.1 hypothetical protein DL546_002052 [Coniochaeta pulveracea],1029,0.0049,non-degrader
RKU40049.1 hypothetical protein DL546_001649 [Coniochaeta pulveracea],152,0.0049,non-degrader
RKU39978.1 mRNA splicing protein [Coniochaeta pulveracea],572,0.0049,non-degrader
RKU39864.1 hypothetical protein DL546_000777 [Coniochaeta pulveracea],1300,0.0049,non-degrader
RKU39798.1 hypothetical protein DL546_000456 [Coniochaeta pulveracea],64,0.0049,non-degrader
RKU49696.1 hypothetical protein DL546_009833 [Coniochaeta pulveracea],949,0.0048,non-degrader
RKU49538.1 hypothetical protein DL546_009056 [Coniochaeta pulveracea],162,0.0048,non-degrader
RKU49521.1 hypothetical protein DL546_008867 [Coniochaeta pulveracea],199,0.0048,non-degrader
RKU49505.1 GTP cyclohydrolase II [Coniochaeta pulveracea],406,0.0048,non-degrader
RKU49294.1 hypothetical protein DL546_009787 [Coniochaeta pulveracea],253,0.0048,non-degrader
RKU49028.1 Translocation protein S62 [Coniochaeta pulveracea],388,0.0048,non-degrader
RKU48946.1 hypothetical protein DL546_009325 [Coniochaeta pulveracea],388,0.0048,non-degrader
RKU48885.1 hypothetical protein DL546_008508 [Coniochaeta pulveracea],428,0.0048,non-degrader
RKU48877.1 hypothetical protein DL546_008351 [Coniochaeta pulveracea],351,0.0048,non-degrader
RKU48810.1 Telomerase protein component 1 [Coniochaeta pulveracea],615,0.0048,non-degrader
RKU48769.1 hypothetical protein DL546_003969 [Coniochaeta pulveracea],576,0.0048,non-degrader
RKU48659.1 hypothetical protein DL546_009356 [Coniochaeta pulveracea],389,0.0048,non-degrader
RKU48651.1 hypothetical protein DL546_009285 [Coniochaeta pulveracea],925,0.0048,non-degrader
RKU48511.1 hypothetical protein DL546_006313 [Coniochaeta pulveracea],273,0.0048,non-degrader
RKU48467.1 hypothetical protein DL546_003141 [Coniochaeta pulveracea],746,0.0048,non-degrader
RKU48311.1 mRNA cleavage and polyadenylation factor subunit [Coniochaeta pulveracea],1438,0.0048,non-degrader
RKU48193.1 hypothetical protein DL546_009553 [Coniochaeta pulveracea],440,0.0048,non-degrader
RKU48065.1 hypothetical protein DL546_008192 [Coniochaeta pulveracea],482,0.0048,non-degrader
RKU47610.1 hypothetical protein DL546_008249 [Coniochaeta pulveracea],297,0.0048,non-degrader
RKU47582.1 hypothetical protein DL546_007512 [Coniochaeta pulveracea],256,0.0048,non-degrader
RKU47279.1 hypothetical protein DL546_009121 [Coniochaeta pulveracea],376,0.0048,non-degrader
RKU47172.1 mitochondrial membrane protein [Coniochaeta pulveracea],153,0.0048,non-degrader
RKU47098.1 Anaphase-promoting complex subunit 23 [Coniochaeta pulveracea],665,0.0048,non-degrader
RKU46431.1 hypothetical protein DL546_006505 [Coniochaeta pulveracea],150,0.0048,non-degrader
RKU46337.1 hypothetical protein DL546_008540 [Coniochaeta pulveracea],442,0.0048,non-degrader
RKU46111.1 hypothetical protein DL546_006429 [Coniochaeta pulveracea],1001,0.0048,non-degrader
RKU45993.1 Structural maintenance of chromosomes protein 1 [Coniochaeta pulveracea],1253,0.0048,non-degrader
RKU45938.1 hypothetical protein DL546_003978 [Coniochaeta pulveracea],765,0.0048,non-degrader
RKU45824.1 hypothetical protein DL546_006471 [Coniochaeta pulveracea],538,0.0048,non-degrader
RKU45700.1 hypothetical protein DL546_006904 [Coniochaeta pulveracea],126,0.0048,non-degrader
RKU45682.1 Type I Iterative Polyketide synthase (PKS) [Coniochaeta pulveracea],2194,0.0048,non-degrader
RKU45661.1 Histidine kinase [Coniochaeta pulveracea],1173,0.0048,non-degrader
RKU45575.1 hypothetical protein DL546_007226 [Coniochaeta pulveracea],378,0.0048,non-degrader
RKU45532.1 hypothetical protein DL546_004266 [Coniochaeta pulveracea],333,0.0048,non-degrader
RKU45445.1 hypothetical protein DL546_007198 [Coniochaeta pulveracea],1219,0.0048,non-degrader
RKU45312.1 hypothetical protein DL546_007167 [Coniochaeta pulveracea],502,0.0048,non-degrader
RKU45198.1 dual specificity protein kinase kns1 [Coniochaeta pulveracea],694,0.0048,non-degrader
RKU45161.1 lysophospholipid acyltransferase [Coniochaeta pulveracea],562,0.0048,non-degrader
RKU44936.1 hypothetical protein DL546_004924 [Coniochaeta pulveracea],102,0.0048,non-degrader
RKU44780.1 hypothetical protein DL546_006955 [Coniochaeta pulveracea],590,0.0048,non-degrader
RKU44699.1 hypothetical protein DL546_006055 [Coniochaeta pulveracea],2503,0.0048,non-degrader
RKU44693.1 hypothetical protein DL546_005594 [Coniochaeta pulveracea],1690,0.0048,non-degrader
RKU44559.1 hypothetical protein DL546_002381 [Coniochaeta pulveracea],1175,0.0048,non-degrader
RKU44520.1 hypothetical protein DL546_006664 [Coniochaeta pulveracea],278,0.0048,non-degrader
RKU44466.1 hypothetical protein DL546_002305 [Coniochaeta pulveracea],376,0.0048,non-degrader
RKU44226.1 hypothetical protein DL546_005373 [Coniochaeta pulveracea],178,0.0048,non-degrader
RKU43855.1 hypothetical protein DL546_003211 [Coniochaeta pulveracea],552,0.0048,non-degrader
RKU43710.1 hypothetical protein DL546_003365 [Coniochaeta pulveracea],463,0.0048,non-degrader
RKU43630.1 hypothetical protein DL546_003914 [Coniochaeta pulveracea],303,0.0048,non-degrader
RKU43429.1 hypothetical protein DL546_005597 [Coniochaeta pulveracea],129,0.0048,non-degrader
RKU43355.1 H(+)-transporting V0 sector ATPase subunit a [Coniochaeta pulveracea],857,0.0048,non-degrader
RKU43253.1 hypothetical protein DL546_004472 [Coniochaeta pulveracea],154,0.0048,non-degrader
RKU42535.1 hypothetical protein DL546_005047 [Coniochaeta pulveracea],533,0.0048,non-degrader
RKU42483.1 hypothetical protein DL546_005844 [Coniochaeta pulveracea],464,0.0048,non-degrader
RKU42402.1 hypothetical protein DL546_004830 [Coniochaeta pulveracea],424,0.0048,non-degrader
RKU42379.1 transcriptional regulator swi6 [Coniochaeta pulveracea],791,0.0048,non-degrader
RKU42173.1 Transcriptional adapter ada2 [Coniochaeta pulveracea],521,0.0048,non-degrader
RKU42115.1 hypothetical protein DL546_003041 [Coniochaeta pulveracea],338,0.0048,non-degrader
RKU42039.1 hypothetical protein DL546_000604 [Coniochaeta pulveracea],269,0.0048,non-degrader
RKU42022.1 hypothetical protein DL546_005042 [Coniochaeta pulveracea],264,0.0048,non-degrader
RKU42001.1 ssk1 response regulator receiver [Coniochaeta pulveracea],665,0.0048,non-degrader
RKU41903.1 terpene cyclase [Coniochaeta pulveracea],745,0.0048,non-degrader
RKU41805.1 hypothetical protein DL546_002412 [Coniochaeta pulveracea],271,0.0048,non-degrader
RKU41735.1 hypothetical protein DL546_005165 [Coniochaeta pulveracea],1620,0.0048,non-degrader
RKU41637.1 hypothetical protein DL546_001230 [Coniochaeta pulveracea],568,0.0048,non-degrader
RKU41616.1 hypothetical protein DL546_003171 [Coniochaeta pulveracea],852,0.0048,non-degrader
RKU41603.1 Cytochrome c oxidase copper chaperone [Coniochaeta pulveracea],77,0.0048,non-degrader
RKU41393.1 E1 ubiquitin-activating protein uba2 [Coniochaeta pulveracea],651,0.0048,non-degrader
RKU41016.1 hypothetical protein DL546_001122 [Coniochaeta pulveracea],197,0.0048,non-degrader
RKU40972.1 ribosome-binding protein [Coniochaeta pulveracea],563,0.0048,non-degrader
RKU40922.1 hypothetical protein DL546_001419 [Coniochaeta pulveracea],1461,0.0048,non-degrader
RKU40734.1 hypothetical protein DL546_002753 [Coniochaeta pulveracea],596,0.0048,non-degrader
RKU40619.1 hypothetical protein DL546_002675 [Coniochaeta pulveracea],1106,0.0048,non-degrader
RKU40588.1 hypothetical protein DL546_002927 [Coniochaeta pulveracea],907,0.0048,non-degrader
RKU40505.1 Proteasome subunit beta type-1 [Coniochaeta pulveracea],229,0.0048,non-degrader
RKU40496.1 hypothetical protein DL546_002420 [Coniochaeta pulveracea],836,0.0048,non-degrader
RKU40411.1 hypothetical protein DL546_001081 [Coniochaeta pulveracea],353,0.0048,non-degrader
RKU40383.1 hypothetical protein DL546_001287 [Coniochaeta pulveracea],499,0.0048,non-degrader
RKU40221.1 hypothetical protein DL546_001035 [Coniochaeta pulveracea],466,0.0048,non-degrader
RKU40188.1 hypothetical protein DL546_001976 [Coniochaeta pulveracea],329,0.0048,non-degrader
RKU40177.1 hypothetical protein DL546_001019 [Coniochaeta pulveracea],507,0.0048,non-degrader
RKU39967.1 hypothetical protein DL546_000417 [Coniochaeta pulveracea],362,0.0048,non-degrader
RKU39820.1 hypothetical protein DL546_000582 [Coniochaeta pulveracea],378,0.0048,non-degrader
RKU39807.1 hypothetical protein DL546_000432 [Coniochaeta pulveracea],440,0.0048,non-degrader
RKU49667.1 hypothetical protein DL546_009769 [Coniochaeta pulveracea],96,0.0047,non-degrader
RKU49635.1 hypothetical protein DL546_009666 [Coniochaeta pulveracea],836,0.0047,non-degrader
RKU49620.1 Nuclear envelope morphology protein 1 [Coniochaeta pulveracea],515,0.0047,non-degrader
RKU49577.1 hypothetical protein DL546_009401 [Coniochaeta pulveracea],600,0.0047,non-degrader
RKU49527.1 hypothetical protein DL546_009902 [Coniochaeta pulveracea],477,0.0047,non-degrader
RKU49476.1 hypothetical protein DL546_007977 [Coniochaeta pulveracea],475,0.0047,non-degrader
RKU49423.1 hypothetical protein DL546_006601 [Coniochaeta pulveracea],918,0.0047,non-degrader
RKU49393.1 hypothetical protein DL546_004988 [Coniochaeta pulveracea],120,0.0047,non-degrader
RKU49387.1 hypothetical protein DL546_004564 [Coniochaeta pulveracea],503,0.0047,non-degrader
RKU49165.1 N-terminal acetyltransferase [Coniochaeta pulveracea],304,0.0047,non-degrader
RKU48997.1 hypothetical protein DL546_009649 [Coniochaeta pulveracea],273,0.0047,non-degrader
RKU48950.1 hypothetical protein DL546_009366 [Coniochaeta pulveracea],567,0.0047,non-degrader
RKU48922.1 hypothetical protein DL546_009053 [Coniochaeta pulveracea],1077,0.0047,non-degrader
RKU48857.1 hypothetical protein DL546_007800 [Coniochaeta pulveracea],1472,0.0047,non-degrader
RKU48589.1 hypothetical protein DL546_008410 [Coniochaeta pulveracea],412,0.0047,non-degrader
RKU48574.1 hypothetical protein DL546_008245 [Coniochaeta pulveracea],872,0.0047,non-degrader
RKU48532.1 hypothetical protein DL546_007014 [Coniochaeta pulveracea],169,0.0047,non-degrader
RKU48438.1 hypothetical protein DL546_000253 [Coniochaeta pulveracea],592,0.0047,non-degrader
RKU48195.1 hypothetical protein DL546_009568 [Coniochaeta pulveracea],433,0.0047,non-degrader
RKU47796.1 hypothetical protein DL546_006963 [Coniochaeta pulveracea],763,0.0047,non-degrader
RKU47631.1 hypothetical protein DL546_008550 [Coniochaeta pulveracea],923,0.0047,non-degrader
RKU47629.1 Transcription initiation protein spt3 [Coniochaeta pulveracea],316,0.0047,non-degrader
RKU47500.1 Phosphatidylglycerol/phosphatidylinositol transfer protein [Coniochaeta pulveracea],177,0.0047,non-degrader
RKU47444.1 hypothetical protein DL546_008838 [Coniochaeta pulveracea],3225,0.0047,non-degrader
RKU47435.1 hypothetical protein DL546_008682 [Coniochaeta pulveracea],386,0.0047,non-degrader
RKU47359.1 hypothetical protein DL546_005868 [Coniochaeta pulveracea],787,0.0047,non-degrader
RKU47358.1 hypothetical protein DL546_005806 [Coniochaeta pulveracea],666,0.0047,non-degrader
RKU47335.1 hypothetical protein DL546_004276 [Coniochaeta pulveracea],167,0.0047,non-degrader
RKU47195.1 hypothetical protein DL546_007915 [Coniochaeta pulveracea],595,0.0047,non-degrader
RKU46741.1 hypothetical protein DL546_003395 [Coniochaeta pulveracea],902,0.0047,non-degrader
RKU46729.1 hypothetical protein DL546_002161 [Coniochaeta pulveracea],972,0.0047,non-degrader
RKU46686.1 RNA helicase required for poly(A+) mRNA export [Coniochaeta pulveracea],536,0.0047,non-degrader
RKU46675.1 hypothetical protein DL546_008471 [Coniochaeta pulveracea],505,0.0047,non-degrader
RKU46588.1 hypothetical protein DL546_005606 [Coniochaeta pulveracea],629,0.0047,non-degrader
"RKU46471.1 rim15, signal transduction response regulator [Coniochaeta pulveracea]",1997,0.0047,non-degrader
RKU46397.1 hypothetical protein DL546_005166 [Coniochaeta pulveracea],342,0.0047,non-degrader
RKU46388.1 hypothetical protein DL546_004539 [Coniochaeta pulveracea],216,0.0047,non-degrader
RKU46234.1 hypothetical protein DL546_004938 [Coniochaeta pulveracea],164,0.0047,non-degrader
RKU46233.1 hypothetical protein DL546_004889 [Coniochaeta pulveracea],223,0.0047,non-degrader
RKU46132.1 hypothetical protein DL546_007070 [Coniochaeta pulveracea],395,0.0047,non-degrader
RKU45959.1 hypothetical protein DL546_005214 [Coniochaeta pulveracea],352,0.0047,non-degrader
RKU45729.1 protein kinase A regulatory subunit [Coniochaeta pulveracea],391,0.0047,non-degrader
RKU45672.1 hypothetical protein DL546_005206 [Coniochaeta pulveracea],842,0.0047,non-degrader
RKU45479.1 hypothetical protein DL546_008156 [Coniochaeta pulveracea],1341,0.0047,non-degrader
RKU45116.1 hypothetical protein DL546_003184 [Coniochaeta pulveracea],121,0.0047,non-degrader
RKU45084.1 hypothetical protein DL546_007781 [Coniochaeta pulveracea],1037,0.0047,non-degrader
RKU44896.1 hypothetical protein DL546_001114 [Coniochaeta pulveracea],266,0.0047,non-degrader
RKU44803.1 hypothetical protein DL546_000329 [Coniochaeta pulveracea],174,0.0047,non-degrader
RKU44799.1 hypothetical protein DL546_007667 [Coniochaeta pulveracea],549,0.0047,non-degrader
RKU44710.1 Proteasome subunit alpha type-2 [Coniochaeta pulveracea],288,0.0047,non-degrader
RKU44687.1 endoplasmic reticulum retention protein [Coniochaeta pulveracea],215,0.0047,non-degrader
RKU44651.1 hypothetical protein DL546_002136 [Coniochaeta pulveracea],923,0.0047,non-degrader
RKU44629.1 hypothetical protein DL546_007270 [Coniochaeta pulveracea],366,0.0047,non-degrader
"RKU44603.1 blue light receptor, variant 2 [Coniochaeta pulveracea]",450,0.0047,non-degrader
RKU44602.1 blue light receptor [Coniochaeta pulveracea],482,0.0047,non-degrader
RKU44519.1 hypothetical protein DL546_006613 [Coniochaeta pulveracea],516,0.0047,non-degrader
RKU44357.1 hypothetical protein DL546_000291 [Coniochaeta pulveracea],216,0.0047,non-degrader
RKU44345.1 regulator protein [Coniochaeta pulveracea],568,0.0047,non-degrader
RKU43828.1 hypothetical protein DL546_000064 [Coniochaeta pulveracea],108,0.0047,non-degrader
RKU43770.1 hypothetical protein DL546_003550 [Coniochaeta pulveracea],438,0.0047,non-degrader
RKU43703.1 D-lactate ferricytochrome c oxidoreductase [Coniochaeta pulveracea],599,0.0047,non-degrader
RKU43511.1 killer toxin resistant protein [Coniochaeta pulveracea],1074,0.0047,non-degrader
RKU43503.1 hypothetical protein DL546_004448 [Coniochaeta pulveracea],279,0.0047,non-degrader
RKU43360.1 hypothetical protein DL546_005923 [Coniochaeta pulveracea],454,0.0047,non-degrader
RKU43316.1 hypothetical protein DL546_002736 [Coniochaeta pulveracea],616,0.0047,non-degrader
RKU43048.1 hypothetical protein DL546_006092 [Coniochaeta pulveracea],141,0.0047,non-degrader
RKU42978.1 holocytochrome c synthase [Coniochaeta pulveracea],338,0.0047,non-degrader
RKU42900.1 autophagy-related protein 18 [Coniochaeta pulveracea],476,0.0047,non-degrader
RKU42875.1 hypothetical protein DL546_005303 [Coniochaeta pulveracea],754,0.0047,non-degrader
RKU42790.1 hypothetical protein DL546_003476 [Coniochaeta pulveracea],915,0.0047,non-degrader
RKU42691.1 hypothetical protein DL546_005648 [Coniochaeta pulveracea],293,0.0047,non-degrader
RKU42409.1 hypothetical protein DL546_005135 [Coniochaeta pulveracea],385,0.0047,non-degrader
RKU42387.1 hypothetical protein DL546_003609 [Coniochaeta pulveracea],316,0.0047,non-degrader
RKU42351.1 hypothetical protein DL546_005867 [Coniochaeta pulveracea],507,0.0047,non-degrader
RKU42349.1 hypothetical protein DL546_005867 [Coniochaeta pulveracea],516,0.0047,non-degrader
RKU42234.1 COPII coat GTPase [Coniochaeta pulveracea],189,0.0047,non-degrader
RKU42215.1 ribose-phosphate pyrophosphokinase [Coniochaeta pulveracea],420,0.0047,non-degrader
RKU42082.1 histone methyltransferase set1 [Coniochaeta pulveracea],1291,0.0047,non-degrader
RKU42048.1 hypothetical protein DL546_001829 [Coniochaeta pulveracea],333,0.0047,non-degrader
RKU41928.1 hypothetical protein DL546_002559 [Coniochaeta pulveracea],574,0.0047,non-degrader
"RKU41746.1 39S ribosomal protein L51, mitochondrial [Coniochaeta pulveracea]",165,0.0047,non-degrader
RKU41595.1 hypothetical protein DL546_000288 [Coniochaeta pulveracea],78,0.0047,non-degrader
RKU41501.1 hypothetical protein DL546_002297 [Coniochaeta pulveracea],791,0.0047,non-degrader
RKU41497.1 hypothetical protein DL546_001642 [Coniochaeta pulveracea],609,0.0047,non-degrader
RKU41435.1 hypothetical protein DL546_000916 [Coniochaeta pulveracea],75,0.0047,non-degrader
RKU41205.1 hypothetical protein DL546_003250 [Coniochaeta pulveracea],531,0.0047,non-degrader
RKU41052.1 hypothetical protein DL546_000252 [Coniochaeta pulveracea],412,0.0047,non-degrader
RKU41026.1 hypothetical protein DL546_002290 [Coniochaeta pulveracea],633,0.0047,non-degrader
RKU40856.1 Cell cycle checkpoint protein rad17 [Coniochaeta pulveracea],909,0.0047,non-degrader
RKU40849.1 hypothetical protein DL546_002271 [Coniochaeta pulveracea],1052,0.0047,non-degrader
RKU40792.1 hypothetical protein DL546_001880 [Coniochaeta pulveracea],1520,0.0047,non-degrader
RKU40718.1 hypothetical protein DL546_000903 [Coniochaeta pulveracea],226,0.0047,non-degrader
RKU40693.1 Vacuolar protein-sorting-associated protein 28 [Coniochaeta pulveracea],238,0.0047,non-degrader
RKU40692.1 Mitochondrial distribution and morphology protein 12 [Coniochaeta pulveracea],476,0.0047,non-degrader
RKU40545.1 hypothetical protein DL546_002349 [Coniochaeta pulveracea],131,0.0047,non-degrader
RKU40535.1 hypothetical protein DL546_001145 [Coniochaeta pulveracea],406,0.0047,non-degrader
RKU40508.1 hypothetical protein DL546_000326 [Coniochaeta pulveracea],374,0.0047,non-degrader
RKU40392.1 hypothetical protein DL546_002453 [Coniochaeta pulveracea],157,0.0047,non-degrader
RKU40178.1 translation initiation factor eIF4A [Coniochaeta pulveracea],397,0.0047,non-degrader
RKU40076.1 Nucleolar protein 16 [Coniochaeta pulveracea],232,0.0047,non-degrader
RKU40038.1 ATP-dependent RNA helicase mtr4 [Coniochaeta pulveracea],1068,0.0047,non-degrader
RKU39972.1 hypothetical protein DL546_000957 [Coniochaeta pulveracea],354,0.0047,non-degrader
RKU39866.1 hypothetical protein DL546_001102 [Coniochaeta pulveracea],799,0.0047,non-degrader
RKU39770.1 hypothetical protein DL546_000061 [Coniochaeta pulveracea],571,0.0047,non-degrader
RKU49623.1 RNA exonuclease 3 [Coniochaeta pulveracea],693,0.0046,non-degrader
RKU49614.1 hypothetical protein DL546_009560 [Coniochaeta pulveracea],462,0.0046,non-degrader
RKU49488.1 hypothetical protein DL546_008281 [Coniochaeta pulveracea],197,0.0046,non-degrader
RKU49400.1 hypothetical protein DL546_005368 [Coniochaeta pulveracea],188,0.0046,non-degrader
RKU49366.1 hypothetical protein DL546_001492 [Coniochaeta pulveracea],307,0.0046,non-degrader
RKU49348.1 hypothetical protein DL546_009888 [Coniochaeta pulveracea],220,0.0046,non-degrader
RKU49311.1 hypothetical protein DL546_009822 [Coniochaeta pulveracea],185,0.0046,non-degrader
RKU49208.1 hypothetical protein DL546_009115 [Coniochaeta pulveracea],1439,0.0046,non-degrader
RKU49086.1 hypothetical protein DL546_005053 [Coniochaeta pulveracea],188,0.0046,non-degrader
RKU48854.1 hypothetical protein DL546_007735 [Coniochaeta pulveracea],550,0.0046,non-degrader
RKU48669.1 hypothetical protein DL546_009425 [Coniochaeta pulveracea],300,0.0046,non-degrader
RKU48640.1 hypothetical protein DL546_009134 [Coniochaeta pulveracea],645,0.0046,non-degrader
RKU48374.1 ssDNA endodeoxyribonuclease [Coniochaeta pulveracea],379,0.0046,non-degrader
RKU48318.1 hypothetical protein DL546_008114 [Coniochaeta pulveracea],2227,0.0046,non-degrader
RKU48210.1 hypothetical protein DL546_002023 [Coniochaeta pulveracea],371,0.0046,non-degrader
RKU48204.1 hypothetical protein DL546_001118 [Coniochaeta pulveracea],534,0.0046,non-degrader
RKU48046.1 Peptidyl-prolyl cis-trans isomerase cyp8 [Coniochaeta pulveracea],572,0.0046,non-degrader
RKU47642.1 hypothetical protein DL546_008744 [Coniochaeta pulveracea],329,0.0046,non-degrader
RKU47461.1 hypothetical protein DL546_009213 [Coniochaeta pulveracea],281,0.0046,non-degrader
RKU47290.1 proteasome regulatory particle base subunit [Coniochaeta pulveracea],902,0.0046,non-degrader
RKU47263.1 hypothetical protein DL546_008972 [Coniochaeta pulveracea],465,0.0046,non-degrader
RKU47163.1 hypothetical protein DL546_007029 [Coniochaeta pulveracea],250,0.0046,non-degrader
RKU47059.1 hypothetical protein DL546_008902 [Coniochaeta pulveracea],750,0.0046,non-degrader
RKU47021.1 hypothetical protein DL546_008316 [Coniochaeta pulveracea],1091,0.0046,non-degrader
RKU46901.1 hypothetical protein DL546_001443 [Coniochaeta pulveracea],531,0.0046,non-degrader
RKU46891.1 hypothetical protein DL546_000234 [Coniochaeta pulveracea],462,0.0046,non-degrader
RKU46882.1 hypothetical protein DL546_009137 [Coniochaeta pulveracea],401,0.0046,non-degrader
RKU46875.1 translational elongation factor EF-1 alpha [Coniochaeta pulveracea],1055,0.0046,non-degrader
RKU46795.1 hypothetical protein DL546_006859 [Coniochaeta pulveracea],370,0.0046,non-degrader
RKU46740.1 hypothetical protein DL546_003318 [Coniochaeta pulveracea],514,0.0046,non-degrader
RKU46554.1 hypothetical protein DL546_002350 [Coniochaeta pulveracea],581,0.0046,non-degrader
RKU46481.1 hypothetical protein DL546_008107 [Coniochaeta pulveracea],338,0.0046,non-degrader
RKU46216.1 exocyst complex component exo70 [Coniochaeta pulveracea],638,0.0046,non-degrader
RKU46204.1 Nuclear import receptor [Coniochaeta pulveracea],970,0.0046,non-degrader
RKU46064.1 hypothetical protein DL546_003464 [Coniochaeta pulveracea],587,0.0046,non-degrader
RKU45889.1 Ergothioneine biosynthesis protein 1 [Coniochaeta pulveracea],857,0.0046,non-degrader
RKU45834.1 Golgi apyrase [Coniochaeta pulveracea],700,0.0046,non-degrader
RKU45785.1 hypothetical protein DL546_003182 [Coniochaeta pulveracea],779,0.0046,non-degrader
RKU45781.1 hypothetical protein DL546_002544 [Coniochaeta pulveracea],232,0.0046,non-degrader
"RKU45587.1 blue light receptor, variant 2 [Coniochaeta pulveracea]",1103,0.0046,non-degrader
RKU45465.1 hypothetical protein DL546_007857 [Coniochaeta pulveracea],263,0.0046,non-degrader
RKU45260.1 AAA ATPase [Coniochaeta pulveracea],623,0.0046,non-degrader
RKU45170.1 hypothetical protein DL546_006539 [Coniochaeta pulveracea],270,0.0046,non-degrader
RKU44976.1 hypothetical protein DL546_007228 [Coniochaeta pulveracea],367,0.0046,non-degrader
"RKU44835.1 3-deoxy-7-phosphoheptulonate synthase, variant 2 [Coniochaeta pulveracea]",406,0.0046,non-degrader
RKU44811.1 hypothetical protein DL546_000964 [Coniochaeta pulveracea],467,0.0046,non-degrader
RKU44688.1 hypothetical protein DL546_005262 [Coniochaeta pulveracea],389,0.0046,non-degrader
RKU44369.1 hypothetical protein DL546_002450 [Coniochaeta pulveracea],1505,0.0046,non-degrader
"RKU44315.1 cholesterol esterase, variant 2 [Coniochaeta pulveracea]",551,0.0046,non-degrader
RKU44137.1 hypothetical protein DL546_004474 [Coniochaeta pulveracea],620,0.0046,non-degrader
RKU44035.1 hypothetical protein DL546_005142 [Coniochaeta pulveracea],191,0.0046,non-degrader
RKU43653.1 hypothetical protein DL546_005905 [Coniochaeta pulveracea],287,0.0046,non-degrader
RKU43615.1 hypothetical protein DL546_001247 [Coniochaeta pulveracea],1464,0.0046,non-degrader
RKU43458.1 hypothetical protein DL546_000795 [Coniochaeta pulveracea],564,0.0046,non-degrader
RKU43435.1 hypothetical protein DL546_005830 [Coniochaeta pulveracea],456,0.0046,non-degrader
RKU43323.1 hypothetical protein DL546_003627 [Coniochaeta pulveracea],131,0.0046,non-degrader
RKU43305.1 hypothetical protein DL546_001543 [Coniochaeta pulveracea],455,0.0046,non-degrader
RKU43261.1 hypothetical protein DL546_004932 [Coniochaeta pulveracea],618,0.0046,non-degrader
RKU43221.1 hypothetical protein DL546_001320 [Coniochaeta pulveracea],519,0.0046,non-degrader
RKU43161.1 hypothetical protein DL546_003428 [Coniochaeta pulveracea],359,0.0046,non-degrader
RKU42892.1 hypothetical protein DL546_006283 [Coniochaeta pulveracea],347,0.0046,non-degrader
RKU42859.1 glycosylphosphatidylinositol anchor biosynthesis [Coniochaeta pulveracea],633,0.0046,non-degrader
RKU42520.1 hypothetical protein DL546_004002 [Coniochaeta pulveracea],472,0.0046,non-degrader
RKU42495.1 S14 cytosolic factor [Coniochaeta pulveracea],343,0.0046,non-degrader
RKU42477.1 hypothetical protein DL546_005466 [Coniochaeta pulveracea],460,0.0046,non-degrader
RKU42420.1 hypothetical protein DL546_005645 [Coniochaeta pulveracea],407,0.0046,non-degrader
RKU42417.1 hypothetical protein DL546_005592 [Coniochaeta pulveracea],395,0.0046,non-degrader
RKU42178.1 coatomer subunit beta [Coniochaeta pulveracea],958,0.0046,non-degrader
RKU42014.1 hypothetical protein DL546_004637 [Coniochaeta pulveracea],406,0.0046,non-degrader
RKU41986.1 hypothetical protein DL546_002294 [Coniochaeta pulveracea],721,0.0046,non-degrader
RKU41916.1 hypothetical protein DL546_001048 [Coniochaeta pulveracea],507,0.0046,non-degrader
RKU41784.1 hypothetical protein DL546_004955 [Coniochaeta pulveracea],251,0.0046,non-degrader
RKU41726.1 Folylpolyglutamate synthetase [Coniochaeta pulveracea],612,0.0046,non-degrader
RKU41711.1 hypothetical protein DL546_003243 [Coniochaeta pulveracea],112,0.0046,non-degrader
RKU41690.1 serine palmitoyltransferase component [Coniochaeta pulveracea],520,0.0046,non-degrader
RKU41683.1 hypothetical protein DL546_000086 [Coniochaeta pulveracea],523,0.0046,non-degrader
RKU41508.1 hypothetical protein DL546_003139 [Coniochaeta pulveracea],105,0.0046,non-degrader
RKU41434.1 hypothetical protein DL546_000584 [Coniochaeta pulveracea],1360,0.0046,non-degrader
RKU41259.1 Phosphatidylinositol 4-kinase [Coniochaeta pulveracea],993,0.0046,non-degrader
RKU41142.1 hypothetical protein DL546_001566 [Coniochaeta pulveracea],808,0.0046,non-degrader
RKU41018.1 guanine nucleotide-binding protein subunit alpha [Coniochaeta pulveracea],301,0.0046,non-degrader
RKU40947.1 hypothetical protein DL546_001822 [Coniochaeta pulveracea],497,0.0046,non-degrader
RKU40919.1 hypothetical protein DL546_001100 [Coniochaeta pulveracea],142,0.0046,non-degrader
RKU40904.1 Mitochondrial DNA replication protein yhm2 [Coniochaeta pulveracea],323,0.0046,non-degrader
RKU40865.1 hypothetical protein DL546_003807 [Coniochaeta pulveracea],174,0.0046,non-degrader
RKU40796.1 Phosphatidylinositol (PI) 3-kinase [Coniochaeta pulveracea],914,0.0046,non-degrader
RKU40510.1 hypothetical protein DL546_000421 [Coniochaeta pulveracea],211,0.0046,non-degrader
RKU40342.1 hypothetical protein DL546_002448 [Coniochaeta pulveracea],271,0.0046,non-degrader
RKU40332.1 Sm-like protein lsm7 [Coniochaeta pulveracea],147,0.0046,non-degrader
RKU40150.1 hypothetical protein DL546_000693 [Coniochaeta pulveracea],352,0.0046,non-degrader
RKU49592.1 3-methyladenine DNA glycosylase [Coniochaeta pulveracea],380,0.0045,non-degrader
RKU49515.1 hypothetical protein DL546_008805 [Coniochaeta pulveracea],213,0.0045,non-degrader
RKU49435.1 Methionyl-tRNA formyltransferase [Coniochaeta pulveracea],510,0.0045,non-degrader
RKU49428.1 TOR complex subunit lst8 [Coniochaeta pulveracea],343,0.0045,non-degrader
RKU49411.1 asparagine synthetase [Coniochaeta pulveracea],577,0.0045,non-degrader
RKU49373.1 proteinral negative regulator of transcription subunit 5 [Coniochaeta pulveracea],667,0.0045,non-degrader
RKU49236.1 hypothetical protein DL546_009572 [Coniochaeta pulveracea],1293,0.0045,non-degrader
RKU49010.1 Serine/threonine-protein kinase [Coniochaeta pulveracea],1562,0.0045,non-degrader
RKU49001.1 hypothetical protein DL546_009659 [Coniochaeta pulveracea],347,0.0045,non-degrader
RKU48980.1 hypothetical protein DL546_009550 [Coniochaeta pulveracea],853,0.0045,non-degrader
RKU48971.1 40S ribosomal protein S17 [Coniochaeta pulveracea],148,0.0045,non-degrader
RKU48469.1 hypothetical protein DL546_003412 [Coniochaeta pulveracea],1558,0.0045,non-degrader
RKU48350.1 hypothetical protein DL546_008777 [Coniochaeta pulveracea],116,0.0045,non-degrader
RKU47983.1 hypothetical protein DL546_004757 [Coniochaeta pulveracea],470,0.0045,non-degrader
RKU47868.1 hypothetical protein DL546_008662 [Coniochaeta pulveracea],148,0.0045,non-degrader
"RKU47825.1 Cation-independent mannose-6-phosphate receptor CI-MPR, variant 2 [Coniochaeta pulveracea]",335,0.0045,non-degrader
RKU47560.1 hypothetical protein DL546_006803 [Coniochaeta pulveracea],538,0.0045,non-degrader
RKU47509.1 long-chain fatty acid-CoA ligase [Coniochaeta pulveracea],696,0.0045,non-degrader
RKU47408.1 hypothetical protein DL546_007815 [Coniochaeta pulveracea],190,0.0045,non-degrader
RKU47210.1 hypothetical protein DL546_008210 [Coniochaeta pulveracea],373,0.0045,non-degrader
RKU47175.1 hypothetical protein DL546_007528 [Coniochaeta pulveracea],501,0.0045,non-degrader
RKU46957.1 threonine synthase [Coniochaeta pulveracea],562,0.0045,non-degrader
RKU46898.1 hypothetical protein DL546_001036 [Coniochaeta pulveracea],549,0.0045,non-degrader
RKU46809.1 hypothetical protein DL546_007461 [Coniochaeta pulveracea],564,0.0045,non-degrader
RKU46763.1 hypothetical protein DL546_005226 [Coniochaeta pulveracea],432,0.0045,non-degrader
RKU46753.1 hypothetical protein DL546_004471 [Coniochaeta pulveracea],421,0.0045,non-degrader
RKU46560.1 Dimethyladenosine transferase [Coniochaeta pulveracea],395,0.0045,non-degrader
RKU46527.1 hypothetical protein DL546_008846 [Coniochaeta pulveracea],105,0.0045,non-degrader
RKU46477.1 hypothetical protein DL546_007940 [Coniochaeta pulveracea],552,0.0045,non-degrader
RKU46247.1 SCF ubiquitin ligase complex subunit cdc4 [Coniochaeta pulveracea],139,0.0045,non-degrader
RKU46241.1 hypothetical protein DL546_005396 [Coniochaeta pulveracea],166,0.0045,non-degrader
RKU46156.1 cysteinyl-tRNA synthetase [Coniochaeta pulveracea],2249,0.0045,non-degrader
RKU45958.1 hypothetical protein DL546_005214 [Coniochaeta pulveracea],456,0.0045,non-degrader
RKU45925.1 hypothetical protein DL546_002884 [Coniochaeta pulveracea],306,0.0045,non-degrader
RKU45898.1 hypothetical protein DL546_008514 [Coniochaeta pulveracea],397,0.0045,non-degrader
RKU45621.1 hypothetical protein DL546_008364 [Coniochaeta pulveracea],100,0.0045,non-degrader
RKU45380.1 hypothetical protein DL546_003494 [Coniochaeta pulveracea],487,0.0045,non-degrader
RKU45167.1 hypothetical protein DL546_006331 [Coniochaeta pulveracea],566,0.0045,non-degrader
RKU45135.1 hypothetical protein DL546_004461 [Coniochaeta pulveracea],602,0.0045,non-degrader
RKU45067.1 ATP-dependent RNA helicase dbp10 [Coniochaeta pulveracea],826,0.0045,non-degrader
RKU44859.1 hypothetical protein DL546_006228 [Coniochaeta pulveracea],1176,0.0045,non-degrader
RKU44759.1 hypothetical protein DL546_005962 [Coniochaeta pulveracea],659,0.0045,non-degrader
RKU44644.1 hypothetical protein DL546_001184 [Coniochaeta pulveracea],993,0.0045,non-degrader
RKU44553.1 hypothetical protein DL546_001802 [Coniochaeta pulveracea],497,0.0045,non-degrader
RKU44419.1 hypothetical protein DL546_006670 [Coniochaeta pulveracea],597,0.0045,non-degrader
RKU44269.1 hypothetical protein DL546_000489 [Coniochaeta pulveracea],369,0.0045,non-degrader
RKU44185.1 hos4 protein [Coniochaeta pulveracea],1616,0.0045,non-degrader
RKU44184.1 hypothetical protein DL546_007158 [Coniochaeta pulveracea],319,0.0045,non-degrader
RKU44156.1 hypothetical protein DL546_005895 [Coniochaeta pulveracea],905,0.0045,non-degrader
RKU44105.1 hypothetical protein DL546_002081 [Coniochaeta pulveracea],278,0.0045,non-degrader
RKU43680.1 deubiquitinating enzyme [Coniochaeta pulveracea],569,0.0045,non-degrader
RKU43574.1 hypothetical protein DL546_004455 [Coniochaeta pulveracea],1432,0.0045,non-degrader
RKU43539.1 hypothetical protein DL546_000665 [Coniochaeta pulveracea],144,0.0045,non-degrader
RKU43538.1 hypothetical protein DL546_000665 [Coniochaeta pulveracea],124,0.0045,non-degrader
RKU43251.1 hypothetical protein DL546_004286 [Coniochaeta pulveracea],544,0.0045,non-degrader
RKU43242.1 37S ribosomal protein S22 [Coniochaeta pulveracea],891,0.0045,non-degrader
RKU43078.1 lantipeptide [Coniochaeta pulveracea],527,0.0045,non-degrader
RKU42913.1 hypothetical protein DL546_002430 [Coniochaeta pulveracea],338,0.0045,non-degrader
RKU42879.1 pre-mRNA-splicing factor cwc22 [Coniochaeta pulveracea],707,0.0045,non-degrader
RKU42871.1 hypothetical protein DL546_004874 [Coniochaeta pulveracea],927,0.0045,non-degrader
"RKU42633.1 serine/threonine protein kinase, CMGC group, variant 2 [Coniochaeta pulveracea]",526,0.0045,non-degrader
"RKU42632.1 serine/threonine protein kinase, CMGC group [Coniochaeta pulveracea]",511,0.0045,non-degrader
RKU42504.1 hypothetical protein DL546_001819 [Coniochaeta pulveracea],679,0.0045,non-degrader
RKU42362.1 hypothetical protein DL546_000990 [Coniochaeta pulveracea],565,0.0045,non-degrader
RKU42312.1 hypothetical protein DL546_003555 [Coniochaeta pulveracea],439,0.0045,non-degrader
RKU42197.1 hypothetical protein DL546_004358 [Coniochaeta pulveracea],208,0.0045,non-degrader
RKU42191.1 hypothetical protein DL546_003784 [Coniochaeta pulveracea],216,0.0045,non-degrader
RKU42143.1 60S ribosomal protein L35 [Coniochaeta pulveracea],126,0.0045,non-degrader
RKU41881.1 hypothetical protein DL546_003671 [Coniochaeta pulveracea],350,0.0045,non-degrader
RKU41757.1 histone methyltransferase set2 [Coniochaeta pulveracea],938,0.0045,non-degrader
RKU41555.1 hypothetical protein DL546_002661 [Coniochaeta pulveracea],539,0.0045,non-degrader
RKU41422.1 hypothetical protein DL546_003810 [Coniochaeta pulveracea],396,0.0045,non-degrader
RKU41124.1 hypothetical protein DL546_004136 [Coniochaeta pulveracea],179,0.0045,non-degrader
RKU40906.1 plasma membrane H+-ATPase [Coniochaeta pulveracea],917,0.0045,non-degrader
RKU40218.1 hypothetical protein DL546_000767 [Coniochaeta pulveracea],409,0.0045,non-degrader
RKU40205.1 hypothetical protein DL546_001539 [Coniochaeta pulveracea],457,0.0045,non-degrader
RKU40031.1 hypothetical protein DL546_001339 [Coniochaeta pulveracea],412,0.0045,non-degrader
RKU39950.1 hypothetical protein DL546_000554 [Coniochaeta pulveracea],157,0.0045,non-degrader
RKU39947.1 hypothetical protein DL546_001709 [Coniochaeta pulveracea],978,0.0045,non-degrader
RKU39931.1 hypothetical protein DL546_001725 [Coniochaeta pulveracea],516,0.0045,non-degrader
RKU39870.1 hypothetical protein DL546_009907 [Coniochaeta pulveracea],129,0.0045,non-degrader
"RKU39769.1 hypothetical protein DL546_000833, partial [Coniochaeta pulveracea]",954,0.0045,non-degrader
RKU39713.1 hypothetical protein DL546_000490 [Coniochaeta pulveracea],105,0.0045,non-degrader
RKU49678.1 hypothetical protein DL546_009794 [Coniochaeta pulveracea],1050,0.0044,non-degrader
RKU49626.1 hypothetical protein DL546_009619 [Coniochaeta pulveracea],558,0.0044,non-degrader
RKU49302.1 hypothetical protein DL546_009802 [Coniochaeta pulveracea],780,0.0044,non-degrader
RKU49266.1 hypothetical protein DL546_009693 [Coniochaeta pulveracea],382,0.0044,non-degrader
RKU49044.1 hypothetical protein DL546_000181 [Coniochaeta pulveracea],2059,0.0044,non-degrader
RKU48935.1 hypothetical protein DL546_009222 [Coniochaeta pulveracea],1351,0.0044,non-degrader
RKU48901.1 hypothetical protein DL546_008782 [Coniochaeta pulveracea],513,0.0044,non-degrader
RKU48804.1 hypothetical protein DL546_006347 [Coniochaeta pulveracea],361,0.0044,non-degrader
RKU48779.1 hypothetical protein DL546_004818 [Coniochaeta pulveracea],1102,0.0044,non-degrader
RKU48732.1 hypothetical protein DL546_000286 [Coniochaeta pulveracea],227,0.0044,non-degrader
RKU48702.1 tRNA (guanine-N(7)-)-methyltransferase [Coniochaeta pulveracea],294,0.0044,non-degrader
RKU48625.1 hypothetical protein DL546_008929 [Coniochaeta pulveracea],624,0.0044,non-degrader
RKU48494.1 hypothetical protein DL546_005452 [Coniochaeta pulveracea],558,0.0044,non-degrader
RKU48466.1 hypothetical protein DL546_003014 [Coniochaeta pulveracea],355,0.0044,non-degrader
RKU48384.1 hypothetical protein DL546_009211 [Coniochaeta pulveracea],821,0.0044,non-degrader
RKU46970.1 hypothetical protein DL546_006712 [Coniochaeta pulveracea],412,0.0044,non-degrader
RKU46711.1 DNA-dependent RNA polymerase II [Coniochaeta pulveracea],1287,0.0044,non-degrader
RKU46529.1 hypothetical protein DL546_008864 [Coniochaeta pulveracea],179,0.0044,non-degrader
RKU46319.1 hypothetical protein DL546_008151 [Coniochaeta pulveracea],538,0.0044,non-degrader
RKU46052.1 hypothetical protein DL546_002558 [Coniochaeta pulveracea],624,0.0044,non-degrader
"RKU46036.1 hypothetical protein DL546_000004, partial [Coniochaeta pulveracea]",507,0.0044,non-degrader
RKU46015.1 hypothetical protein DL546_008193 [Coniochaeta pulveracea],575,0.0044,non-degrader
"RKU46006.1 Leucyl-tRNA synthetase, mitochondrial [Coniochaeta pulveracea]",954,0.0044,non-degrader
RKU45882.1 Nucleolar GTP-binding protein 1 [Coniochaeta pulveracea],661,0.0044,non-degrader
RKU45831.1 Mannan polymerase II complex anp1 subunit [Coniochaeta pulveracea],501,0.0044,non-degrader
RKU45815.1 hypothetical protein DL546_006068 [Coniochaeta pulveracea],744,0.0044,non-degrader
RKU45476.1 hypothetical protein DL546_008074 [Coniochaeta pulveracea],192,0.0044,non-degrader
RKU45466.1 tRNA(Ser) Um(44) 2'-O-methyltransferase [Coniochaeta pulveracea],496,0.0044,non-degrader
RKU45310.1 hypothetical protein DL546_007116 [Coniochaeta pulveracea],556,0.0044,non-degrader
RKU45262.1 hypothetical protein DL546_004614 [Coniochaeta pulveracea],412,0.0044,non-degrader
RKU45197.1 hypothetical protein DL546_007931 [Coniochaeta pulveracea],830,0.0044,non-degrader
RKU44999.1 hypothetical protein DL546_002035 [Coniochaeta pulveracea],704,0.0044,non-degrader
RKU44871.1 Serine/threonine-protein phosphatase 2A activator 1 [Coniochaeta pulveracea],474,0.0044,non-degrader
RKU44567.1 hypothetical protein DL546_003142 [Coniochaeta pulveracea],549,0.0044,non-degrader
RKU44538.1 hypothetical protein DL546_007534 [Coniochaeta pulveracea],291,0.0044,non-degrader
RKU44402.1 hypothetical protein DL546_005637 [Coniochaeta pulveracea],905,0.0044,non-degrader
RKU44246.1 hypothetical protein DL546_006592 [Coniochaeta pulveracea],617,0.0044,non-degrader
RKU44227.1 hypothetical protein DL546_005435 [Coniochaeta pulveracea],190,0.0044,non-degrader
RKU44058.1 60S ribosomal protein L16B [Coniochaeta pulveracea],202,0.0044,non-degrader
RKU44018.1 hypothetical protein DL546_003959 [Coniochaeta pulveracea],77,0.0044,non-degrader
RKU43868.1 Cytochrome c oxidase subunit 6B [Coniochaeta pulveracea],89,0.0044,non-degrader
"RKU43833.1 putative E3 ubiquitin-protein ligase, variant 2 [Coniochaeta pulveracea]",1208,0.0044,non-degrader
RKU43803.1 rRNA-binding ribosome biosynthesis protein rpf2 [Coniochaeta pulveracea],337,0.0044,non-degrader
RKU43769.1 hypothetical protein DL546_003550 [Coniochaeta pulveracea],474,0.0044,non-degrader
RKU43677.1 Arp complex subunit [Coniochaeta pulveracea],169,0.0044,non-degrader
RKU43461.1 hypothetical protein DL546_000951 [Coniochaeta pulveracea],384,0.0044,non-degrader
RKU43443.1 hypothetical protein DL546_006167 [Coniochaeta pulveracea],480,0.0044,non-degrader
RKU43425.1 glycogenin glucosyltransferase [Coniochaeta pulveracea],768,0.0044,non-degrader
RKU43371.1 hypothetical protein DL546_006470 [Coniochaeta pulveracea],192,0.0044,non-degrader
RKU43366.1 hypothetical protein DL546_006257 [Coniochaeta pulveracea],627,0.0044,non-degrader
RKU43235.1 ATP synthase complex assembly protein atp12 [Coniochaeta pulveracea],378,0.0044,non-degrader
RKU43151.1 hypothetical protein DL546_002481 [Coniochaeta pulveracea],728,0.0044,non-degrader
RKU43128.1 hypothetical protein DL546_006346 [Coniochaeta pulveracea],820,0.0044,non-degrader
RKU43026.1 hypothetical protein DL546_004671 [Coniochaeta pulveracea],492,0.0044,non-degrader
RKU42953.1 hypothetical protein DL546_005628 [Coniochaeta pulveracea],1291,0.0044,non-degrader
"RKU42839.1 RNA binding protein, heterogenous nuclear RNP-K like protein [Coniochaeta pulveracea]",393,0.0044,non-degrader
RKU42786.1 U4/U6-U5 snRNP complex subunit lsm6 [Coniochaeta pulveracea],81,0.0044,non-degrader
RKU42715.1 hypothetical protein DL546_003242 [Coniochaeta pulveracea],276,0.0044,non-degrader
RKU42571.1 hypothetical protein DL546_002298 [Coniochaeta pulveracea],1307,0.0044,non-degrader
RKU42294.1 hypothetical protein DL546_001765 [Coniochaeta pulveracea],437,0.0044,non-degrader
RKU42262.1 hypothetical protein DL546_004838 [Coniochaeta pulveracea],314,0.0044,non-degrader
RKU42227.1 hypothetical protein DL546_001583 [Coniochaeta pulveracea],220,0.0044,non-degrader
RKU42181.1 hypothetical protein DL546_003168 [Coniochaeta pulveracea],461,0.0044,non-degrader
RKU42000.1 anaphase promoting complex subunit 5 [Coniochaeta pulveracea],804,0.0044,non-degrader
RKU41875.1 hypothetical protein DL546_003110 [Coniochaeta pulveracea],1288,0.0044,non-degrader
RKU41789.1 hypothetical protein DL546_005207 [Coniochaeta pulveracea],541,0.0044,non-degrader
RKU41608.1 hypothetical protein DL546_002312 [Coniochaeta pulveracea],967,0.0044,non-degrader
RKU41481.1 hypothetical protein DL546_004662 [Coniochaeta pulveracea],225,0.0044,non-degrader
RKU41348.1 hypothetical protein DL546_000586 [Coniochaeta pulveracea],158,0.0044,non-degrader
RKU41083.1 hypothetical protein DL546_003806 [Coniochaeta pulveracea],192,0.0044,non-degrader
RKU41019.1 hypothetical protein DL546_001496 [Coniochaeta pulveracea],1269,0.0044,non-degrader
RKU41012.1 GDP-mannose transporter into the lumen of the Golgi [Coniochaeta pulveracea],390,0.0044,non-degrader
"RKU41009.1 1,2-dihydroxy-3-keto-5-methylthiopentene dioxygenase [Coniochaeta pulveracea]",173,0.0044,non-degrader
RKU40927.1 hypothetical protein DL546_002037 [Coniochaeta pulveracea],95,0.0044,non-degrader
RKU40926.1 hypothetical protein DL546_001952 [Coniochaeta pulveracea],435,0.0044,non-degrader
RKU40772.1 hypothetical protein DL546_003178 [Coniochaeta pulveracea],323,0.0044,non-degrader
RKU40591.1 hypothetical protein DL546_003205 [Coniochaeta pulveracea],409,0.0044,non-degrader
RKU40583.1 Diphthamide biosynthesis protein 4 [Coniochaeta pulveracea],197,0.0044,non-degrader
RKU40419.1 hypothetical protein DL546_002124 [Coniochaeta pulveracea],692,0.0044,non-degrader
RKU40407.1 hypothetical protein DL546_000629 [Coniochaeta pulveracea],819,0.0044,non-degrader
RKU40328.1 hypothetical protein DL546_000835 [Coniochaeta pulveracea],976,0.0044,non-degrader
RKU40139.1 hypothetical protein DL546_001922 [Coniochaeta pulveracea],526,0.0044,non-degrader
RKU40138.1 Cu-binding protein [Coniochaeta pulveracea],288,0.0044,non-degrader
RKU49627.1 hypothetical protein DL546_009619 [Coniochaeta pulveracea],528,0.0043,non-degrader
RKU49574.1 hypothetical protein DL546_009373 [Coniochaeta pulveracea],542,0.0043,non-degrader
RKU49499.1 hypothetical protein DL546_008465 [Coniochaeta pulveracea],527,0.0043,non-degrader
RKU49159.1 Sec63 [Coniochaeta pulveracea],1456,0.0043,non-degrader
RKU49138.1 hypothetical protein DL546_008033 [Coniochaeta pulveracea],348,0.0043,non-degrader
RKU49132.1 hypothetical protein DL546_007861 [Coniochaeta pulveracea],463,0.0043,non-degrader
"RKU49011.1 Serine/threonine-protein kinase, variant 2 [Coniochaeta pulveracea]",1392,0.0043,non-degrader
RKU48774.1 DNA-directed RNA polymerases II 24 kDa polypeptide (RNA polymerase II subunit 5) [Coniochaeta pulveracea],232,0.0043,non-degrader
RKU48627.1 ERMES complex Ca(2+)-binding regulatory GTPase gem1 [Coniochaeta pulveracea],627,0.0043,non-degrader
RKU48598.1 hypothetical protein DL546_008590 [Coniochaeta pulveracea],712,0.0043,non-degrader
RKU48561.1 hypothetical protein DL546_007985 [Coniochaeta pulveracea],458,0.0043,non-degrader
RKU48426.1 hypothetical protein DL546_009587 [Coniochaeta pulveracea],310,0.0043,non-degrader
RKU48397.1 hypothetical protein DL546_009391 [Coniochaeta pulveracea],428,0.0043,non-degrader
RKU48284.1 hypothetical protein DL546_007255 [Coniochaeta pulveracea],981,0.0043,non-degrader
RKU48256.1 hypothetical protein DL546_005631 [Coniochaeta pulveracea],986,0.0043,non-degrader
RKU48166.1 hypothetical protein DL546_009399 [Coniochaeta pulveracea],705,0.0043,non-degrader
RKU48028.1 hypothetical protein DL546_007400 [Coniochaeta pulveracea],416,0.0043,non-degrader
RKU47955.1 hypothetical protein DL546_002316 [Coniochaeta pulveracea],185,0.0043,non-degrader
RKU47874.1 DNA-directed RNA polymerase II core subunit rpb9 [Coniochaeta pulveracea],137,0.0043,non-degrader
RKU47626.1 hypothetical protein DL546_008448 [Coniochaeta pulveracea],201,0.0043,non-degrader
"RKU47624.1 GATA type zinc finger protein asd-4, variant 2 [Coniochaeta pulveracea]",311,0.0043,non-degrader
RKU47611.1 hypothetical protein DL546_008261 [Coniochaeta pulveracea],1217,0.0043,non-degrader
RKU47545.1 hypothetical protein DL546_006264 [Coniochaeta pulveracea],279,0.0043,non-degrader
RKU47544.1 hypothetical protein DL546_006209 [Coniochaeta pulveracea],747,0.0043,non-degrader
RKU47157.1 hypothetical protein DL546_006845 [Coniochaeta pulveracea],132,0.0043,non-degrader
RKU47112.1 hypothetical protein DL546_004335 [Coniochaeta pulveracea],191,0.0043,non-degrader
RKU47024.1 Sorting nexin mvp1 [Coniochaeta pulveracea],758,0.0043,non-degrader
RKU46842.1 hypothetical protein DL546_008133 [Coniochaeta pulveracea],121,0.0043,non-degrader
RKU46706.1 hypothetical protein DL546_008992 [Coniochaeta pulveracea],641,0.0043,non-degrader
RKU46643.1 Small subunit (SSU) processome component [Coniochaeta pulveracea],183,0.0043,non-degrader
RKU46505.1 hypothetical protein DL546_008516 [Coniochaeta pulveracea],331,0.0043,non-degrader
RKU46483.1 COMPASS (complex proteins associated with Set1p) component [Coniochaeta pulveracea],186,0.0043,non-degrader
RKU46283.1 hypothetical protein DL546_007217 [Coniochaeta pulveracea],390,0.0043,non-degrader
RKU46257.1 hypothetical protein DL546_006233 [Coniochaeta pulveracea],880,0.0043,non-degrader
RKU45979.1 hypothetical protein DL546_006866 [Coniochaeta pulveracea],319,0.0043,non-degrader
RKU45900.1 hypothetical protein DL546_008514 [Coniochaeta pulveracea],373,0.0043,non-degrader
RKU45843.1 H(+)-transporting V1 sector ATPase subunit D [Coniochaeta pulveracea],261,0.0043,non-degrader
RKU45745.1 hypothetical protein DL546_008219 [Coniochaeta pulveracea],156,0.0043,non-degrader
RKU45591.1 hypothetical protein DL546_007731 [Coniochaeta pulveracea],400,0.0043,non-degrader
RKU45456.1 rRNA processing protein [Coniochaeta pulveracea],338,0.0043,non-degrader
RKU45417.1 hypothetical protein DL546_006047 [Coniochaeta pulveracea],211,0.0043,non-degrader
RKU45411.1 glucokinase [Coniochaeta pulveracea],609,0.0043,non-degrader
RKU45288.1 hypothetical protein DL546_006241 [Coniochaeta pulveracea],483,0.0043,non-degrader
RKU45245.1 Arginine N-methyltransferase 2 [Coniochaeta pulveracea],433,0.0043,non-degrader
RKU45200.1 hypothetical protein DL546_007998 [Coniochaeta pulveracea],334,0.0043,non-degrader
RKU44860.1 hypothetical protein DL546_006228 [Coniochaeta pulveracea],1189,0.0043,non-degrader
RKU44843.1 hypothetical protein DL546_004946 [Coniochaeta pulveracea],587,0.0043,non-degrader
RKU44723.1 GTP-binding protein Rho1 [Coniochaeta pulveracea],198,0.0043,non-degrader
RKU44695.1 hypothetical protein DL546_009913 [Coniochaeta pulveracea],375,0.0043,non-degrader
RKU44404.1 hypothetical protein DL546_005790 [Coniochaeta pulveracea],220,0.0043,non-degrader
RKU44199.1 hypothetical protein DL546_001714 [Coniochaeta pulveracea],288,0.0043,non-degrader
RKU44036.1 hypothetical protein DL546_005203 [Coniochaeta pulveracea],502,0.0043,non-degrader
RKU43931.1 hypothetical protein DL546_001546 [Coniochaeta pulveracea],120,0.0043,non-degrader
RKU43918.1 Rab geranylgeranyltransferase [Coniochaeta pulveracea],417,0.0043,non-degrader
RKU43869.1 hypothetical protein DL546_004517 [Coniochaeta pulveracea],92,0.0043,non-degrader
RKU43842.1 UDP-N-acetylglucosamine transferase subunit [Coniochaeta pulveracea],398,0.0043,non-degrader
RKU43826.1 hypothetical protein DL546_007065 [Coniochaeta pulveracea],356,0.0043,non-degrader
RKU43646.1 valine--tRNA ligase [Coniochaeta pulveracea],1102,0.0043,non-degrader
RKU43633.1 hypothetical protein DL546_004148 [Coniochaeta pulveracea],482,0.0043,non-degrader
RKU43559.1 hypothetical protein DL546_002731 [Coniochaeta pulveracea],210,0.0043,non-degrader
RKU43500.1 hypothetical protein DL546_004241 [Coniochaeta pulveracea],260,0.0043,non-degrader
RKU43379.1 hypothetical protein DL546_000307 [Coniochaeta pulveracea],274,0.0043,non-degrader
RKU43363.1 hypothetical protein DL546_006106 [Coniochaeta pulveracea],1357,0.0043,non-degrader
RKU43339.1 hypothetical protein DL546_004616 [Coniochaeta pulveracea],357,0.0043,non-degrader
RKU43039.1 hypothetical protein DL546_005483 [Coniochaeta pulveracea],512,0.0043,non-degrader
RKU42986.1 hypothetical protein DL546_001168 [Coniochaeta pulveracea],710,0.0043,non-degrader
RKU42928.1 orotidine 5'-phosphate decarboxylase [Coniochaeta pulveracea],379,0.0043,non-degrader
RKU42891.1 hypothetical protein DL546_006184 [Coniochaeta pulveracea],460,0.0043,non-degrader
RKU42852.1 hypothetical protein DL546_002543 [Coniochaeta pulveracea],569,0.0043,non-degrader
RKU42534.1 hypothetical protein DL546_004968 [Coniochaeta pulveracea],544,0.0043,non-degrader
RKU42385.1 hypothetical protein DL546_003483 [Coniochaeta pulveracea],566,0.0043,non-degrader
RKU41859.1 hypothetical protein DL546_001396 [Coniochaeta pulveracea],395,0.0043,non-degrader
RKU41764.1 hypothetical protein DL546_002936 [Coniochaeta pulveracea],486,0.0043,non-degrader
"RKU41753.1 E3 ubiquitin-protein ligase bre1, variant 2 [Coniochaeta pulveracea]",651,0.0043,non-degrader
RKU41428.1 G2-specific serine/threonine protein kinase [Coniochaeta pulveracea],756,0.0043,non-degrader
RKU41424.1 hypothetical protein DL546_004347 [Coniochaeta pulveracea],525,0.0043,non-degrader
RKU41359.1 hypothetical protein DL546_002283 [Coniochaeta pulveracea],312,0.0043,non-degrader
RKU41335.1 NADH kinase pos5 [Coniochaeta pulveracea],383,0.0043,non-degrader
RKU41294.1 hypothetical protein DL546_002401 [Coniochaeta pulveracea],532,0.0043,non-degrader
RKU41254.1 hypothetical protein DL546_003661 [Coniochaeta pulveracea],570,0.0043,non-degrader
RKU41068.1 hypothetical protein DL546_002748 [Coniochaeta pulveracea],634,0.0043,non-degrader
RKU40954.1 hypothetical protein DL546_002527 [Coniochaeta pulveracea],614,0.0043,non-degrader
RKU40832.1 hypothetical protein DL546_003150 [Coniochaeta pulveracea],554,0.0043,non-degrader
RKU40754.1 hypothetical protein DL546_000854 [Coniochaeta pulveracea],680,0.0043,non-degrader
RKU40729.1 hypothetical protein DL546_002174 [Coniochaeta pulveracea],235,0.0043,non-degrader
RKU40723.1 hypothetical protein DL546_001453 [Coniochaeta pulveracea],959,0.0043,non-degrader
RKU40134.1 hypothetical protein DL546_001378 [Coniochaeta pulveracea],164,0.0043,non-degrader
RKU40059.1 nuA3 HAT complex component nto1 [Coniochaeta pulveracea],1197,0.0043,non-degrader
RKU40045.1 hypothetical protein DL546_000893 [Coniochaeta pulveracea],316,0.0043,non-degrader
RKU40039.1 glycerol-3-phosphate dehydrogenase [Coniochaeta pulveracea],500,0.0043,non-degrader
RKU39941.1 hypothetical protein DL546_001108 [Coniochaeta pulveracea],267,0.0043,non-degrader
RKU39893.1 hypothetical protein DL546_001318 [Coniochaeta pulveracea],688,0.0043,non-degrader
RKU39812.1 hypothetical protein DL546_000861 [Coniochaeta pulveracea],620,0.0043,non-degrader
RKU39760.1 hypothetical protein DL546_000626 [Coniochaeta pulveracea],222,0.0043,non-degrader
RKU39756.1 hypothetical protein DL546_000127 [Coniochaeta pulveracea],173,0.0043,non-degrader
RKU49556.1 hypothetical protein DL546_009232 [Coniochaeta pulveracea],289,0.0042,non-degrader
RKU49382.1 vacuolar transporter chaperone [Coniochaeta pulveracea],130,0.0042,non-degrader
RKU49231.1 hypothetical protein DL546_009555 [Coniochaeta pulveracea],480,0.0042,non-degrader
RKU49060.1 SCF ubiquitin ligase complex subunit cdc4 [Coniochaeta pulveracea],1040,0.0042,non-degrader
RKU48982.1 hypothetical protein DL546_009566 [Coniochaeta pulveracea],1533,0.0042,non-degrader
RKU48947.1 hypothetical protein DL546_009340 [Coniochaeta pulveracea],661,0.0042,non-degrader
RKU48907.1 hypothetical protein DL546_008856 [Coniochaeta pulveracea],163,0.0042,non-degrader
RKU48867.1 galactose-1-phosphate uridyl transferase [Coniochaeta pulveracea],386,0.0042,non-degrader
RKU48820.1 hypothetical protein DL546_006789 [Coniochaeta pulveracea],294,0.0042,non-degrader
RKU48471.1 hypothetical protein DL546_003751 [Coniochaeta pulveracea],563,0.0042,non-degrader
RKU48408.1 TFIIH/NER complex subunit [Coniochaeta pulveracea],387,0.0042,non-degrader
RKU48388.1 uracil DNA glycosylase [Coniochaeta pulveracea],462,0.0042,non-degrader
RKU48335.1 hypothetical protein DL546_008473 [Coniochaeta pulveracea],1197,0.0042,non-degrader
RKU48277.1 Multiple RNA-binding domain-containing protein 1 [Coniochaeta pulveracea],879,0.0042,non-degrader
RKU48274.1 hypothetical protein DL546_006663 [Coniochaeta pulveracea],1102,0.0042,non-degrader
RKU48227.1 40S ribosomal protein S21 [Coniochaeta pulveracea],87,0.0042,non-degrader
RKU48159.1 DNA repair helicase RAD25 [Coniochaeta pulveracea],833,0.0042,non-degrader
RKU48141.1 hypothetical protein DL546_009202 [Coniochaeta pulveracea],295,0.0042,non-degrader
RKU48084.1 hypothetical protein DL546_008470 [Coniochaeta pulveracea],497,0.0042,non-degrader
RKU47729.1 hypothetical protein DL546_002313 [Coniochaeta pulveracea],185,0.0042,non-degrader
RKU47659.1 hypothetical protein DL546_008956 [Coniochaeta pulveracea],565,0.0042,non-degrader
RKU47527.1 hypothetical protein DL546_005218 [Coniochaeta pulveracea],509,0.0042,non-degrader
"RKU47525.1 Acetolactate synthase, mitochondrial [Coniochaeta pulveracea]",786,0.0042,non-degrader
RKU47516.1 hypothetical protein DL546_004387 [Coniochaeta pulveracea],185,0.0042,non-degrader
RKU47436.1 hypothetical protein DL546_008700 [Coniochaeta pulveracea],515,0.0042,non-degrader
RKU47429.1 Phosphate metabolism transcription protein [Coniochaeta pulveracea],785,0.0042,non-degrader
RKU47364.1 Mitotic exit network component [Coniochaeta pulveracea],220,0.0042,non-degrader
RKU47184.1 hypothetical protein DL546_007714 [Coniochaeta pulveracea],932,0.0042,non-degrader
RKU47111.1 hypothetical protein DL546_004309 [Coniochaeta pulveracea],314,0.0042,non-degrader
RKU46944.1 hypothetical protein DL546_005428 [Coniochaeta pulveracea],460,0.0042,non-degrader
RKU46756.1 hypothetical protein DL546_004604 [Coniochaeta pulveracea],457,0.0042,non-degrader
RKU46676.1 hypothetical protein DL546_008483 [Coniochaeta pulveracea],121,0.0042,non-degrader
RKU46540.1 transcriptional coactivator hfi1/ADA1 [Coniochaeta pulveracea],455,0.0042,non-degrader
RKU46255.1 hypothetical protein DL546_006093 [Coniochaeta pulveracea],914,0.0042,non-degrader
RKU46188.1 hypothetical protein DL546_008628 [Coniochaeta pulveracea],1880,0.0042,non-degrader
RKU46120.1 hypothetical protein DL546_006782 [Coniochaeta pulveracea],300,0.0042,non-degrader
RKU46117.1 hypothetical protein DL546_006722 [Coniochaeta pulveracea],226,0.0042,non-degrader
RKU45990.1 hypothetical protein DL546_007276 [Coniochaeta pulveracea],190,0.0042,non-degrader
RKU45981.1 hypothetical protein DL546_006997 [Coniochaeta pulveracea],308,0.0042,non-degrader
RKU45931.1 Thymidylate kinase [Coniochaeta pulveracea],301,0.0042,non-degrader
RKU45721.1 Carbon catabolite-derepressing protein kinase [Coniochaeta pulveracea],762,0.0042,non-degrader
RKU45586.1 blue light receptor [Coniochaeta pulveracea],911,0.0042,non-degrader
RKU45546.1 hypothetical protein DL546_005582 [Coniochaeta pulveracea],551,0.0042,non-degrader
RKU45432.1 hypothetical protein DL546_006620 [Coniochaeta pulveracea],161,0.0042,non-degrader
RKU45377.1 hypothetical protein DL546_003223 [Coniochaeta pulveracea],397,0.0042,non-degrader
RKU45246.1 vacuolar transporter chaperone [Coniochaeta pulveracea],823,0.0042,non-degrader
RKU45044.1 hypothetical protein DL546_005989 [Coniochaeta pulveracea],625,0.0042,non-degrader
RKU45009.1 AP-3 complex subunit delta [Coniochaeta pulveracea],1053,0.0042,non-degrader
RKU44986.1 hypothetical protein DL546_007501 [Coniochaeta pulveracea],1364,0.0042,non-degrader
"RKU44984.1 54S ribosomal protein, mitochondrial [Coniochaeta pulveracea]",322,0.0042,non-degrader
RKU44953.1 Phospholipase C [Coniochaeta pulveracea],1136,0.0042,non-degrader
RKU44926.1 hypothetical protein DL546_004004 [Coniochaeta pulveracea],1177,0.0042,non-degrader
RKU44858.1 hypothetical protein DL546_006149 [Coniochaeta pulveracea],643,0.0042,non-degrader
"RKU44805.1 casein kinase 2 regulatory subunit, variant 2 [Coniochaeta pulveracea]",478,0.0042,non-degrader
RKU44756.1 hypothetical protein DL546_005694 [Coniochaeta pulveracea],2144,0.0042,non-degrader
RKU44665.1 hypothetical protein DL546_003469 [Coniochaeta pulveracea],216,0.0042,non-degrader
RKU44658.1 hypothetical protein DL546_002794 [Coniochaeta pulveracea],1190,0.0042,non-degrader
RKU44562.1 Formation of crista junctions protein 1 [Coniochaeta pulveracea],704,0.0042,non-degrader
RKU44495.1 MAP kinase Pmk1 [Coniochaeta pulveracea],356,0.0042,non-degrader
RKU44447.1 Bud site selection protein 20 [Coniochaeta pulveracea],117,0.0042,non-degrader
RKU44438.1 hypothetical protein DL546_007423 [Coniochaeta pulveracea],604,0.0042,non-degrader
RKU44331.1 hypothetical protein DL546_006553 [Coniochaeta pulveracea],320,0.0042,non-degrader
RKU43899.1 Arginyl-tRNA--protein transferase 1 [Coniochaeta pulveracea],481,0.0042,non-degrader
RKU43843.1 hypothetical protein DL546_001702 [Coniochaeta pulveracea],597,0.0042,non-degrader
RKU43794.1 hypothetical protein DL546_005572 [Coniochaeta pulveracea],269,0.0042,non-degrader
RKU43783.1 hypothetical protein DL546_004783 [Coniochaeta pulveracea],333,0.0042,non-degrader
RKU43738.1 hypothetical protein DL546_005760 [Coniochaeta pulveracea],136,0.0042,non-degrader
RKU43540.1 hypothetical protein DL546_000665 [Coniochaeta pulveracea],97,0.0042,non-degrader
RKU43455.1 mRNA splicing protein [Coniochaeta pulveracea],117,0.0042,non-degrader
RKU43393.1 hypothetical protein DL546_002192 [Coniochaeta pulveracea],86,0.0042,non-degrader
RKU43176.1 hypothetical protein DL546_004501 [Coniochaeta pulveracea],440,0.0042,non-degrader
RKU42861.1 Serine/threonine-protein kinase [Coniochaeta pulveracea],846,0.0042,non-degrader
RKU42855.1 hypothetical protein DL546_002822 [Coniochaeta pulveracea],760,0.0042,non-degrader
RKU42849.1 hypothetical protein DL546_002217 [Coniochaeta pulveracea],1042,0.0042,non-degrader
RKU42810.1 hypothetical protein DL546_005266 [Coniochaeta pulveracea],600,0.0042,non-degrader
RKU42762.1 hypothetical protein DL546_000055 [Coniochaeta pulveracea],490,0.0042,non-degrader
RKU42757.1 Subunit of heteropentameric Replication factor C (RF-C) [Coniochaeta pulveracea],353,0.0042,non-degrader
RKU42713.1 hypothetical protein DL546_002986 [Coniochaeta pulveracea],391,0.0042,non-degrader
RKU42623.1 hypothetical protein DL546_005736 [Coniochaeta pulveracea],393,0.0042,non-degrader
RKU42557.1 hypothetical protein DL546_001255 [Coniochaeta pulveracea],347,0.0042,non-degrader
RKU42533.1 hypothetical protein DL546_004944 [Coniochaeta pulveracea],124,0.0042,non-degrader
RKU42471.1 Kinesin [Coniochaeta pulveracea],638,0.0042,non-degrader
RKU42418.1 hypothetical protein DL546_005592 [Coniochaeta pulveracea],365,0.0042,non-degrader
RKU42392.1 hypothetical protein DL546_004065 [Coniochaeta pulveracea],240,0.0042,non-degrader
RKU42386.1 hypothetical protein DL546_003551 [Coniochaeta pulveracea],322,0.0042,non-degrader
"RKU42317.1 E2-like conjugating enzyme atg10, variant 2 [Coniochaeta pulveracea]",245,0.0042,non-degrader
RKU42212.1 hypothetical protein DL546_005714 [Coniochaeta pulveracea],853,0.0042,non-degrader
RKU42066.1 hypothetical protein DL546_003692 [Coniochaeta pulveracea],579,0.0042,non-degrader
RKU41897.1 hypothetical protein DL546_004596 [Coniochaeta pulveracea],732,0.0042,non-degrader
RKU41829.1 hypothetical protein DL546_004469 [Coniochaeta pulveracea],282,0.0042,non-degrader
RKU41506.1 hypothetical protein DL546_002982 [Coniochaeta pulveracea],554,0.0042,non-degrader
RKU41268.1 hypothetical protein DL546_004666 [Coniochaeta pulveracea],257,0.0042,non-degrader
RKU41211.1 hypothetical protein DL546_003691 [Coniochaeta pulveracea],226,0.0042,non-degrader
RKU41176.1 hypothetical protein DL546_004419 [Coniochaeta pulveracea],1003,0.0042,non-degrader
RKU41159.1 hypothetical protein DL546_003132 [Coniochaeta pulveracea],455,0.0042,non-degrader
RKU41120.1 DNA methyltransferase Dim-2 [Coniochaeta pulveracea],1314,0.0042,non-degrader
"RKU41010.1 1,2-dihydroxy-3-keto-5-methylthiopentene dioxygenase, variant 2 [Coniochaeta pulveracea]",210,0.0042,non-degrader
RKU40980.1 hypothetical protein DL546_000978 [Coniochaeta pulveracea],234,0.0042,non-degrader
RKU40736.1 hypothetical protein DL546_002993 [Coniochaeta pulveracea],1444,0.0042,non-degrader
RKU40481.1 hypothetical protein DL546_000028 [Coniochaeta pulveracea],1051,0.0042,non-degrader
RKU40282.1 mitochondrial import inner membrane translocase subunit TIM14 [Coniochaeta pulveracea],106,0.0042,non-degrader
RKU40029.1 hypothetical protein DL546_001203 [Coniochaeta pulveracea],311,0.0042,non-degrader
RKU40021.1 hypothetical protein DL546_000132 [Coniochaeta pulveracea],805,0.0042,non-degrader
RKU39983.1 hypothetical protein DL546_001971 [Coniochaeta pulveracea],464,0.0042,non-degrader
RKU39842.1 hypothetical protein DL546_000232 [Coniochaeta pulveracea],549,0.0042,non-degrader
RKU49057.1 hypothetical protein DL546_002243 [Coniochaeta pulveracea],955,0.0041,non-degrader
RKU48979.1 hypothetical protein DL546_009544 [Coniochaeta pulveracea],1013,0.0041,non-degrader
RKU48916.1 hypothetical protein DL546_008983 [Coniochaeta pulveracea],693,0.0041,non-degrader
RKU48904.1 hypothetical protein DL546_008818 [Coniochaeta pulveracea],655,0.0041,non-degrader
RKU48533.1 Serine/threonine-protein kinase smg1 [Coniochaeta pulveracea],85,0.0041,non-degrader
RKU48176.1 hypothetical protein DL546_009444 [Coniochaeta pulveracea],446,0.0041,non-degrader
RKU48160.1 low affinity potassium transporter [Coniochaeta pulveracea],894,0.0041,non-degrader
RKU48089.1 hypothetical protein DL546_008562 [Coniochaeta pulveracea],325,0.0041,non-degrader
RKU48052.1 hypothetical protein DL546_007971 [Coniochaeta pulveracea],407,0.0041,non-degrader
RKU48015.1 hypothetical protein DL546_006867 [Coniochaeta pulveracea],807,0.0041,non-degrader
RKU48014.1 hypothetical protein DL546_006843 [Coniochaeta pulveracea],413,0.0041,non-degrader
RKU47931.1 hypothetical protein DL546_009382 [Coniochaeta pulveracea],515,0.0041,non-degrader
RKU47906.1 hypothetical protein DL546_009150 [Coniochaeta pulveracea],554,0.0041,non-degrader
RKU47724.1 hypothetical protein DL546_001739 [Coniochaeta pulveracea],628,0.0041,non-degrader
RKU47669.1 hypothetical protein DL546_009049 [Coniochaeta pulveracea],353,0.0041,non-degrader
RKU47661.1 mannosyltransferase [Coniochaeta pulveracea],603,0.0041,non-degrader
RKU47646.1 hypothetical protein DL546_008788 [Coniochaeta pulveracea],488,0.0041,non-degrader
RKU47623.1 GATA type zinc finger protein asd-4 [Coniochaeta pulveracea],330,0.0041,non-degrader
RKU47608.1 hypothetical protein DL546_008202 [Coniochaeta pulveracea],1180,0.0041,non-degrader
"RKU47407.1 T-complex protein 1 subunit gamma, variant 2 [Coniochaeta pulveracea]",389,0.0041,non-degrader
RKU47264.1 hypothetical protein DL546_008979 [Coniochaeta pulveracea],374,0.0041,non-degrader
RKU47218.1 hypothetical protein DL546_008353 [Coniochaeta pulveracea],1208,0.0041,non-degrader
RKU47144.1 hypothetical protein DL546_006114 [Coniochaeta pulveracea],562,0.0041,non-degrader
RKU47043.1 hypothetical protein DL546_008677 [Coniochaeta pulveracea],572,0.0041,non-degrader
RKU46902.1 hypothetical protein DL546_001531 [Coniochaeta pulveracea],879,0.0041,non-degrader
RKU46879.1 hypothetical protein DL546_009110 [Coniochaeta pulveracea],477,0.0041,non-degrader
RKU46612.1 hypothetical protein DL546_006868 [Coniochaeta pulveracea],424,0.0041,non-degrader
RKU46595.1 hypothetical protein DL546_006004 [Coniochaeta pulveracea],655,0.0041,non-degrader
RKU46577.1 hypothetical protein DL546_004743 [Coniochaeta pulveracea],418,0.0041,non-degrader
RKU46565.1 hypothetical protein DL546_003610 [Coniochaeta pulveracea],935,0.0041,non-degrader
RKU46399.1 hypothetical protein DL546_005271 [Coniochaeta pulveracea],336,0.0041,non-degrader
RKU46077.1 hypothetical protein DL546_004203 [Coniochaeta pulveracea],422,0.0041,non-degrader
"RKU45965.1 Uracil-regulated protein 1, variant 2 [Coniochaeta pulveracea]",522,0.0041,non-degrader
RKU45722.1 hypothetical protein DL546_007754 [Coniochaeta pulveracea],232,0.0041,non-degrader
RKU45691.1 hypothetical protein DL546_006506 [Coniochaeta pulveracea],586,0.0041,non-degrader
RKU45652.1 hypothetical protein DL546_003714 [Coniochaeta pulveracea],568,0.0041,non-degrader
RKU45480.1 hypothetical protein DL546_008197 [Coniochaeta pulveracea],371,0.0041,non-degrader
RKU45384.1 hypothetical protein DL546_003845 [Coniochaeta pulveracea],126,0.0041,non-degrader
RKU45338.1 hypothetical protein DL546_007849 [Coniochaeta pulveracea],818,0.0041,non-degrader
RKU45268.1 hypothetical protein DL546_004985 [Coniochaeta pulveracea],1005,0.0041,non-degrader
RKU45263.1 hypothetical protein DL546_004679 [Coniochaeta pulveracea],818,0.0041,non-degrader
"RKU45215.1 Origin recognition complex, subunit 1 [Coniochaeta pulveracea]",767,0.0041,non-degrader
RKU45027.1 hypothetical protein DL546_004875 [Coniochaeta pulveracea],838,0.0041,non-degrader
RKU44933.1 hypothetical protein DL546_004538 [Coniochaeta pulveracea],630,0.0041,non-degrader
RKU44883.1 hypothetical protein DL546_007435 [Coniochaeta pulveracea],491,0.0041,non-degrader
RKU44861.1 hypothetical protein DL546_006228 [Coniochaeta pulveracea],1241,0.0041,non-degrader
RKU44804.1 casein kinase 2 regulatory subunit [Coniochaeta pulveracea],338,0.0041,non-degrader
RKU44655.1 hypothetical protein DL546_002610 [Coniochaeta pulveracea],443,0.0041,non-degrader
RKU44587.1 hypothetical protein DL546_005051 [Coniochaeta pulveracea],505,0.0041,non-degrader
RKU44455.1 CDP-diacylglycerol-serine O-phosphatidyltransferase [Coniochaeta pulveracea],248,0.0041,non-degrader
RKU44387.1 MAP kinase kinase (MEK) [Coniochaeta pulveracea],417,0.0041,non-degrader
RKU44352.1 hypothetical protein DL546_007378 [Coniochaeta pulveracea],324,0.0041,non-degrader
RKU44299.1 hypothetical protein DL546_004156 [Coniochaeta pulveracea],121,0.0041,non-degrader
"RKU44287.1 serine/threonine protein kinase, variant 2 [Coniochaeta pulveracea]",392,0.0041,non-degrader
RKU44247.1 hypothetical protein DL546_006592 [Coniochaeta pulveracea],843,0.0041,non-degrader
RKU43932.1 hypothetical protein DL546_001724 [Coniochaeta pulveracea],200,0.0041,non-degrader
RKU43856.1 SWI/SNF complex component snf12 [Coniochaeta pulveracea],516,0.0041,non-degrader
RKU43849.1 pro11 protein [Coniochaeta pulveracea],1101,0.0041,non-degrader
RKU43797.1 hypothetical protein DL546_005771 [Coniochaeta pulveracea],80,0.0041,non-degrader
RKU43706.1 hypothetical protein DL546_002820 [Coniochaeta pulveracea],507,0.0041,non-degrader
RKU43654.1 hypothetical protein DL546_005933 [Coniochaeta pulveracea],481,0.0041,non-degrader
RKU43617.1 hypothetical protein DL546_002119 [Coniochaeta pulveracea],241,0.0041,non-degrader
RKU43552.1 hypothetical protein DL546_001705 [Coniochaeta pulveracea],1184,0.0041,non-degrader
"RKU43426.1 glycogenin glucosyltransferase, variant 2 [Coniochaeta pulveracea]",689,0.0041,non-degrader
RKU43382.1 hypothetical protein DL546_000760 [Coniochaeta pulveracea],239,0.0041,non-degrader
"RKU43328.1 39S ribosomal protein L24, mitochondrial [Coniochaeta pulveracea]",249,0.0041,non-degrader
RKU43134.1 hypothetical protein DL546_000049 [Coniochaeta pulveracea],356,0.0041,non-degrader
RKU43110.1 hypothetical protein DL546_004656 [Coniochaeta pulveracea],749,0.0041,non-degrader
RKU42904.1 DNA-dependent ATPase of the nucleotide excision repair factor 4 complex [Coniochaeta pulveracea],774,0.0041,non-degrader
RKU42898.1 hypothetical protein DL546_006405 [Coniochaeta pulveracea],572,0.0041,non-degrader
RKU42755.1 hypothetical protein DL546_006200 [Coniochaeta pulveracea],382,0.0041,non-degrader
RKU42722.1 Sulfate permease 2 [Coniochaeta pulveracea],842,0.0041,non-degrader
RKU42597.1 hypothetical protein DL546_004446 [Coniochaeta pulveracea],681,0.0041,non-degrader
RKU42532.1 hypothetical protein DL546_004895 [Coniochaeta pulveracea],116,0.0041,non-degrader
RKU42490.1 DEAD-box type RNA helicase [Coniochaeta pulveracea],2168,0.0041,non-degrader
RKU42441.1 replication factor C subunit 4 [Coniochaeta pulveracea],356,0.0041,non-degrader
RKU42431.1 hypothetical protein DL546_000513 [Coniochaeta pulveracea],323,0.0041,non-degrader
RKU42323.1 hypothetical protein DL546_004294 [Coniochaeta pulveracea],637,0.0041,non-degrader
RKU42210.1 hypothetical protein DL546_005640 [Coniochaeta pulveracea],103,0.0041,non-degrader
RKU42126.1 hypothetical protein DL546_004039 [Coniochaeta pulveracea],237,0.0041,non-degrader
RKU41940.1 hypothetical protein DL546_004518 [Coniochaeta pulveracea],654,0.0041,non-degrader
RKU41860.1 hypothetical protein DL546_001396 [Coniochaeta pulveracea],460,0.0041,non-degrader
RKU41280.1 hypothetical protein DL546_000962 [Coniochaeta pulveracea],848,0.0041,non-degrader
RKU41194.1 hypothetical protein DL546_002158 [Coniochaeta pulveracea],566,0.0041,non-degrader
RKU40928.1 hypothetical protein DL546_002075 [Coniochaeta pulveracea],541,0.0041,non-degrader
RKU40637.1 hypothetical protein DL546_002208 [Coniochaeta pulveracea],153,0.0041,non-degrader
RKU40530.1 hypothetical protein DL546_000368 [Coniochaeta pulveracea],491,0.0041,non-degrader
RKU40370.1 hypothetical protein DL546_002609 [Coniochaeta pulveracea],1269,0.0041,non-degrader
RKU40317.1 hypothetical protein DL546_002225 [Coniochaeta pulveracea],338,0.0041,non-degrader
RKU40257.1 hypothetical protein DL546_000920 [Coniochaeta pulveracea],542,0.0041,non-degrader
RKU39906.1 hypothetical protein DL546_001346 [Coniochaeta pulveracea],451,0.0041,non-degrader
RKU39795.1 hypothetical protein DL546_000265 [Coniochaeta pulveracea],201,0.0041,non-degrader
RKU49654.1 hypothetical protein DL546_009730 [Coniochaeta pulveracea],392,0.004,non-degrader
RKU49526.1 hypothetical protein DL546_009902 [Coniochaeta pulveracea],328,0.004,non-degrader
RKU49480.1 hypothetical protein DL546_008072 [Coniochaeta pulveracea],2545,0.004,non-degrader
RKU49456.1 hypothetical protein DL546_007644 [Coniochaeta pulveracea],762,0.004,non-degrader
RKU49319.1 hypothetical protein DL546_009839 [Coniochaeta pulveracea],273,0.004,non-degrader
RKU49293.1 hypothetical protein DL546_009785 [Coniochaeta pulveracea],485,0.004,non-degrader
RKU49291.1 hypothetical protein DL546_009785 [Coniochaeta pulveracea],416,0.004,non-degrader
RKU49239.1 hypothetical protein DL546_009598 [Coniochaeta pulveracea],293,0.004,non-degrader
RKU49214.1 hypothetical protein DL546_009201 [Coniochaeta pulveracea],1092,0.004,non-degrader
RKU49061.1 hypothetical protein DL546_002698 [Coniochaeta pulveracea],348,0.004,non-degrader
RKU49035.1 chorismate mutase aro7 [Coniochaeta pulveracea],266,0.004,non-degrader
RKU49018.1 hypothetical protein DL546_009716 [Coniochaeta pulveracea],490,0.004,non-degrader
RKU48796.1 hypothetical protein DL546_005889 [Coniochaeta pulveracea],143,0.004,non-degrader
RKU48741.1 Mitochondrial outer membrane protein iml2 [Coniochaeta pulveracea],728,0.004,non-degrader
RKU48699.1 hypothetical protein DL546_009571 [Coniochaeta pulveracea],392,0.004,non-degrader
RKU48391.1 hypothetical protein DL546_009322 [Coniochaeta pulveracea],586,0.004,non-degrader
RKU48328.1 hypothetical protein DL546_008374 [Coniochaeta pulveracea],161,0.004,non-degrader
RKU48327.1 hypothetical protein DL546_008343 [Coniochaeta pulveracea],1280,0.004,non-degrader
RKU47914.1 hypothetical protein DL546_009230 [Coniochaeta pulveracea],691,0.004,non-degrader
RKU47899.1 hypothetical protein DL546_009026 [Coniochaeta pulveracea],599,0.004,non-degrader
RKU47692.1 hypothetical protein DL546_009276 [Coniochaeta pulveracea],205,0.004,non-degrader
RKU47591.1 hypothetical protein DL546_007727 [Coniochaeta pulveracea],717,0.004,non-degrader
RKU47465.1 hypothetical protein DL546_009270 [Coniochaeta pulveracea],919,0.004,non-degrader
RKU47292.1 hypothetical protein DL546_009264 [Coniochaeta pulveracea],548,0.004,non-degrader
RKU47237.1 hypothetical protein DL546_008659 [Coniochaeta pulveracea],426,0.004,non-degrader
RKU47208.1 hypothetical protein DL546_008175 [Coniochaeta pulveracea],472,0.004,non-degrader
RKU47207.1 hypothetical protein DL546_008175 [Coniochaeta pulveracea],309,0.004,non-degrader
RKU47081.1 hypothetical protein DL546_009210 [Coniochaeta pulveracea],416,0.004,non-degrader
RKU47002.1 Severe Depolymerization of Actin [Coniochaeta pulveracea],805,0.004,non-degrader
"RKU46864.1 Chitin synthase, class 2 [Coniochaeta pulveracea]",1868,0.004,non-degrader
"RKU46836.1 Amino-acid acetyltransferase, mitochondrial [Coniochaeta pulveracea]",674,0.004,non-degrader
RKU46829.1 hypothetical protein DL546_007899 [Coniochaeta pulveracea],252,0.004,non-degrader
RKU46581.1 hypothetical protein DL546_005223 [Coniochaeta pulveracea],589,0.004,non-degrader
RKU46479.1 hypothetical protein DL546_008048 [Coniochaeta pulveracea],416,0.004,non-degrader
RKU46326.1 hypothetical protein DL546_008319 [Coniochaeta pulveracea],486,0.004,non-degrader
RKU46299.1 pre-rRNA-processing protein pno1 [Coniochaeta pulveracea],259,0.004,non-degrader
RKU46292.1 hypothetical protein DL546_007484 [Coniochaeta pulveracea],2517,0.004,non-degrader
RKU46150.1 hypothetical protein DL546_007723 [Coniochaeta pulveracea],1057,0.004,non-degrader
RKU46020.1 hypothetical protein DL546_008276 [Coniochaeta pulveracea],158,0.004,non-degrader
RKU45998.1 hypothetical protein DL546_007589 [Coniochaeta pulveracea],505,0.004,non-degrader
RKU45821.1 hypothetical protein DL546_006303 [Coniochaeta pulveracea],596,0.004,non-degrader
RKU45674.1 AP-1 adaptor complex sigma subunit Aps1 [Coniochaeta pulveracea],155,0.004,non-degrader
RKU45554.1 hypothetical protein DL546_006127 [Coniochaeta pulveracea],523,0.004,non-degrader
RKU45360.1 magnesium ion transporter [Coniochaeta pulveracea],535,0.004,non-degrader
RKU45240.1 hypothetical protein DL546_002814 [Coniochaeta pulveracea],353,0.004,non-degrader
RKU45229.1 hypothetical protein DL546_001737 [Coniochaeta pulveracea],891,0.004,non-degrader
RKU45207.1 hypothetical protein DL546_008136 [Coniochaeta pulveracea],1042,0.004,non-degrader
RKU45180.1 hypothetical protein DL546_006957 [Coniochaeta pulveracea],2063,0.004,non-degrader
RKU45145.1 Mitochondrial import inner membrane translocase subunit tim8 [Coniochaeta pulveracea],92,0.004,non-degrader
RKU45092.1 hypothetical protein DL546_000674 [Coniochaeta pulveracea],410,0.004,non-degrader
RKU45087.1 hypothetical protein DL546_007867 [Coniochaeta pulveracea],347,0.004,non-degrader
RKU45011.1 hypothetical protein DL546_003417 [Coniochaeta pulveracea],477,0.004,non-degrader
RKU45002.1 hypothetical protein DL546_002376 [Coniochaeta pulveracea],1463,0.004,non-degrader
RKU44964.1 hypothetical protein DL546_006861 [Coniochaeta pulveracea],328,0.004,non-degrader
RKU44909.1 vacuolar protein sorting-associated protein 1 [Coniochaeta pulveracea],697,0.004,non-degrader
RKU44888.1 hypothetical protein DL546_007560 [Coniochaeta pulveracea],373,0.004,non-degrader
RKU44786.1 hypothetical protein DL546_007203 [Coniochaeta pulveracea],432,0.004,non-degrader
RKU44634.1 hypothetical protein DL546_007401 [Coniochaeta pulveracea],182,0.004,non-degrader
RKU44624.1 DNA repair protein rad2 [Coniochaeta pulveracea],1265,0.004,non-degrader
RKU44535.1 hypothetical protein DL546_007472 [Coniochaeta pulveracea],574,0.004,non-degrader
RKU44456.1 hypothetical protein DL546_001217 [Coniochaeta pulveracea],502,0.004,non-degrader
RKU44430.1 hypothetical protein DL546_007135 [Coniochaeta pulveracea],305,0.004,non-degrader
RKU44401.1 hypothetical protein DL546_005637 [Coniochaeta pulveracea],1026,0.004,non-degrader
RKU44389.1 Myo-inositol-1-phosphate synthase [Coniochaeta pulveracea],545,0.004,non-degrader
RKU44383.1 hypothetical protein DL546_003656 [Coniochaeta pulveracea],457,0.004,non-degrader
RKU44363.1 cysteine desulfurase [Coniochaeta pulveracea],508,0.004,non-degrader
RKU44346.1 hypothetical protein DL546_007133 [Coniochaeta pulveracea],536,0.004,non-degrader
RKU44152.1 hypothetical protein DL546_005443 [Coniochaeta pulveracea],4995,0.004,non-degrader
RKU44014.1 hypothetical protein DL546_003763 [Coniochaeta pulveracea],236,0.004,non-degrader
RKU43880.1 hypothetical protein DL546_005276 [Coniochaeta pulveracea],220,0.004,non-degrader
RKU43876.1 GTPase-activating protein [Coniochaeta pulveracea],888,0.004,non-degrader
RKU43821.1 hypothetical protein DL546_006869 [Coniochaeta pulveracea],656,0.004,non-degrader
RKU43779.1 hypothetical protein DL546_004177 [Coniochaeta pulveracea],589,0.004,non-degrader
RKU43739.1 hypothetical protein DL546_005786 [Coniochaeta pulveracea],236,0.004,non-degrader
RKU43450.1 GTP-binding protein [Coniochaeta pulveracea],185,0.004,non-degrader
RKU43387.1 hypothetical protein DL546_001362 [Coniochaeta pulveracea],709,0.004,non-degrader
RKU43348.1 sporulation-induced protein [Coniochaeta pulveracea],396,0.004,non-degrader
RKU43291.1 hypothetical protein DL546_006690 [Coniochaeta pulveracea],678,0.004,non-degrader
RKU43237.1 hypothetical protein DL546_003186 [Coniochaeta pulveracea],764,0.004,non-degrader
RKU43155.1 hypothetical protein DL546_002907 [Coniochaeta pulveracea],271,0.004,non-degrader
RKU43122.1 hypothetical protein DL546_006065 [Coniochaeta pulveracea],852,0.004,non-degrader
RKU42774.1 hypothetical protein DL546_001927 [Coniochaeta pulveracea],335,0.004,non-degrader
RKU42766.1 nuclear protein localization protein 4 [Coniochaeta pulveracea],594,0.004,non-degrader
RKU42759.1 DEIH-box ATPase [Coniochaeta pulveracea],1105,0.004,non-degrader
RKU42707.1 hypothetical protein DL546_001985 [Coniochaeta pulveracea],410,0.004,non-degrader
RKU42676.1 Dynamin-related protein DNM1 [Coniochaeta pulveracea],803,0.004,non-degrader
RKU42580.1 hypothetical protein DL546_003155 [Coniochaeta pulveracea],1508,0.004,non-degrader
RKU42523.1 hypothetical protein DL546_004195 [Coniochaeta pulveracea],132,0.004,non-degrader
RKU42410.1 hypothetical protein DL546_005186 [Coniochaeta pulveracea],502,0.004,non-degrader
RKU42359.1 hypothetical protein DL546_000696 [Coniochaeta pulveracea],692,0.004,non-degrader
RKU41898.1 hypothetical protein DL546_004680 [Coniochaeta pulveracea],764,0.004,non-degrader
RKU41865.1 C-8 sterol isomerase [Coniochaeta pulveracea],260,0.004,non-degrader
RKU41861.1 rRNA-processing protein fcf1 [Coniochaeta pulveracea],197,0.004,non-degrader
RKU41776.1 RNA recognition motif-containing protein [Coniochaeta pulveracea],776,0.004,non-degrader
RKU41749.1 hypothetical protein DL546_001220 [Coniochaeta pulveracea],393,0.004,non-degrader
RKU41588.1 hypothetical protein DL546_005147 [Coniochaeta pulveracea],426,0.004,non-degrader
RKU41483.1 hypothetical protein DL546_004800 [Coniochaeta pulveracea],3086,0.004,non-degrader
RKU41347.1 hypothetical protein DL546_000538 [Coniochaeta pulveracea],261,0.004,non-degrader
RKU41264.1 TRAPP subunit [Coniochaeta pulveracea],164,0.004,non-degrader
RKU41193.1 hypothetical protein DL546_002057 [Coniochaeta pulveracea],460,0.004,non-degrader
RKU41157.1 hypothetical protein DL546_002962 [Coniochaeta pulveracea],696,0.004,non-degrader
RKU41119.1 hypothetical protein DL546_003424 [Coniochaeta pulveracea],520,0.004,non-degrader
RKU41057.1 hypothetical protein DL546_000975 [Coniochaeta pulveracea],700,0.004,non-degrader
RKU40941.1 hypothetical protein DL546_003814 [Coniochaeta pulveracea],939,0.004,non-degrader
RKU40593.1 hypothetical protein DL546_003283 [Coniochaeta pulveracea],83,0.004,non-degrader
RKU40540.1 hypothetical protein DL546_001906 [Coniochaeta pulveracea],1012,0.004,non-degrader
RKU40283.1 ATPase-activating ribosome biosynthesis protein [Coniochaeta pulveracea],222,0.004,non-degrader
RKU40254.1 hypothetical protein DL546_000606 [Coniochaeta pulveracea],483,0.004,non-degrader
RKU40101.1 hypothetical protein DL546_002112 [Coniochaeta pulveracea],481,0.004,non-degrader
RKU40066.1 hypothetical protein DL546_001428 [Coniochaeta pulveracea],857,0.004,non-degrader
RKU39955.1 hypothetical protein DL546_001331 [Coniochaeta pulveracea],182,0.004,non-degrader
RKU39939.1 hypothetical protein DL546_000971 [Coniochaeta pulveracea],250,0.004,non-degrader
RKU39863.1 hypothetical protein DL546_000565 [Coniochaeta pulveracea],925,0.004,non-degrader
RKU39856.1 hypothetical protein DL546_001371 [Coniochaeta pulveracea],421,0.004,non-degrader
RKU39757.1 hypothetical protein DL546_000185 [Coniochaeta pulveracea],1205,0.004,non-degrader
RKU49670.1 hypothetical protein DL546_009778 [Coniochaeta pulveracea],191,0.0039,non-degrader
RKU49590.1 Cytochrome b-c1 complex subunit 7 [Coniochaeta pulveracea],121,0.0039,non-degrader
RKU49534.1 hypothetical protein DL546_009017 [Coniochaeta pulveracea],698,0.0039,non-degrader
RKU49520.1 hypothetical protein DL546_008855 [Coniochaeta pulveracea],483,0.0039,non-degrader
RKU49233.1 peroxisomal membrane protein PEX30 [Coniochaeta pulveracea],703,0.0039,non-degrader
RKU49227.1 hypothetical protein DL546_009313 [Coniochaeta pulveracea],517,0.0039,non-degrader
RKU49163.1 hypothetical protein DL546_008527 [Coniochaeta pulveracea],954,0.0039,non-degrader
RKU49137.1 hypothetical protein DL546_007984 [Coniochaeta pulveracea],1780,0.0039,non-degrader
RKU48899.1 hypothetical protein DL546_008739 [Coniochaeta pulveracea],825,0.0039,non-degrader
RKU48866.1 Pre-mRNA-splicing factor cef1 [Coniochaeta pulveracea],782,0.0039,non-degrader
RKU48831.1 hypothetical protein DL546_007173 [Coniochaeta pulveracea],494,0.0039,non-degrader
RKU48703.1 Intermediate filament protein [Coniochaeta pulveracea],1270,0.0039,non-degrader
RKU48624.1 hypothetical protein DL546_008914 [Coniochaeta pulveracea],550,0.0039,non-degrader
RKU48229.1 hypothetical protein DL546_003372 [Coniochaeta pulveracea],845,0.0039,non-degrader
RKU48185.1 hypothetical protein DL546_009498 [Coniochaeta pulveracea],605,0.0039,non-degrader
RKU48134.1 prephenate dehydrogenase (NADP(+)) [Coniochaeta pulveracea],442,0.0039,non-degrader
RKU48124.1 hypothetical protein DL546_009064 [Coniochaeta pulveracea],217,0.0039,non-degrader
RKU48094.1 DNA-directed RNA polymerase I subunit rpa49 [Coniochaeta pulveracea],444,0.0039,non-degrader
RKU47951.1 hypothetical protein DL546_001810 [Coniochaeta pulveracea],318,0.0039,non-degrader
RKU47930.1 hypothetical protein DL546_009372 [Coniochaeta pulveracea],765,0.0039,non-degrader
RKU47851.1 hypothetical protein DL546_008406 [Coniochaeta pulveracea],315,0.0039,non-degrader
RKU47800.1 hypothetical protein DL546_007263 [Coniochaeta pulveracea],160,0.0039,non-degrader
RKU47620.1 Guanine nucleotide-binding protein alpha-2 subunit [Coniochaeta pulveracea],355,0.0039,non-degrader
RKU47600.1 hypothetical protein DL546_007904 [Coniochaeta pulveracea],574,0.0039,non-degrader
RKU47553.1 hypothetical protein DL546_006545 [Coniochaeta pulveracea],508,0.0039,non-degrader
RKU47548.1 hypothetical protein DL546_006369 [Coniochaeta pulveracea],501,0.0039,non-degrader
RKU47446.1 hypothetical protein DL546_008909 [Coniochaeta pulveracea],575,0.0039,non-degrader
RKU47414.1 hypothetical protein DL546_008019 [Coniochaeta pulveracea],811,0.0039,non-degrader
RKU47381.1 kinetochore-associated Ndc80 complex subunit spc25 [Coniochaeta pulveracea],253,0.0039,non-degrader
RKU47307.1 hypothetical protein DL546_001156 [Coniochaeta pulveracea],159,0.0039,non-degrader
RKU47278.1 hypothetical protein DL546_009112 [Coniochaeta pulveracea],650,0.0039,non-degrader
RKU47252.1 hypothetical protein DL546_008849 [Coniochaeta pulveracea],382,0.0039,non-degrader
RKU47075.1 hypothetical protein DL546_009146 [Coniochaeta pulveracea],579,0.0039,non-degrader
RKU47074.1 hypothetical protein DL546_009136 [Coniochaeta pulveracea],380,0.0039,non-degrader
RKU47053.1 hypothetical protein DL546_008808 [Coniochaeta pulveracea],197,0.0039,non-degrader
RKU46827.1 hypothetical protein DL546_007868 [Coniochaeta pulveracea],662,0.0039,non-degrader
RKU46776.1 RNA helicase [Coniochaeta pulveracea],804,0.0039,non-degrader
RKU46744.1 hypothetical protein DL546_003738 [Coniochaeta pulveracea],854,0.0039,non-degrader
RKU46657.1 hypothetical protein DL546_008102 [Coniochaeta pulveracea],340,0.0039,non-degrader
RKU46480.1 hypothetical protein DL546_008048 [Coniochaeta pulveracea],384,0.0039,non-degrader
RKU46469.1 8-oxoguanine glycosylase ogg1 [Coniochaeta pulveracea],434,0.0039,non-degrader
RKU46368.1 hypothetical protein DL546_003215 [Coniochaeta pulveracea],138,0.0039,non-degrader
RKU46291.1 hypothetical protein DL546_007432 [Coniochaeta pulveracea],196,0.0039,non-degrader
RKU46198.1 mitochondrial import inner membrane translocase subunit tim21 [Coniochaeta pulveracea],227,0.0039,non-degrader
RKU45943.1 Palmitoyl-protein thioesterase 1 [Coniochaeta pulveracea],479,0.0039,non-degrader
RKU45868.1 DASH complex subunit dad4 [Coniochaeta pulveracea],91,0.0039,non-degrader
RKU45462.1 hypothetical protein DL546_007817 [Coniochaeta pulveracea],311,0.0039,non-degrader
RKU45388.1 hypothetical protein DL546_004117 [Coniochaeta pulveracea],161,0.0039,non-degrader
RKU45151.1 hypothetical protein DL546_005666 [Coniochaeta pulveracea],560,0.0039,non-degrader
RKU45039.1 hypothetical protein DL546_005547 [Coniochaeta pulveracea],125,0.0039,non-degrader
RKU45005.1 hypothetical protein DL546_002770 [Coniochaeta pulveracea],577,0.0039,non-degrader
RKU44990.1 hypothetical protein DL546_007623 [Coniochaeta pulveracea],186,0.0039,non-degrader
RKU44959.1 Ornithine decarboxylase [Coniochaeta pulveracea],481,0.0039,non-degrader
RKU44928.1 hypothetical protein DL546_004160 [Coniochaeta pulveracea],564,0.0039,non-degrader
RKU44793.1 hypothetical protein DL546_007503 [Coniochaeta pulveracea],574,0.0039,non-degrader
RKU44737.1 hypothetical protein DL546_007627 [Coniochaeta pulveracea],563,0.0039,non-degrader
RKU44636.1 hypothetical protein DL546_007445 [Coniochaeta pulveracea],263,0.0039,non-degrader
RKU44499.1 Phosphatidylinositol-4-phosphate 5-kinase [Coniochaeta pulveracea],1003,0.0039,non-degrader
RKU44406.1 hypothetical protein DL546_005884 [Coniochaeta pulveracea],458,0.0039,non-degrader
RKU44284.1 hypothetical protein DL546_002260 [Coniochaeta pulveracea],530,0.0039,non-degrader
RKU44241.1 hypothetical protein DL546_006380 [Coniochaeta pulveracea],554,0.0039,non-degrader
RKU44193.1 hypothetical protein DL546_001083 [Coniochaeta pulveracea],529,0.0039,non-degrader
RKU44168.1 hypothetical protein DL546_006465 [Coniochaeta pulveracea],878,0.0039,non-degrader
RKU44104.1 DNA helicase rad5 [Coniochaeta pulveracea],1139,0.0039,non-degrader
RKU44047.1 hypothetical protein DL546_005682 [Coniochaeta pulveracea],267,0.0039,non-degrader
RKU43838.1 hypothetical protein DL546_001210 [Coniochaeta pulveracea],924,0.0039,non-degrader
RKU43614.1 RNA polymerase II mediator complex subunit [Coniochaeta pulveracea],700,0.0039,non-degrader
RKU43530.1 hypothetical protein DL546_006791 [Coniochaeta pulveracea],286,0.0039,non-degrader
RKU43404.1 Factor arrest protein 11 [Coniochaeta pulveracea],1039,0.0039,non-degrader
RKU43331.1 plasma membrane fusion protein prm1 [Coniochaeta pulveracea],742,0.0039,non-degrader
RKU43150.1 hypothetical protein DL546_002427 [Coniochaeta pulveracea],95,0.0039,non-degrader
RKU42703.1 hypothetical protein DL546_006304 [Coniochaeta pulveracea],1072,0.0039,non-degrader
RKU42681.1 Vacuolar ATP synthase subunit C [Coniochaeta pulveracea],399,0.0039,non-degrader
RKU42454.1 neutral amino acid transporter [Coniochaeta pulveracea],761,0.0039,non-degrader
RKU42242.1 hypothetical protein DL546_002829 [Coniochaeta pulveracea],573,0.0039,non-degrader
RKU42224.1 hypothetical protein DL546_001200 [Coniochaeta pulveracea],262,0.0039,non-degrader
RKU42206.1 hypothetical protein DL546_005348 [Coniochaeta pulveracea],451,0.0039,non-degrader
RKU42163.1 histidinol-phosphate transaminase [Coniochaeta pulveracea],423,0.0039,non-degrader
RKU42119.1 Proteasome subunit beta type-5 [Coniochaeta pulveracea],287,0.0039,non-degrader
RKU42102.1 hypothetical protein DL546_001611 [Coniochaeta pulveracea],429,0.0039,non-degrader
RKU42036.1 hypothetical protein DL546_000186 [Coniochaeta pulveracea],1428,0.0039,non-degrader
RKU41811.1 hypothetical protein DL546_002877 [Coniochaeta pulveracea],562,0.0039,non-degrader
RKU41728.1 Cysteine protease atg4 [Coniochaeta pulveracea],491,0.0039,non-degrader
RKU41492.1 hypothetical protein DL546_000772 [Coniochaeta pulveracea],1023,0.0039,non-degrader
RKU41479.1 hypothetical protein DL546_004438 [Coniochaeta pulveracea],652,0.0039,non-degrader
RKU41405.1 hypothetical protein DL546_002032 [Coniochaeta pulveracea],170,0.0039,non-degrader
RKU41319.1 hypothetical protein DL546_004540 [Coniochaeta pulveracea],442,0.0039,non-degrader
RKU41158.1 Oxysterol binding protein [Coniochaeta pulveracea],414,0.0039,non-degrader
RKU41151.1 hypothetical protein DL546_002591 [Coniochaeta pulveracea],168,0.0039,non-degrader
RKU41148.1 hypothetical protein DL546_002209 [Coniochaeta pulveracea],598,0.0039,non-degrader
RKU41011.1 hypothetical protein DL546_000461 [Coniochaeta pulveracea],378,0.0039,non-degrader
RKU40717.1 hypothetical protein DL546_000726 [Coniochaeta pulveracea],1028,0.0039,non-degrader
RKU40652.1 hypothetical protein DL546_000867 [Coniochaeta pulveracea],1518,0.0039,non-degrader
RKU40566.1 DNA mismatch repair ATPase msh1 [Coniochaeta pulveracea],1029,0.0039,non-degrader
RKU40529.1 hypothetical protein DL546_000368 [Coniochaeta pulveracea],389,0.0039,non-degrader
RKU40503.1 hypothetical protein DL546_003012 [Coniochaeta pulveracea],938,0.0039,non-degrader
RKU40437.1 hypothetical protein DL546_002819 [Coniochaeta pulveracea],222,0.0039,non-degrader
RKU40371.1 hypothetical protein DL546_002609 [Coniochaeta pulveracea],1069,0.0039,non-degrader
RKU40285.1 hypothetical protein DL546_000886 [Coniochaeta pulveracea],466,0.0039,non-degrader
RKU40235.1 hypothetical protein DL546_000381 [Coniochaeta pulveracea],233,0.0039,non-degrader
RKU40118.1 Phospho-2-dehydro-3-deoxyheptonate aldolase [Coniochaeta pulveracea],378,0.0039,non-degrader
RKU40030.1 hypothetical protein DL546_001281 [Coniochaeta pulveracea],187,0.0039,non-degrader
RKU39911.1 hypothetical protein DL546_001692 [Coniochaeta pulveracea],466,0.0039,non-degrader
RKU49650.1 vesicle coat component [Coniochaeta pulveracea],220,0.0038,non-degrader
RKU49561.1 hypothetical protein DL546_009277 [Coniochaeta pulveracea],422,0.0038,non-degrader
RKU49537.1 Vacuolar protein sorting-associated protein 62 [Coniochaeta pulveracea],540,0.0038,non-degrader
RKU49455.1 hypothetical protein DL546_007644 [Coniochaeta pulveracea],592,0.0038,non-degrader
RKU49369.1 gamma-tubulin [Coniochaeta pulveracea],462,0.0038,non-degrader
RKU49270.1 hypothetical protein DL546_009709 [Coniochaeta pulveracea],90,0.0038,non-degrader
RKU49203.1 hypothetical protein DL546_009076 [Coniochaeta pulveracea],510,0.0038,non-degrader
RKU49158.1 hypothetical protein DL546_008426 [Coniochaeta pulveracea],881,0.0038,non-degrader
RKU49101.1 Tripartite DNA replication factor [Coniochaeta pulveracea],1641,0.0038,non-degrader
RKU49081.1 Cell differentiation protein rcd1 [Coniochaeta pulveracea],354,0.0038,non-degrader
RKU48957.1 hypothetical protein DL546_009409 [Coniochaeta pulveracea],1266,0.0038,non-degrader
RKU48921.1 hypothetical protein DL546_009053 [Coniochaeta pulveracea],873,0.0038,non-degrader
RKU48689.1 hypothetical protein DL546_009518 [Coniochaeta pulveracea],865,0.0038,non-degrader
RKU48492.1 MAPK-activated protein kinase Srk1 [Coniochaeta pulveracea],624,0.0038,non-degrader
RKU48450.1 mediator of RNA polymerase II transcription subunit 8 [Coniochaeta pulveracea],304,0.0038,non-degrader
RKU48434.1 Restriction of telomere capping protein 5 [Coniochaeta pulveracea],634,0.0038,non-degrader
RKU48418.1 hypothetical protein DL546_009541 [Coniochaeta pulveracea],971,0.0038,non-degrader
"RKU48192.1 Glycine--tRNA ligase 1, mitochondrial [Coniochaeta pulveracea]",726,0.0038,non-degrader
RKU48143.1 copper chaperone [Coniochaeta pulveracea],273,0.0038,non-degrader
RKU48018.1 hypothetical protein DL546_006976 [Coniochaeta pulveracea],380,0.0038,non-degrader
RKU47915.1 hypothetical protein DL546_009241 [Coniochaeta pulveracea],733,0.0038,non-degrader
RKU47833.1 hypothetical protein DL546_008011 [Coniochaeta pulveracea],231,0.0038,non-degrader
RKU47684.1 hypothetical protein DL546_009209 [Coniochaeta pulveracea],236,0.0038,non-degrader
RKU47658.1 hypothetical protein DL546_008930 [Coniochaeta pulveracea],525,0.0038,non-degrader
RKU47628.1 hypothetical protein DL546_008476 [Coniochaeta pulveracea],771,0.0038,non-degrader
RKU47593.1 hypothetical protein DL546_007768 [Coniochaeta pulveracea],474,0.0038,non-degrader
RKU47503.1 hypothetical protein DL546_003240 [Coniochaeta pulveracea],1203,0.0038,non-degrader
RKU47479.1 hypothetical protein DL546_000839 [Coniochaeta pulveracea],397,0.0038,non-degrader
RKU47395.1 Vacuolar protein sorting-associated protein 20 [Coniochaeta pulveracea],207,0.0038,non-degrader
RKU47378.1 hypothetical protein DL546_006796 [Coniochaeta pulveracea],789,0.0038,non-degrader
RKU47372.1 hypothetical protein DL546_006584 [Coniochaeta pulveracea],161,0.0038,non-degrader
RKU47041.1 hypothetical protein DL546_008652 [Coniochaeta pulveracea],540,0.0038,non-degrader
RKU46978.1 hypothetical protein DL546_006975 [Coniochaeta pulveracea],700,0.0038,non-degrader
RKU46908.1 hypothetical protein DL546_002249 [Coniochaeta pulveracea],728,0.0038,non-degrader
RKU46655.1 hypothetical protein DL546_008055 [Coniochaeta pulveracea],547,0.0038,non-degrader
RKU46628.1 cytoplasmic RNA-binding protein [Coniochaeta pulveracea],119,0.0038,non-degrader
RKU46575.1 hypothetical protein DL546_004592 [Coniochaeta pulveracea],148,0.0038,non-degrader
RKU46555.1 hypothetical protein DL546_002452 [Coniochaeta pulveracea],640,0.0038,non-degrader
RKU46448.1 hypothetical protein DL546_007010 [Coniochaeta pulveracea],969,0.0038,non-degrader
RKU46179.1 hypothetical protein DL546_008495 [Coniochaeta pulveracea],213,0.0038,non-degrader
RKU46093.1 hypothetical protein DL546_005227 [Coniochaeta pulveracea],378,0.0038,non-degrader
RKU46031.1 hypothetical protein DL546_008616 [Coniochaeta pulveracea],206,0.0038,non-degrader
RKU46030.1 hypothetical protein DL546_008603 [Coniochaeta pulveracea],394,0.0038,non-degrader
RKU45896.1 hypothetical protein DL546_008446 [Coniochaeta pulveracea],597,0.0038,non-degrader
RKU45750.1 hypothetical protein DL546_008338 [Coniochaeta pulveracea],306,0.0038,non-degrader
RKU45648.1 hypothetical protein DL546_003203 [Coniochaeta pulveracea],599,0.0038,non-degrader
RKU45617.1 hypothetical protein DL546_008303 [Coniochaeta pulveracea],719,0.0038,non-degrader
RKU45504.1 hypothetical protein DL546_001067 [Coniochaeta pulveracea],2651,0.0038,non-degrader
RKU45346.1 MutS protein msh4 [Coniochaeta pulveracea],331,0.0038,non-degrader
RKU45297.1 hypothetical protein DL546_006625 [Coniochaeta pulveracea],437,0.0038,non-degrader
RKU45146.1 Mg(2+) transporter [Coniochaeta pulveracea],626,0.0038,non-degrader
RKU45133.1 Cytoplasmic and mitochondrial histidine tRNA synthetase [Coniochaeta pulveracea],509,0.0038,non-degrader
RKU45026.1 exocyst subunit [Coniochaeta pulveracea],1089,0.0038,non-degrader
RKU44830.1 hypothetical protein DL546_003874 [Coniochaeta pulveracea],435,0.0038,non-degrader
RKU44724.1 hypothetical protein DL546_007170 [Coniochaeta pulveracea],380,0.0038,non-degrader
RKU44705.1 hypothetical protein DL546_006434 [Coniochaeta pulveracea],402,0.0038,non-degrader
RKU44671.1 hypothetical protein DL546_003891 [Coniochaeta pulveracea],641,0.0038,non-degrader
RKU44492.1 hypothetical protein DL546_004782 [Coniochaeta pulveracea],109,0.0038,non-degrader
RKU44470.1 hypothetical protein DL546_002672 [Coniochaeta pulveracea],297,0.0038,non-degrader
RKU44459.1 hypothetical protein DL546_001517 [Coniochaeta pulveracea],510,0.0038,non-degrader
RKU44391.1 hypothetical protein DL546_004437 [Coniochaeta pulveracea],706,0.0038,non-degrader
RKU44384.1 hypothetical protein DL546_003656 [Coniochaeta pulveracea],430,0.0038,non-degrader
RKU44339.1 hypothetical protein DL546_006850 [Coniochaeta pulveracea],391,0.0038,non-degrader
RKU44149.1 hypothetical protein DL546_005293 [Coniochaeta pulveracea],274,0.0038,non-degrader
RKU43900.1 hypothetical protein DL546_006626 [Coniochaeta pulveracea],377,0.0038,non-degrader
RKU43790.1 hypothetical protein DL546_005252 [Coniochaeta pulveracea],97,0.0038,non-degrader
RKU43734.1 hypothetical protein DL546_005450 [Coniochaeta pulveracea],604,0.0038,non-degrader
RKU43688.1 hypothetical protein DL546_000905 [Coniochaeta pulveracea],493,0.0038,non-degrader
RKU43645.1 hypothetical protein DL546_005291 [Coniochaeta pulveracea],2411,0.0038,non-degrader
RKU43629.1 hypothetical protein DL546_003833 [Coniochaeta pulveracea],690,0.0038,non-degrader
RKU42973.1 hypothetical protein DL546_006524 [Coniochaeta pulveracea],238,0.0038,non-degrader
RKU42748.1 hypothetical protein DL546_005783 [Coniochaeta pulveracea],483,0.0038,non-degrader
RKU42739.1 deoxycytidyl transferase [Coniochaeta pulveracea],1161,0.0038,non-degrader
RKU42729.1 hypothetical protein DL546_004444 [Coniochaeta pulveracea],64,0.0038,non-degrader
RKU42685.1 small ubiquitin-related modifier 3 [Coniochaeta pulveracea],121,0.0038,non-degrader
RKU42548.1 hypothetical protein DL546_005776 [Coniochaeta pulveracea],1439,0.0038,non-degrader
RKU42451.1 hypothetical protein DL546_003309 [Coniochaeta pulveracea],504,0.0038,non-degrader
RKU42316.1 E2-like conjugating enzyme atg10 [Coniochaeta pulveracea],204,0.0038,non-degrader
RKU42302.1 hypothetical protein DL546_002495 [Coniochaeta pulveracea],684,0.0038,non-degrader
RKU42287.1 Vacuolar protein sorting-associated protein 26 [Coniochaeta pulveracea],318,0.0038,non-degrader
RKU42065.1 hypothetical protein DL546_003547 [Coniochaeta pulveracea],1180,0.0038,non-degrader
RKU41965.1 hypothetical protein DL546_005598 [Coniochaeta pulveracea],366,0.0038,non-degrader
RKU41910.1 hypothetical protein DL546_005543 [Coniochaeta pulveracea],186,0.0038,non-degrader
RKU41768.1 hypothetical protein DL546_003267 [Coniochaeta pulveracea],344,0.0038,non-degrader
RKU41639.1 hypothetical protein DL546_001342 [Coniochaeta pulveracea],235,0.0038,non-degrader
RKU41633.1 hypothetical protein DL546_000871 [Coniochaeta pulveracea],986,0.0038,non-degrader
RKU41612.1 hypothetical protein DL546_002830 [Coniochaeta pulveracea],435,0.0038,non-degrader
RKU41459.1 hypothetical protein DL546_002749 [Coniochaeta pulveracea],253,0.0038,non-degrader
RKU41406.1 hypothetical protein DL546_002114 [Coniochaeta pulveracea],1178,0.0038,non-degrader
RKU41328.1 hypothetical protein DL546_003122 [Coniochaeta pulveracea],811,0.0038,non-degrader
RKU41231.1 Cytoplasmic GTPase/eEF2-like protein (ribosomal bioproteinsis) [Coniochaeta pulveracea],1072,0.0038,non-degrader
RKU41113.1 Rad2 nuclease [Coniochaeta pulveracea],795,0.0038,non-degrader
RKU40970.1 RNA-binding ATPase activator esf2 [Coniochaeta pulveracea],326,0.0038,non-degrader
RKU40951.1 hypothetical protein DL546_002231 [Coniochaeta pulveracea],418,0.0038,non-degrader
RKU40930.1 Upstream stimulatory factor 1 [Coniochaeta pulveracea],385,0.0038,non-degrader
RKU40831.1 hypothetical protein DL546_003150 [Coniochaeta pulveracea],532,0.0038,non-degrader
RKU40775.1 RNA polymerase II transcription factor B subunit 1 [Coniochaeta pulveracea],656,0.0038,non-degrader
RKU40678.1 hypothetical protein DL546_003764 [Coniochaeta pulveracea],369,0.0038,non-degrader
RKU40643.1 Inorganic pyrophosphatase [Coniochaeta pulveracea],392,0.0038,non-degrader
RKU40465.1 hypothetical protein DL546_002320 [Coniochaeta pulveracea],712,0.0038,non-degrader
RKU40326.1 DNA-directed DNA polymerase eta rad30 [Coniochaeta pulveracea],663,0.0038,non-degrader
RKU40312.1 hypothetical protein DL546_001820 [Coniochaeta pulveracea],664,0.0038,non-degrader
RKU40276.1 hypothetical protein DL546_002667 [Coniochaeta pulveracea],602,0.0038,non-degrader
RKU40095.1 TIM23 complex component [Coniochaeta pulveracea],248,0.0038,non-degrader
RKU39938.1 hypothetical protein DL546_000825 [Coniochaeta pulveracea],318,0.0038,non-degrader
RKU39928.1 hypothetical protein DL546_001403 [Coniochaeta pulveracea],332,0.0038,non-degrader
RKU39907.1 hypothetical protein DL546_001446 [Coniochaeta pulveracea],211,0.0038,non-degrader
RKU39823.1 hypothetical protein DL546_000991 [Coniochaeta pulveracea],614,0.0038,non-degrader
RKU39811.1 hypothetical protein DL546_000861 [Coniochaeta pulveracea],672,0.0038,non-degrader
RKU39796.1 hypothetical protein DL546_000319 [Coniochaeta pulveracea],426,0.0038,non-degrader
RKU49703.1 Ureidoglycolate lyase [Coniochaeta pulveracea],329,0.0037,non-degrader
RKU49325.1 hypothetical protein DL546_009846 [Coniochaeta pulveracea],153,0.0037,non-degrader
RKU49186.1 hypothetical protein DL546_008857 [Coniochaeta pulveracea],1047,0.0037,non-degrader
RKU49119.1 hypothetical protein DL546_007511 [Coniochaeta pulveracea],326,0.0037,non-degrader
RKU49067.1 hypothetical protein DL546_003136 [Coniochaeta pulveracea],230,0.0037,non-degrader
RKU49037.1 putative electron transfer flavoprotein subunit [Coniochaeta pulveracea],527,0.0037,non-degrader
RKU49006.1 hypothetical protein DL546_009671 [Coniochaeta pulveracea],1058,0.0037,non-degrader
RKU48977.1 3-oxoacyl-[acyl-carrier-protein] synthase [Coniochaeta pulveracea],1857,0.0037,non-degrader
RKU48952.1 hypothetical protein DL546_009381 [Coniochaeta pulveracea],139,0.0037,non-degrader
RKU48887.1 Vacuolar protein sorting-associated protein 17 [Coniochaeta pulveracea],612,0.0037,non-degrader
RKU48764.1 mitochondrial import inner membrane translocase subunit tim54 [Coniochaeta pulveracea],431,0.0037,non-degrader
RKU48685.1 hypothetical protein DL546_009506 [Coniochaeta pulveracea],295,0.0037,non-degrader
RKU48626.1 hypothetical protein DL546_008958 [Coniochaeta pulveracea],613,0.0037,non-degrader
RKU48575.1 hypothetical protein DL546_008245 [Coniochaeta pulveracea],940,0.0037,non-degrader
RKU48480.1 hypothetical protein DL546_004302 [Coniochaeta pulveracea],432,0.0037,non-degrader
RKU48425.1 hypothetical protein DL546_009583 [Coniochaeta pulveracea],804,0.0037,non-degrader
RKU48407.1 hypothetical protein DL546_009496 [Coniochaeta pulveracea],191,0.0037,non-degrader
RKU48346.1 Cyclin-dependent kinases regulatory subunit (Cell division control protein cks1) [Coniochaeta pulveracea],118,0.0037,non-degrader
RKU48207.1 kinesin-like protein Klp5 [Coniochaeta pulveracea],1052,0.0037,non-degrader
RKU48097.1 hypothetical protein DL546_008683 [Coniochaeta pulveracea],1052,0.0037,non-degrader
RKU48033.1 hypothetical protein DL546_007595 [Coniochaeta pulveracea],311,0.0037,non-degrader
RKU47668.1 hypothetical protein DL546_009039 [Coniochaeta pulveracea],689,0.0037,non-degrader
RKU47535.1 hypothetical protein DL546_005679 [Coniochaeta pulveracea],585,0.0037,non-degrader
RKU47219.1 hypothetical protein DL546_008353 [Coniochaeta pulveracea],1348,0.0037,non-degrader
RKU47078.1 hypothetical protein DL546_009181 [Coniochaeta pulveracea],149,0.0037,non-degrader
RKU47014.1 ATP-dependent RNA helicase dbp6 [Coniochaeta pulveracea],869,0.0037,non-degrader
RKU47006.1 hypothetical protein DL546_007908 [Coniochaeta pulveracea],642,0.0037,non-degrader
RKU46811.1 hypothetical protein DL546_007554 [Coniochaeta pulveracea],276,0.0037,non-degrader
RKU46780.1 Dicer-like protein 1 [Coniochaeta pulveracea],1616,0.0037,non-degrader
RKU46678.1 hypothetical protein DL546_008500 [Coniochaeta pulveracea],227,0.0037,non-degrader
RKU46302.1 hypothetical protein DL546_007805 [Coniochaeta pulveracea],263,0.0037,non-degrader
RKU46191.1 hypothetical protein DL546_008734 [Coniochaeta pulveracea],171,0.0037,non-degrader
RKU46143.1 mediator complex subunit [Coniochaeta pulveracea],1160,0.0037,non-degrader
RKU46108.1 Mitotic spindle checkpoint component mad3 [Coniochaeta pulveracea],1293,0.0037,non-degrader
"RKU46090.1 succinate dehydrogenase complex, subunit B [Coniochaeta pulveracea]",202,0.0037,non-degrader
RKU46044.1 hypothetical protein DL546_001195 [Coniochaeta pulveracea],558,0.0037,non-degrader
RKU45859.1 hypothetical protein DL546_007650 [Coniochaeta pulveracea],982,0.0037,non-degrader
RKU45772.1 ATP-dependent Lon protease pim1 [Coniochaeta pulveracea],1108,0.0037,non-degrader
RKU45693.1 hypothetical protein DL546_006610 [Coniochaeta pulveracea],394,0.0037,non-degrader
RKU45689.1 hypothetical protein DL546_006419 [Coniochaeta pulveracea],814,0.0037,non-degrader
RKU45676.1 serine/threonine-protein kinase bud32 [Coniochaeta pulveracea],294,0.0037,non-degrader
RKU45660.1 hypothetical protein DL546_004312 [Coniochaeta pulveracea],878,0.0037,non-degrader
RKU45607.1 hypothetical protein DL546_008058 [Coniochaeta pulveracea],409,0.0037,non-degrader
RKU45482.1 hypothetical protein DL546_008240 [Coniochaeta pulveracea],858,0.0037,non-degrader
RKU45419.1 suppressor of hpr1 [Coniochaeta pulveracea],127,0.0037,non-degrader
RKU45112.1 hypothetical protein DL546_002995 [Coniochaeta pulveracea],108,0.0037,non-degrader
RKU45094.1 mitochondrial 54S ribosomal protein mrpl1 [Coniochaeta pulveracea],303,0.0037,non-degrader
RKU45014.1 hypothetical protein DL546_003668 [Coniochaeta pulveracea],813,0.0037,non-degrader
RKU44920.1 hypothetical protein DL546_003504 [Coniochaeta pulveracea],405,0.0037,non-degrader
RKU44907.1 hypothetical protein DL546_002445 [Coniochaeta pulveracea],723,0.0037,non-degrader
RKU44881.1 hypothetical protein DL546_007369 [Coniochaeta pulveracea],651,0.0037,non-degrader
RKU44774.1 hypothetical protein DL546_006729 [Coniochaeta pulveracea],256,0.0037,non-degrader
RKU44694.1 hypothetical protein DL546_005814 [Coniochaeta pulveracea],653,0.0037,non-degrader
RKU44619.1 hypothetical protein DL546_006802 [Coniochaeta pulveracea],1301,0.0037,non-degrader
RKU44574.1 hypothetical protein DL546_004089 [Coniochaeta pulveracea],252,0.0037,non-degrader
RKU44425.1 hypothetical protein DL546_006912 [Coniochaeta pulveracea],462,0.0037,non-degrader
RKU44379.1 DNA N-glycosylase and apurinic/apyrimidinic (AP) lyase [Coniochaeta pulveracea],661,0.0037,non-degrader
RKU44368.1 hypothetical protein DL546_002056 [Coniochaeta pulveracea],684,0.0037,non-degrader
RKU44059.1 hypothetical protein DL546_006191 [Coniochaeta pulveracea],519,0.0037,non-degrader
RKU43967.1 hypothetical protein DL546_004650 [Coniochaeta pulveracea],824,0.0037,non-degrader
RKU43897.1 hypothetical protein DL546_006403 [Coniochaeta pulveracea],1788,0.0037,non-degrader
RKU43840.1 45 kDa subunit of RNA polymerase II [Coniochaeta pulveracea],409,0.0037,non-degrader
RKU43832.1 putative E3 ubiquitin-protein ligase [Coniochaeta pulveracea],1048,0.0037,non-degrader
RKU43605.1 hypothetical protein DL546_000146 [Coniochaeta pulveracea],303,0.0037,non-degrader
RKU43602.1 hypothetical protein DL546_006863 [Coniochaeta pulveracea],881,0.0037,non-degrader
RKU43576.1 DNA-directed DNA polymerase alpha catalytic subunit pol1 [Coniochaeta pulveracea],1481,0.0037,non-degrader
RKU43492.1 hypothetical protein DL546_003776 [Coniochaeta pulveracea],456,0.0037,non-degrader
RKU43401.1 hypothetical protein DL546_002771 [Coniochaeta pulveracea],246,0.0037,non-degrader
RKU43349.1 Diphthamide biosynthesis protein 1 [Coniochaeta pulveracea],449,0.0037,non-degrader
RKU43215.1 hypothetical protein DL546_000555 [Coniochaeta pulveracea],690,0.0037,non-degrader
RKU43082.1 hypothetical protein DL546_002324 [Coniochaeta pulveracea],270,0.0037,non-degrader
RKU42940.1 hypothetical protein DL546_004702 [Coniochaeta pulveracea],459,0.0037,non-degrader
RKU42840.1 hypothetical protein DL546_001465 [Coniochaeta pulveracea],698,0.0037,non-degrader
RKU42819.1 hypothetical protein DL546_005907 [Coniochaeta pulveracea],694,0.0037,non-degrader
RKU42809.1 hypothetical protein DL546_005048 [Coniochaeta pulveracea],850,0.0037,non-degrader
"RKU42768.1 nuclear protein localization protein 4, variant 3 [Coniochaeta pulveracea]",572,0.0037,non-degrader
RKU42498.1 hypothetical protein DL546_001192 [Coniochaeta pulveracea],519,0.0037,non-degrader
RKU42442.1 hypothetical protein DL546_002622 [Coniochaeta pulveracea],122,0.0037,non-degrader
RKU42400.1 hypothetical protein DL546_004668 [Coniochaeta pulveracea],184,0.0037,non-degrader
RKU42265.1 hypothetical protein DL546_004991 [Coniochaeta pulveracea],165,0.0037,non-degrader
RKU42125.1 hypothetical protein DL546_003958 [Coniochaeta pulveracea],179,0.0037,non-degrader
RKU42105.1 ATP binding protein [Coniochaeta pulveracea],301,0.0037,non-degrader
RKU42045.1 translocase of outer mitochondrial membrane [Coniochaeta pulveracea],359,0.0037,non-degrader
RKU41970.1 hypothetical protein DL546_000331 [Coniochaeta pulveracea],974,0.0037,non-degrader
RKU41937.1 hypothetical protein DL546_003332 [Coniochaeta pulveracea],312,0.0037,non-degrader
RKU41906.1 tRNA splicing endonuclease subunit sen2 [Coniochaeta pulveracea],1232,0.0037,non-degrader
RKU41889.1 putative ATP-dependent RNA helicase DHR1 [Coniochaeta pulveracea],1186,0.0037,non-degrader
RKU41455.1 hypothetical protein DL546_002496 [Coniochaeta pulveracea],425,0.0037,non-degrader
RKU41407.1 hypothetical protein DL546_002114 [Coniochaeta pulveracea],1120,0.0037,non-degrader
RKU41342.1 hypothetical protein DL546_004533 [Coniochaeta pulveracea],947,0.0037,non-degrader
RKU41275.1 hypothetical protein DL546_000436 [Coniochaeta pulveracea],624,0.0037,non-degrader
RKU40945.1 hypothetical protein DL546_001608 [Coniochaeta pulveracea],357,0.0037,non-degrader
RKU40874.1 hypothetical protein DL546_000428 [Coniochaeta pulveracea],689,0.0037,non-degrader
RKU40719.1 hypothetical protein DL546_000973 [Coniochaeta pulveracea],214,0.0037,non-degrader
RKU40558.1 hypothetical protein DL546_003475 [Coniochaeta pulveracea],286,0.0037,non-degrader
RKU40485.1 hypothetical protein DL546_000985 [Coniochaeta pulveracea],1391,0.0037,non-degrader
RKU40389.1 Translation machinery-associated protein 22 [Coniochaeta pulveracea],200,0.0037,non-degrader
RKU40384.1 Nitrogen permease regulator 3 [Coniochaeta pulveracea],852,0.0037,non-degrader
RKU40209.1 transport protein particle 22 kDa subunit [Coniochaeta pulveracea],192,0.0037,non-degrader
RKU40074.1 DNA ligase (ATP) [Coniochaeta pulveracea],1000,0.0037,non-degrader
RKU40057.1 hypothetical protein DL546_000116 [Coniochaeta pulveracea],284,0.0037,non-degrader
RKU39841.1 hypothetical protein DL546_000174 [Coniochaeta pulveracea],325,0.0037,non-degrader
RKU49662.1 swr complex subunit [Coniochaeta pulveracea],618,0.0036,non-degrader
RKU49531.1 hypothetical protein DL546_008966 [Coniochaeta pulveracea],87,0.0036,non-degrader
RKU49504.1 hypothetical protein DL546_008545 [Coniochaeta pulveracea],1731,0.0036,non-degrader
RKU49457.1 hypothetical protein DL546_007644 [Coniochaeta pulveracea],487,0.0036,non-degrader
RKU49378.1 hypothetical protein DL546_002804 [Coniochaeta pulveracea],1120,0.0036,non-degrader
RKU49365.1 hypothetical protein DL546_001492 [Coniochaeta pulveracea],386,0.0036,non-degrader
RKU49329.1 CAAX farnesyltransferase (FTase) subunit beta [Coniochaeta pulveracea],513,0.0036,non-degrader
RKU49234.1 peroxisomal membrane protein PEX30 [Coniochaeta pulveracea],716,0.0036,non-degrader
RKU48913.1 hypothetical protein DL546_008939 [Coniochaeta pulveracea],1074,0.0036,non-degrader
RKU48847.1 hypothetical protein DL546_007599 [Coniochaeta pulveracea],272,0.0036,non-degrader
RKU48812.1 hypothetical protein DL546_006532 [Coniochaeta pulveracea],192,0.0036,non-degrader
RKU48749.1 hypothetical protein DL546_002086 [Coniochaeta pulveracea],680,0.0036,non-degrader
RKU48735.1 hypothetical protein DL546_000603 [Coniochaeta pulveracea],489,0.0036,non-degrader
RKU48510.1 hypothetical protein DL546_006256 [Coniochaeta pulveracea],630,0.0036,non-degrader
RKU48317.1 hypothetical protein DL546_008100 [Coniochaeta pulveracea],410,0.0036,non-degrader
RKU48252.1 trifunctional histidinol dehydrogenase [Coniochaeta pulveracea],873,0.0036,non-degrader
RKU48156.1 hypothetical protein DL546_009339 [Coniochaeta pulveracea],546,0.0036,non-degrader
"RKU48135.1 prephenate dehydrogenase (NADP(+)), variant 2 [Coniochaeta pulveracea]",401,0.0036,non-degrader
RKU48109.1 hypothetical protein DL546_008883 [Coniochaeta pulveracea],1062,0.0036,non-degrader
RKU47897.1 hypothetical protein DL546_009006 [Coniochaeta pulveracea],551,0.0036,non-degrader
RKU47793.1 hypothetical protein DL546_006943 [Coniochaeta pulveracea],292,0.0036,non-degrader
RKU47781.1 hypothetical protein DL546_006473 [Coniochaeta pulveracea],198,0.0036,non-degrader
RKU47687.1 putative zinc transporter msc2 [Coniochaeta pulveracea],531,0.0036,non-degrader
RKU47656.1 galactokinase [Coniochaeta pulveracea],575,0.0036,non-degrader
RKU47650.1 hypothetical protein DL546_008821 [Coniochaeta pulveracea],281,0.0036,non-degrader
RKU47645.1 RNA polymerase II C-terminal domain kinase beta subunit [Coniochaeta pulveracea],450,0.0036,non-degrader
RKU47482.1 hypothetical protein DL546_001212 [Coniochaeta pulveracea],218,0.0036,non-degrader
RKU47428.1 hypothetical protein DL546_008520 [Coniochaeta pulveracea],1486,0.0036,non-degrader
RKU47412.1 Allantoicase [Coniochaeta pulveracea],377,0.0036,non-degrader
RKU47373.1 hypothetical protein DL546_006591 [Coniochaeta pulveracea],264,0.0036,non-degrader
RKU47298.1 hypothetical protein DL546_009353 [Coniochaeta pulveracea],197,0.0036,non-degrader
RKU47169.1 hypothetical protein DL546_007334 [Coniochaeta pulveracea],151,0.0036,non-degrader
RKU47159.1 hypothetical protein DL546_006915 [Coniochaeta pulveracea],1011,0.0036,non-degrader
RKU47055.1 hypothetical protein DL546_008850 [Coniochaeta pulveracea],200,0.0036,non-degrader
RKU46959.1 hypothetical protein DL546_006214 [Coniochaeta pulveracea],927,0.0036,non-degrader
RKU46825.1 hypothetical protein DL546_007836 [Coniochaeta pulveracea],632,0.0036,non-degrader
RKU46785.1 hypothetical protein DL546_006598 [Coniochaeta pulveracea],470,0.0036,non-degrader
RKU46769.1 hypothetical protein DL546_005491 [Coniochaeta pulveracea],1161,0.0036,non-degrader
RKU46726.1 hypothetical protein DL546_001840 [Coniochaeta pulveracea],419,0.0036,non-degrader
RKU46710.1 hypothetical protein DL546_009033 [Coniochaeta pulveracea],88,0.0036,non-degrader
RKU46692.1 hypothetical protein DL546_008732 [Coniochaeta pulveracea],608,0.0036,non-degrader
RKU46665.1 hypothetical protein DL546_008275 [Coniochaeta pulveracea],705,0.0036,non-degrader
RKU46449.1 hypothetical protein DL546_007103 [Coniochaeta pulveracea],1157,0.0036,non-degrader
RKU46243.1 hypothetical protein DL546_005511 [Coniochaeta pulveracea],257,0.0036,non-degrader
"RKU46146.1 Glucose-6-phosphate 1-dehydrogenase, variant 3 [Coniochaeta pulveracea]",498,0.0036,non-degrader
RKU45995.1 hypothetical protein DL546_007447 [Coniochaeta pulveracea],1563,0.0036,non-degrader
RKU45857.1 25S rRNA (adenine(645)-N(1))-methyltransferase [Coniochaeta pulveracea],585,0.0036,non-degrader
RKU45784.1 hypothetical protein DL546_009911 [Coniochaeta pulveracea],595,0.0036,non-degrader
RKU45677.1 hypothetical protein DL546_005469 [Coniochaeta pulveracea],289,0.0036,non-degrader
RKU45653.1 phenylalanine--tRNA ligase subunit beta [Coniochaeta pulveracea],604,0.0036,non-degrader
RKU45610.1 hypothetical protein DL546_008137 [Coniochaeta pulveracea],745,0.0036,non-degrader
RKU45592.1 hypothetical protein DL546_007750 [Coniochaeta pulveracea],356,0.0036,non-degrader
RKU45483.1 Sir2 histone deacetylase Hst2 [Coniochaeta pulveracea],432,0.0036,non-degrader
RKU45453.1 hypothetical protein DL546_007578 [Coniochaeta pulveracea],339,0.0036,non-degrader
RKU45400.1 hypothetical protein DL546_004959 [Coniochaeta pulveracea],856,0.0036,non-degrader
RKU45046.1 centromere/microtubule-binding protein cbf5 [Coniochaeta pulveracea],479,0.0036,non-degrader
RKU45034.1 hypothetical protein DL546_005299 [Coniochaeta pulveracea],480,0.0036,non-degrader
RKU44985.1 hypothetical protein DL546_007481 [Coniochaeta pulveracea],449,0.0036,non-degrader
RKU44761.1 DNA mismatch repair protein [Coniochaeta pulveracea],947,0.0036,non-degrader
RKU44608.1 hypothetical protein DL546_006362 [Coniochaeta pulveracea],933,0.0036,non-degrader
RKU44606.1 hypothetical protein DL546_006285 [Coniochaeta pulveracea],340,0.0036,non-degrader
RKU44600.1 hypothetical protein DL546_006012 [Coniochaeta pulveracea],134,0.0036,non-degrader
RKU44325.1 hypothetical protein DL546_006359 [Coniochaeta pulveracea],535,0.0036,non-degrader
RKU44310.1 ATP-binding cassette transporter CGR1 [Coniochaeta pulveracea],360,0.0036,non-degrader
RKU44308.1 hypothetical protein DL546_004999 [Coniochaeta pulveracea],204,0.0036,non-degrader
RKU44267.1 hypothetical protein DL546_000091 [Coniochaeta pulveracea],416,0.0036,non-degrader
RKU44219.1 Serine/threonine-protein kinase tel1 [Coniochaeta pulveracea],2948,0.0036,non-degrader
RKU44129.1 hypothetical protein DL546_004107 [Coniochaeta pulveracea],397,0.0036,non-degrader
RKU44115.1 hypothetical protein DL546_002915 [Coniochaeta pulveracea],379,0.0036,non-degrader
RKU44102.1 hypothetical protein DL546_001577 [Coniochaeta pulveracea],808,0.0036,non-degrader
RKU44064.1 hypothetical protein DL546_006493 [Coniochaeta pulveracea],305,0.0036,non-degrader
RKU43910.1 hypothetical protein DL546_007015 [Coniochaeta pulveracea],176,0.0036,non-degrader
"RKU43834.1 putative E3 ubiquitin-protein ligase, variant 3 [Coniochaeta pulveracea]",944,0.0036,non-degrader
RKU43818.1 hypothetical protein DL546_006795 [Coniochaeta pulveracea],391,0.0036,non-degrader
RKU43499.1 hypothetical protein DL546_004092 [Coniochaeta pulveracea],756,0.0036,non-degrader
RKU43495.1 hypothetical protein DL546_003776 [Coniochaeta pulveracea],341,0.0036,non-degrader
RKU43451.1 hypothetical protein DL546_006538 [Coniochaeta pulveracea],831,0.0036,non-degrader
RKU43334.1 hypothetical protein DL546_004204 [Coniochaeta pulveracea],754,0.0036,non-degrader
RKU43324.1 tRNA-splicing endonuclease subunit sen54 [Coniochaeta pulveracea],492,0.0036,non-degrader
RKU43236.1 plasma membrane localization protein [Coniochaeta pulveracea],1170,0.0036,non-degrader
RKU42948.1 hypothetical protein DL546_005284 [Coniochaeta pulveracea],279,0.0036,non-degrader
RKU42832.1 hypothetical protein DL546_000259 [Coniochaeta pulveracea],350,0.0036,non-degrader
RKU42763.1 hypothetical protein DL546_000302 [Coniochaeta pulveracea],1136,0.0036,non-degrader
RKU42754.1 hypothetical protein DL546_006200 [Coniochaeta pulveracea],384,0.0036,non-degrader
RKU42516.1 hypothetical protein DL546_003708 [Coniochaeta pulveracea],220,0.0036,non-degrader
RKU42360.1 hypothetical protein DL546_000696 [Coniochaeta pulveracea],548,0.0036,non-degrader
RKU42248.1 hypothetical protein DL546_003439 [Coniochaeta pulveracea],1073,0.0036,non-degrader
RKU42208.1 hypothetical protein DL546_005531 [Coniochaeta pulveracea],519,0.0036,non-degrader
RKU42131.1 protein translocase subunit [Coniochaeta pulveracea],521,0.0036,non-degrader
RKU42043.1 hypothetical protein DL546_000984 [Coniochaeta pulveracea],156,0.0036,non-degrader
RKU41984.1 hypothetical protein DL546_002069 [Coniochaeta pulveracea],113,0.0036,non-degrader
RKU41867.1 exosome 3'-_5 exonuclease subunit ski4 (Csl4) [Coniochaeta pulveracea],307,0.0036,non-degrader
RKU41673.1 hypothetical protein DL546_004728 [Coniochaeta pulveracea],266,0.0036,non-degrader
RKU41525.1 hypothetical protein DL546_004731 [Coniochaeta pulveracea],965,0.0036,non-degrader
RKU41511.1 Bud site selection protein 6 [Coniochaeta pulveracea],1018,0.0036,non-degrader
RKU41431.1 hypothetical protein DL546_000133 [Coniochaeta pulveracea],864,0.0036,non-degrader
RKU41401.1 hypothetical protein DL546_001593 [Coniochaeta pulveracea],221,0.0036,non-degrader
RKU41370.1 Thymidylate synthase [Coniochaeta pulveracea],333,0.0036,non-degrader
RKU41341.1 tRNA (adenine-N(1)-)-methyltransferase catalytic subunit trm61 [Coniochaeta pulveracea],525,0.0036,non-degrader
RKU41141.1 hypothetical protein DL546_001425 [Coniochaeta pulveracea],660,0.0036,non-degrader
RKU41137.1 hypothetical protein DL546_000940 [Coniochaeta pulveracea],666,0.0036,non-degrader
RKU41105.1 hypothetical protein DL546_002029 [Coniochaeta pulveracea],805,0.0036,non-degrader
RKU41041.1 hypothetical protein DL546_003645 [Coniochaeta pulveracea],735,0.0036,non-degrader
RKU40923.1 hypothetical protein DL546_001655 [Coniochaeta pulveracea],512,0.0036,non-degrader
RKU40880.1 hypothetical protein DL546_001364 [Coniochaeta pulveracea],515,0.0036,non-degrader
RKU40746.1 hypothetical protein DL546_000222 [Coniochaeta pulveracea],135,0.0036,non-degrader
RKU40602.1 DNA-directed RNA polymerase core subunit rpc40 [Coniochaeta pulveracea],384,0.0036,non-degrader
RKU40555.1 hypothetical protein DL546_003224 [Coniochaeta pulveracea],672,0.0036,non-degrader
RKU40522.1 glutamate--ammonia ligase [Coniochaeta pulveracea],366,0.0036,non-degrader
RKU40348.1 hypothetical protein DL546_000393 [Coniochaeta pulveracea],619,0.0036,non-degrader
RKU40346.1 hypothetical protein DL546_000196 [Coniochaeta pulveracea],87,0.0036,non-degrader
RKU40233.1 Cell cycle serine/threonine-protein kinase cdc5/MSD2 [Coniochaeta pulveracea],1074,0.0036,non-degrader
RKU40065.1 hypothetical protein DL546_001105 [Coniochaeta pulveracea],346,0.0036,non-degrader
RKU39915.1 hypothetical protein DL546_000207 [Coniochaeta pulveracea],427,0.0036,non-degrader
RKU39885.1 hypothetical protein DL546_000518 [Coniochaeta pulveracea],387,0.0036,non-degrader
RKU39797.1 hypothetical protein DL546_000397 [Coniochaeta pulveracea],269,0.0036,non-degrader
RKU49700.1 hypothetical protein DL546_009844 [Coniochaeta pulveracea],1371,0.0035,non-degrader
RKU49395.1 hypothetical protein DL546_005080 [Coniochaeta pulveracea],558,0.0035,non-degrader
RKU49332.1 hypothetical protein DL546_009859 [Coniochaeta pulveracea],727,0.0035,non-degrader
RKU49318.1 hypothetical protein DL546_009837 [Coniochaeta pulveracea],580,0.0035,non-degrader
RKU49313.1 hypothetical protein DL546_009825 [Coniochaeta pulveracea],1142,0.0035,non-degrader
RKU49133.1 palmitoyltransferase swf1 [Coniochaeta pulveracea],434,0.0035,non-degrader
RKU49115.1 hypothetical protein DL546_007306 [Coniochaeta pulveracea],1077,0.0035,non-degrader
RKU49085.1 hypothetical protein DL546_004990 [Coniochaeta pulveracea],527,0.0035,non-degrader
RKU48944.1 Actin-like protein arp9 (SWI/SNF complex component arp9) [Coniochaeta pulveracea],685,0.0035,non-degrader
RKU48909.1 hypothetical protein DL546_008899 [Coniochaeta pulveracea],148,0.0035,non-degrader
RKU48876.1 hypothetical protein DL546_008310 [Coniochaeta pulveracea],1173,0.0035,non-degrader
RKU48763.1 hypothetical protein DL546_003573 [Coniochaeta pulveracea],291,0.0035,non-degrader
RKU48753.1 hypothetical protein DL546_002502 [Coniochaeta pulveracea],631,0.0035,non-degrader
RKU48738.1 hypothetical protein DL546_000910 [Coniochaeta pulveracea],434,0.0035,non-degrader
RKU48719.1 hypothetical protein DL546_009662 [Coniochaeta pulveracea],583,0.0035,non-degrader
RKU48647.1 hypothetical protein DL546_009235 [Coniochaeta pulveracea],604,0.0035,non-degrader
RKU48645.1 hypothetical protein DL546_009218 [Coniochaeta pulveracea],412,0.0035,non-degrader
RKU48597.1 hypothetical protein DL546_008572 [Coniochaeta pulveracea],548,0.0035,non-degrader
RKU48543.1 hypothetical protein DL546_007322 [Coniochaeta pulveracea],486,0.0035,non-degrader
RKU48490.1 hypothetical protein DL546_005097 [Coniochaeta pulveracea],538,0.0035,non-degrader
RKU48398.1 hypothetical protein DL546_009442 [Coniochaeta pulveracea],1123,0.0035,non-degrader
RKU48057.1 autophagy-related protein 17 [Coniochaeta pulveracea],503,0.0035,non-degrader
RKU47984.1 hypothetical protein DL546_004757 [Coniochaeta pulveracea],506,0.0035,non-degrader
RKU47972.1 hypothetical protein DL546_003884 [Coniochaeta pulveracea],671,0.0035,non-degrader
RKU47901.1 Intracellular distribution of mitochondria [Coniochaeta pulveracea],1283,0.0035,non-degrader
RKU47844.1 hypothetical protein DL546_008279 [Coniochaeta pulveracea],692,0.0035,non-degrader
RKU47817.1 hypothetical protein DL546_007705 [Coniochaeta pulveracea],740,0.0035,non-degrader
RKU47653.1 hypothetical protein DL546_008870 [Coniochaeta pulveracea],515,0.0035,non-degrader
RKU47584.1 sensitivity to high expression protein she9 [Coniochaeta pulveracea],480,0.0035,non-degrader
RKU47499.1 hypothetical protein DL546_002905 [Coniochaeta pulveracea],903,0.0035,non-degrader
RKU47489.1 hypothetical protein DL546_001964 [Coniochaeta pulveracea],526,0.0035,non-degrader
RKU47485.1 hypothetical protein DL546_001380 [Coniochaeta pulveracea],141,0.0035,non-degrader
RKU47369.1 hypothetical protein DL546_006344 [Coniochaeta pulveracea],423,0.0035,non-degrader
RKU47301.1 hypothetical protein DL546_000293 [Coniochaeta pulveracea],115,0.0035,non-degrader
RKU47291.1 hypothetical protein DL546_009258 [Coniochaeta pulveracea],428,0.0035,non-degrader
RKU47277.1 hypothetical protein DL546_009105 [Coniochaeta pulveracea],307,0.0035,non-degrader
RKU47160.1 hypothetical protein DL546_006971 [Coniochaeta pulveracea],278,0.0035,non-degrader
RKU46928.1 hypothetical protein DL546_004057 [Coniochaeta pulveracea],285,0.0035,non-degrader
RKU46755.1 hypothetical protein DL546_004604 [Coniochaeta pulveracea],508,0.0035,non-degrader
RKU46747.1 hypothetical protein DL546_004083 [Coniochaeta pulveracea],517,0.0035,non-degrader
RKU46732.1 hypothetical protein DL546_002447 [Coniochaeta pulveracea],538,0.0035,non-degrader
RKU46543.1 hypothetical protein DL546_001223 [Coniochaeta pulveracea],672,0.0035,non-degrader
RKU46400.1 hypothetical protein DL546_005355 [Coniochaeta pulveracea],419,0.0035,non-degrader
RKU46336.1 hypothetical protein DL546_008528 [Coniochaeta pulveracea],479,0.0035,non-degrader
RKU46201.1 RNA methyltransferase tRNA(m5U54)methyltransferase [Coniochaeta pulveracea],1170,0.0035,non-degrader
RKU46082.1 serine/threonine protein kinase psk1 [Coniochaeta pulveracea],558,0.0035,non-degrader
RKU45977.1 hypothetical protein DL546_006746 [Coniochaeta pulveracea],495,0.0035,non-degrader
RKU45952.1 hypothetical protein DL546_004790 [Coniochaeta pulveracea],1326,0.0035,non-degrader
RKU45924.1 hypothetical protein DL546_002637 [Coniochaeta pulveracea],1933,0.0035,non-degrader
RKU45796.1 hypothetical protein DL546_004663 [Coniochaeta pulveracea],795,0.0035,non-degrader
RKU45647.1 hypothetical protein DL546_003105 [Coniochaeta pulveracea],232,0.0035,non-degrader
RKU45635.1 hypothetical protein DL546_001325 [Coniochaeta pulveracea],334,0.0035,non-degrader
RKU45494.1 Rho GTPase protein rac1 [Coniochaeta pulveracea],199,0.0035,non-degrader
RKU45406.1 coatomer subunit gamma [Coniochaeta pulveracea],917,0.0035,non-degrader
RKU45294.1 hypothetical protein DL546_006527 [Coniochaeta pulveracea],337,0.0035,non-degrader
RKU45265.1 hypothetical protein DL546_004892 [Coniochaeta pulveracea],176,0.0035,non-degrader
"RKU45244.1 hexokinase A, variant 2 [Coniochaeta pulveracea]",514,0.0035,non-degrader
RKU45195.1 hypothetical protein DL546_007898 [Coniochaeta pulveracea],279,0.0035,non-degrader
RKU45108.1 hypothetical protein DL546_002332 [Coniochaeta pulveracea],752,0.0035,non-degrader
RKU45080.1 hypothetical protein DL546_007617 [Coniochaeta pulveracea],546,0.0035,non-degrader
RKU45029.1 hypothetical protein DL546_005027 [Coniochaeta pulveracea],79,0.0035,non-degrader
RKU44904.1 hypothetical protein DL546_002042 [Coniochaeta pulveracea],445,0.0035,non-degrader
RKU44895.1 hypothetical protein DL546_000876 [Coniochaeta pulveracea],739,0.0035,non-degrader
RKU44887.1 Ubiquitin-conjugating enzyme E2 8 [Coniochaeta pulveracea],194,0.0035,non-degrader
RKU44874.1 hypothetical protein DL546_007129 [Coniochaeta pulveracea],889,0.0035,non-degrader
RKU44857.1 hypothetical protein DL546_006099 [Coniochaeta pulveracea],723,0.0035,non-degrader
RKU44838.1 hypothetical protein DL546_004581 [Coniochaeta pulveracea],418,0.0035,non-degrader
RKU44730.1 hypothetical protein DL546_007389 [Coniochaeta pulveracea],535,0.0035,non-degrader
RKU44722.1 hypothetical protein DL546_007078 [Coniochaeta pulveracea],567,0.0035,non-degrader
RKU44718.1 hypothetical protein DL546_006930 [Coniochaeta pulveracea],366,0.0035,non-degrader
RKU44585.1 hypothetical protein DL546_004977 [Coniochaeta pulveracea],199,0.0035,non-degrader
RKU44582.1 autophagy protein 6 [Coniochaeta pulveracea],496,0.0035,non-degrader
RKU44473.1 hypothetical protein DL546_002909 [Coniochaeta pulveracea],130,0.0035,non-degrader
RKU44457.1 hypothetical protein DL546_001217 [Coniochaeta pulveracea],589,0.0035,non-degrader
RKU44333.1 hypothetical protein DL546_006649 [Coniochaeta pulveracea],170,0.0035,non-degrader
"RKU44328.1 Rab proteins geranylgeranyltransferase component A, variant 2 [Coniochaeta pulveracea]",346,0.0035,non-degrader
"RKU44293.1 6-phosphofructokinase, alpha subunit [Coniochaeta pulveracea]",810,0.0035,non-degrader
RKU44286.1 serine/threonine protein kinase [Coniochaeta pulveracea],369,0.0035,non-degrader
RKU44178.1 hypothetical protein DL546_006961 [Coniochaeta pulveracea],1013,0.0035,non-degrader
RKU44171.1 Rho GTPase [Coniochaeta pulveracea],194,0.0035,non-degrader
RKU44164.1 hypothetical protein DL546_006289 [Coniochaeta pulveracea],201,0.0035,non-degrader
RKU43933.1 hypothetical protein DL546_001875 [Coniochaeta pulveracea],318,0.0035,non-degrader
RKU43922.1 hypothetical protein DL546_000495 [Coniochaeta pulveracea],739,0.0035,non-degrader
RKU43859.1 hypothetical protein DL546_003599 [Coniochaeta pulveracea],318,0.0035,non-degrader
"RKU43679.1 Arp complex subunit, variant 3 [Coniochaeta pulveracea]",192,0.0035,non-degrader
RKU43621.1 serine/threonine-protein kinase M1 [Coniochaeta pulveracea],2413,0.0035,non-degrader
RKU43573.1 hypothetical protein DL546_004361 [Coniochaeta pulveracea],648,0.0035,non-degrader
RKU43544.1 adenosine kinase [Coniochaeta pulveracea],457,0.0035,non-degrader
RKU43417.1 Topoisomerase 1-associated factor 1 [Coniochaeta pulveracea],1197,0.0035,non-degrader
RKU43320.1 hypothetical protein DL546_003166 [Coniochaeta pulveracea],656,0.0035,non-degrader
RKU43272.1 hypothetical protein DL546_005728 [Coniochaeta pulveracea],152,0.0035,non-degrader
RKU43213.1 Rho GTPase [Coniochaeta pulveracea],205,0.0035,non-degrader
RKU43062.1 hypothetical protein DL546_000402 [Coniochaeta pulveracea],705,0.0035,non-degrader
RKU42812.1 casein kinase 2 regulatory subunit [Coniochaeta pulveracea],273,0.0035,non-degrader
"RKU42767.1 nuclear protein localization protein 4, variant 2 [Coniochaeta pulveracea]",521,0.0035,non-degrader
RKU42760.1 hypothetical protein DL546_006457 [Coniochaeta pulveracea],607,0.0035,non-degrader
RKU42544.1 hypothetical protein DL546_005587 [Coniochaeta pulveracea],262,0.0035,non-degrader
RKU42416.1 hypothetical protein DL546_005541 [Coniochaeta pulveracea],579,0.0035,non-degrader
RKU42335.1 hypothetical protein DL546_005347 [Coniochaeta pulveracea],104,0.0035,non-degrader
RKU42277.1 hypothetical protein DL546_009924 [Coniochaeta pulveracea],174,0.0035,non-degrader
RKU42236.1 polynucleotide adenylyltransferase [Coniochaeta pulveracea],667,0.0035,non-degrader
RKU42114.1 hypothetical protein DL546_002996 [Coniochaeta pulveracea],310,0.0035,non-degrader
RKU42092.1 hypothetical protein DL546_000051 [Coniochaeta pulveracea],1264,0.0035,non-degrader
RKU42083.1 hypothetical protein DL546_005096 [Coniochaeta pulveracea],520,0.0035,non-degrader
RKU42070.1 hypothetical protein DL546_004005 [Coniochaeta pulveracea],1395,0.0035,non-degrader
RKU41814.1 hypothetical protein DL546_003316 [Coniochaeta pulveracea],751,0.0035,non-degrader
RKU41775.1 hypothetical protein DL546_003686 [Coniochaeta pulveracea],1061,0.0035,non-degrader
RKU41716.1 hypothetical protein DL546_003766 [Coniochaeta pulveracea],351,0.0035,non-degrader
RKU41645.1 hypothetical protein DL546_002096 [Coniochaeta pulveracea],94,0.0035,non-degrader
RKU41581.1 hypothetical protein DL546_004532 [Coniochaeta pulveracea],157,0.0035,non-degrader
RKU41464.1 hypothetical protein DL546_003218 [Coniochaeta pulveracea],352,0.0035,non-degrader
RKU41355.1 hypothetical protein DL546_001862 [Coniochaeta pulveracea],284,0.0035,non-degrader
RKU41292.1 hypothetical protein DL546_002401 [Coniochaeta pulveracea],553,0.0035,non-degrader
RKU41250.1 hypothetical protein DL546_003298 [Coniochaeta pulveracea],2113,0.0035,non-degrader
RKU41238.1 hypothetical protein DL546_002167 [Coniochaeta pulveracea],225,0.0035,non-degrader
RKU40890.1 hypothetical protein DL546_002600 [Coniochaeta pulveracea],486,0.0035,non-degrader
RKU40889.1 Required for respiratory growth protein 9 mitochondrial [Coniochaeta pulveracea],295,0.0035,non-degrader
RKU40870.1 hypothetical protein DL546_000006 [Coniochaeta pulveracea],253,0.0035,non-degrader
RKU40694.1 hypothetical protein DL546_001751 [Coniochaeta pulveracea],972,0.0035,non-degrader
RKU40601.1 hypothetical protein DL546_001031 [Coniochaeta pulveracea],433,0.0035,non-degrader
RKU40573.1 hypothetical protein DL546_001759 [Coniochaeta pulveracea],492,0.0035,non-degrader
RKU40277.1 hypothetical protein DL546_002735 [Coniochaeta pulveracea],100,0.0035,non-degrader
RKU40217.1 hypothetical protein DL546_000567 [Coniochaeta pulveracea],503,0.0035,non-degrader
RKU40171.1 hypothetical protein DL546_000211 [Coniochaeta pulveracea],922,0.0035,non-degrader
RKU40116.1 hypothetical protein DL546_001760 [Coniochaeta pulveracea],544,0.0035,non-degrader
RKU39696.1 hypothetical protein DL546_000036 [Coniochaeta pulveracea],336,0.0035,non-degrader
RKU49671.1 hypothetical protein DL546_009780 [Coniochaeta pulveracea],516,0.0034,non-degrader
RKU49624.1 autophagy-related protein 2 [Coniochaeta pulveracea],2100,0.0034,non-degrader
RKU49617.1 snoRNA-binding protein [Coniochaeta pulveracea],265,0.0034,non-degrader
RKU49244.1 rRNA-processing protein bfr2 [Coniochaeta pulveracea],572,0.0034,non-degrader
RKU49229.1 hypothetical protein DL546_009545 [Coniochaeta pulveracea],574,0.0034,non-degrader
RKU49199.1 hypothetical protein DL546_008984 [Coniochaeta pulveracea],1355,0.0034,non-degrader
RKU48842.1 hypothetical protein DL546_007457 [Coniochaeta pulveracea],491,0.0034,non-degrader
RKU48811.1 hypothetical protein DL546_006518 [Coniochaeta pulveracea],302,0.0034,non-degrader
RKU48778.1 hypothetical protein DL546_004720 [Coniochaeta pulveracea],785,0.0034,non-degrader
RKU48710.1 hypothetical protein DL546_009621 [Coniochaeta pulveracea],549,0.0034,non-degrader
RKU48534.1 hypothetical protein DL546_007036 [Coniochaeta pulveracea],483,0.0034,non-degrader
RKU48260.1 Transcriptional regulatory protein sin3 [Coniochaeta pulveracea],1491,0.0034,non-degrader
RKU48201.1 hypothetical protein DL546_000781 [Coniochaeta pulveracea],1235,0.0034,non-degrader
RKU48031.1 hypothetical protein DL546_007500 [Coniochaeta pulveracea],793,0.0034,non-degrader
RKU47958.1 hypothetical protein DL546_002537 [Coniochaeta pulveracea],794,0.0034,non-degrader
RKU47926.1 hypothetical protein DL546_009330 [Coniochaeta pulveracea],1720,0.0034,non-degrader
RKU47836.1 hypothetical protein DL546_008067 [Coniochaeta pulveracea],354,0.0034,non-degrader
RKU47723.1 hypothetical protein DL546_001618 [Coniochaeta pulveracea],711,0.0034,non-degrader
RKU47512.1 hypothetical protein DL546_003992 [Coniochaeta pulveracea],614,0.0034,non-degrader
RKU47434.1 hypothetical protein DL546_008673 [Coniochaeta pulveracea],260,0.0034,non-degrader
RKU47370.1 hypothetical protein DL546_006422 [Coniochaeta pulveracea],715,0.0034,non-degrader
RKU47295.1 Cell morphoproteinsis protein PAG1 [Coniochaeta pulveracea],2645,0.0034,non-degrader
RKU47170.1 hypothetical protein DL546_007381 [Coniochaeta pulveracea],1042,0.0034,non-degrader
RKU47044.1 hypothetical protein DL546_008691 [Coniochaeta pulveracea],446,0.0034,non-degrader
RKU46952.1 hypothetical protein DL546_005901 [Coniochaeta pulveracea],333,0.0034,non-degrader
RKU46760.1 hypothetical protein DL546_004900 [Coniochaeta pulveracea],91,0.0034,non-degrader
RKU46666.1 hypothetical protein DL546_008275 [Coniochaeta pulveracea],430,0.0034,non-degrader
RKU46509.1 hypothetical protein DL546_008569 [Coniochaeta pulveracea],321,0.0034,non-degrader
RKU46373.1 hypothetical protein DL546_003515 [Coniochaeta pulveracea],171,0.0034,non-degrader
RKU46331.1 hypothetical protein DL546_008464 [Coniochaeta pulveracea],462,0.0034,non-degrader
RKU46270.1 hypothetical protein DL546_006732 [Coniochaeta pulveracea],217,0.0034,non-degrader
RKU46173.1 Peroxisome biosynthesis protein pex1 [Coniochaeta pulveracea],1230,0.0034,non-degrader
"RKU46145.1 Glucose-6-phosphate 1-dehydrogenase, variant 2 [Coniochaeta pulveracea]",506,0.0034,non-degrader
RKU46105.1 hypothetical protein DL546_005990 [Coniochaeta pulveracea],1159,0.0034,non-degrader
RKU46018.1 hypothetical protein DL546_008248 [Coniochaeta pulveracea],109,0.0034,non-degrader
RKU45999.1 Tuberous sclerosis 2-like protein [Coniochaeta pulveracea],1628,0.0034,non-degrader
RKU45969.1 hypothetical protein DL546_005700 [Coniochaeta pulveracea],591,0.0034,non-degrader
RKU45942.1 hypothetical protein DL546_004209 [Coniochaeta pulveracea],423,0.0034,non-degrader
RKU45892.1 hypothetical protein DL546_008375 [Coniochaeta pulveracea],338,0.0034,non-degrader
RKU45879.1 Sister chromatid cohesion protein 2 [Coniochaeta pulveracea],1803,0.0034,non-degrader
RKU45808.1 hypothetical protein DL546_005660 [Coniochaeta pulveracea],598,0.0034,non-degrader
RKU45665.1 Protein phosphatase 2C 2 [Coniochaeta pulveracea],466,0.0034,non-degrader
RKU45622.1 hypothetical protein DL546_008380 [Coniochaeta pulveracea],343,0.0034,non-degrader
RKU45493.1 hypothetical protein DL546_000229 [Coniochaeta pulveracea],346,0.0034,non-degrader
RKU45492.1 hypothetical protein DL546_000175 [Coniochaeta pulveracea],175,0.0034,non-degrader
RKU45474.1 hypothetical protein DL546_008040 [Coniochaeta pulveracea],114,0.0034,non-degrader
RKU45382.1 hypothetical protein DL546_003631 [Coniochaeta pulveracea],489,0.0034,non-degrader
RKU45337.1 hypothetical protein DL546_007828 [Coniochaeta pulveracea],402,0.0034,non-degrader
RKU45269.1 Mitochondrial copper homeostasis protein [Coniochaeta pulveracea],81,0.0034,non-degrader
RKU45243.1 hexokinase A [Coniochaeta pulveracea],495,0.0034,non-degrader
RKU45239.1 hypothetical protein DL546_002814 [Coniochaeta pulveracea],303,0.0034,non-degrader
RKU45154.1 hypothetical protein DL546_005800 [Coniochaeta pulveracea],329,0.0034,non-degrader
RKU45101.1 hypothetical protein DL546_001719 [Coniochaeta pulveracea],336,0.0034,non-degrader
RKU44840.1 60S ribosomal protein L13 [Coniochaeta pulveracea],211,0.0034,non-degrader
RKU44810.1 hypothetical protein DL546_000877 [Coniochaeta pulveracea],175,0.0034,non-degrader
RKU44735.1 GET complex subunit get1 [Coniochaeta pulveracea],209,0.0034,non-degrader
RKU44681.1 hypothetical protein DL546_004859 [Coniochaeta pulveracea],537,0.0034,non-degrader
RKU44545.1 hypothetical protein DL546_000918 [Coniochaeta pulveracea],1688,0.0034,non-degrader
RKU44539.1 hypothetical protein DL546_007592 [Coniochaeta pulveracea],1525,0.0034,non-degrader
RKU44533.1 Anaphase-promoting complex subunit 1 [Coniochaeta pulveracea],1961,0.0034,non-degrader
RKU44348.1 hypothetical protein DL546_007229 [Coniochaeta pulveracea],639,0.0034,non-degrader
RKU44223.1 CSN-associated deubiquitinating enzyme Ubp12 [Coniochaeta pulveracea],1519,0.0034,non-degrader
RKU44197.1 hypothetical protein DL546_001435 [Coniochaeta pulveracea],427,0.0034,non-degrader
RKU44155.1 hypothetical protein DL546_005870 [Coniochaeta pulveracea],255,0.0034,non-degrader
RKU44007.1 hypothetical protein DL546_007164 [Coniochaeta pulveracea],365,0.0034,non-degrader
RKU44005.1 hypothetical protein DL546_007104 [Coniochaeta pulveracea],363,0.0034,non-degrader
RKU43949.1 hypothetical protein DL546_003259 [Coniochaeta pulveracea],436,0.0034,non-degrader
RKU43727.1 hypothetical protein DL546_004871 [Coniochaeta pulveracea],438,0.0034,non-degrader
RKU43695.1 hypothetical protein DL546_001417 [Coniochaeta pulveracea],1182,0.0034,non-degrader
RKU43609.1 GAL4 enhancer protein [Coniochaeta pulveracea],197,0.0034,non-degrader
RKU43494.1 hypothetical protein DL546_003776 [Coniochaeta pulveracea],377,0.0034,non-degrader
RKU43491.1 hypothetical protein DL546_003705 [Coniochaeta pulveracea],297,0.0034,non-degrader
RKU43445.1 Myosin type-2 heavy chain 1 [Coniochaeta pulveracea],1595,0.0034,non-degrader
RKU43373.1 hypothetical protein DL546_006544 [Coniochaeta pulveracea],802,0.0034,non-degrader
RKU43232.1 hypothetical protein DL546_002585 [Coniochaeta pulveracea],53,0.0034,non-degrader
RKU43073.1 hypothetical protein DL546_001504 [Coniochaeta pulveracea],525,0.0034,non-degrader
RKU42975.1 hypothetical protein DL546_000066 [Coniochaeta pulveracea],542,0.0034,non-degrader
"RKU42889.1 Protein cbp3, mitochondrial [Coniochaeta pulveracea]",320,0.0034,non-degrader
RKU42771.1 hypothetical protein DL546_001181 [Coniochaeta pulveracea],886,0.0034,non-degrader
RKU42672.1 hypothetical protein DL546_004239 [Coniochaeta pulveracea],257,0.0034,non-degrader
RKU42648.1 hypothetical protein DL546_001656 [Coniochaeta pulveracea],80,0.0034,non-degrader
RKU42610.1 hypothetical protein DL546_005154 [Coniochaeta pulveracea],806,0.0034,non-degrader
RKU42531.1 hypothetical protein DL546_004823 [Coniochaeta pulveracea],308,0.0034,non-degrader
RKU42530.1 hypothetical protein DL546_004795 [Coniochaeta pulveracea],93,0.0034,non-degrader
RKU42339.1 hypothetical protein DL546_005420 [Coniochaeta pulveracea],298,0.0034,non-degrader
RKU42269.1 hypothetical protein DL546_005136 [Coniochaeta pulveracea],652,0.0034,non-degrader
RKU42193.1 hypothetical protein DL546_003865 [Coniochaeta pulveracea],408,0.0034,non-degrader
RKU41918.1 hypothetical protein DL546_001324 [Coniochaeta pulveracea],288,0.0034,non-degrader
RKU41914.1 hypothetical protein DL546_000338 [Coniochaeta pulveracea],777,0.0034,non-degrader
RKU41905.1 hypothetical protein DL546_005063 [Coniochaeta pulveracea],532,0.0034,non-degrader
RKU41877.1 hypothetical protein DL546_003343 [Coniochaeta pulveracea],100,0.0034,non-degrader
RKU41832.1 hypothetical protein DL546_004611 [Coniochaeta pulveracea],183,0.0034,non-degrader
RKU41774.1 Trafficking protein particle complex subunit 33 [Coniochaeta pulveracea],210,0.0034,non-degrader
RKU41675.1 hypothetical protein DL546_004821 [Coniochaeta pulveracea],596,0.0034,non-degrader
RKU41413.1 hypothetical protein DL546_002719 [Coniochaeta pulveracea],1070,0.0034,non-degrader
RKU41387.1 hypothetical protein DL546_004401 [Coniochaeta pulveracea],137,0.0034,non-degrader
RKU41364.1 hypothetical protein DL546_002775 [Coniochaeta pulveracea],1026,0.0034,non-degrader
RKU41276.1 hypothetical protein DL546_000589 [Coniochaeta pulveracea],119,0.0034,non-degrader
RKU40960.1 hypothetical protein DL546_003013 [Coniochaeta pulveracea],153,0.0034,non-degrader
RKU40937.1 hypothetical protein DL546_003030 [Coniochaeta pulveracea],211,0.0034,non-degrader
"RKU40911.1 hypothetical protein DL546_000063, partial [Coniochaeta pulveracea]",605,0.0034,non-degrader
RKU40843.1 hypothetical protein DL546_001206 [Coniochaeta pulveracea],916,0.0034,non-degrader
RKU40691.1 1-phosphatidylinositol-3-phosphate 5-kinase [Coniochaeta pulveracea],2560,0.0034,non-degrader
RKU40609.1 hypothetical protein DL546_001689 [Coniochaeta pulveracea],213,0.0034,non-degrader
RKU40534.1 hypothetical protein DL546_000976 [Coniochaeta pulveracea],743,0.0034,non-degrader
RKU40524.1 hypothetical protein DL546_002906 [Coniochaeta pulveracea],137,0.0034,non-degrader
RKU40479.1 hypothetical protein DL546_001158 [Coniochaeta pulveracea],320,0.0034,non-degrader
RKU40253.1 Condensin complex subunit [Coniochaeta pulveracea],1251,0.0034,non-degrader
RKU40250.1 hypothetical protein DL546_002566 [Coniochaeta pulveracea],1005,0.0034,non-degrader
RKU40191.1 hypothetical protein DL546_002280 [Coniochaeta pulveracea],248,0.0034,non-degrader
RKU40096.1 hypothetical protein DL546_000334 [Coniochaeta pulveracea],178,0.0034,non-degrader
RKU39833.1 hypothetical protein DL546_000663 [Coniochaeta pulveracea],364,0.0034,non-degrader
RKU39821.1 hypothetical protein DL546_000692 [Coniochaeta pulveracea],845,0.0034,non-degrader
RKU49706.1 acyl-CoA/sterol acyltransferase [Coniochaeta pulveracea],633,0.0033,non-degrader
RKU49611.1 hypothetical protein DL546_009548 [Coniochaeta pulveracea],659,0.0033,non-degrader
RKU49573.1 hypothetical protein DL546_009368 [Coniochaeta pulveracea],194,0.0033,non-degrader
RKU49541.1 hypothetical protein DL546_009080 [Coniochaeta pulveracea],384,0.0033,non-degrader
RKU49384.1 hypothetical protein DL546_003326 [Coniochaeta pulveracea],646,0.0033,non-degrader
"RKU49370.1 gamma-tubulin, variant 2 [Coniochaeta pulveracea]",365,0.0033,non-degrader
RKU49305.1 hypothetical protein DL546_009808 [Coniochaeta pulveracea],699,0.0033,non-degrader
RKU49080.1 hypothetical protein DL546_004575 [Coniochaeta pulveracea],447,0.0033,non-degrader
RKU49017.1 hypothetical protein DL546_009713 [Coniochaeta pulveracea],769,0.0033,non-degrader
RKU48990.1 hypothetical protein DL546_009620 [Coniochaeta pulveracea],579,0.0033,non-degrader
RKU48929.1 hypothetical protein DL546_009133 [Coniochaeta pulveracea],545,0.0033,non-degrader
RKU48711.1 hypothetical protein DL546_009627 [Coniochaeta pulveracea],1342,0.0033,non-degrader
RKU48671.1 hypothetical protein DL546_009430 [Coniochaeta pulveracea],669,0.0033,non-degrader
RKU48636.1 branched-chain-amino-acid transaminase bat2 [Coniochaeta pulveracea],420,0.0033,non-degrader
RKU48558.1 hypothetical protein DL546_007944 [Coniochaeta pulveracea],493,0.0033,non-degrader
RKU48489.1 hypothetical protein DL546_004950 [Coniochaeta pulveracea],1323,0.0033,non-degrader
RKU48473.1 hypothetical protein DL546_003872 [Coniochaeta pulveracea],513,0.0033,non-degrader
RKU48451.1 hypothetical protein DL546_001800 [Coniochaeta pulveracea],129,0.0033,non-degrader
RKU48296.1 hypothetical protein DL546_007573 [Coniochaeta pulveracea],103,0.0033,non-degrader
RKU48175.1 hypothetical protein DL546_009440 [Coniochaeta pulveracea],466,0.0033,non-degrader
RKU47982.1 hypothetical protein DL546_004757 [Coniochaeta pulveracea],402,0.0033,non-degrader
RKU47848.1 hypothetical protein DL546_008362 [Coniochaeta pulveracea],113,0.0033,non-degrader
RKU47778.1 hypothetical protein DL546_006358 [Coniochaeta pulveracea],298,0.0033,non-degrader
RKU47762.1 hypothetical protein DL546_005371 [Coniochaeta pulveracea],371,0.0033,non-degrader
RKU47640.1 hypothetical protein DL546_008716 [Coniochaeta pulveracea],398,0.0033,non-degrader
RKU47406.1 T-complex protein 1 subunit gamma [Coniochaeta pulveracea],520,0.0033,non-degrader
RKU47392.1 phosphate system positive regulatory protein pho81 [Coniochaeta pulveracea],1017,0.0033,non-degrader
"RKU47390.1 54S ribosomal protein L9, mitochondrial [Coniochaeta pulveracea]",369,0.0033,non-degrader
RKU47355.1 hypothetical protein DL546_005614 [Coniochaeta pulveracea],1015,0.0033,non-degrader
RKU47337.1 hypothetical protein DL546_004344 [Coniochaeta pulveracea],185,0.0033,non-degrader
RKU47248.1 hypothetical protein DL546_008810 [Coniochaeta pulveracea],158,0.0033,non-degrader
RKU47228.1 guanine nucleotide exchange protein for ADP-robosylation factor [Coniochaeta pulveracea],1878,0.0033,non-degrader
RKU47201.1 hypothetical protein DL546_008076 [Coniochaeta pulveracea],697,0.0033,non-degrader
RKU47109.1 UV-damage endonuclease [Coniochaeta pulveracea],566,0.0033,non-degrader
RKU46774.1 Squalene epoxidase [Coniochaeta pulveracea],527,0.0033,non-degrader
RKU46658.1 U3 snoRNP protein [Coniochaeta pulveracea],761,0.0033,non-degrader
RKU46585.1 hypothetical protein DL546_005470 [Coniochaeta pulveracea],387,0.0033,non-degrader
RKU46551.1 hypothetical protein DL546_002100 [Coniochaeta pulveracea],515,0.0033,non-degrader
RKU46422.1 hypothetical protein DL546_006206 [Coniochaeta pulveracea],436,0.0033,non-degrader
RKU46414.1 hypothetical protein DL546_005751 [Coniochaeta pulveracea],438,0.0033,non-degrader
RKU46152.1 hypothetical protein DL546_007756 [Coniochaeta pulveracea],390,0.0033,non-degrader
RKU46138.1 hypothetical protein DL546_007339 [Coniochaeta pulveracea],216,0.0033,non-degrader
RKU46009.1 putative aminophospholipid-translocase [Coniochaeta pulveracea],1321,0.0033,non-degrader
RKU45878.1 hypothetical protein DL546_008069 [Coniochaeta pulveracea],278,0.0033,non-degrader
RKU45873.1 hypothetical protein DL546_007959 [Coniochaeta pulveracea],465,0.0033,non-degrader
RKU45836.1 hypothetical protein DL546_006972 [Coniochaeta pulveracea],337,0.0033,non-degrader
RKU45817.1 hypothetical protein DL546_006133 [Coniochaeta pulveracea],966,0.0033,non-degrader
RKU45756.1 hypothetical protein DL546_008422 [Coniochaeta pulveracea],604,0.0033,non-degrader
RKU45685.1 hypothetical protein DL546_006272 [Coniochaeta pulveracea],387,0.0033,non-degrader
RKU45615.1 hypothetical protein DL546_008272 [Coniochaeta pulveracea],125,0.0033,non-degrader
RKU45409.1 hypothetical protein DL546_005555 [Coniochaeta pulveracea],393,0.0033,non-degrader
RKU45404.1 hypothetical protein DL546_005202 [Coniochaeta pulveracea],105,0.0033,non-degrader
RKU45362.1 transcription factor of the MADS box [Coniochaeta pulveracea],221,0.0033,non-degrader
RKU45287.1 hypothetical protein DL546_006241 [Coniochaeta pulveracea],597,0.0033,non-degrader
RKU45213.1 hypothetical protein DL546_008271 [Coniochaeta pulveracea],731,0.0033,non-degrader
RKU45191.1 capsule-associated protein CAP1 [Coniochaeta pulveracea],614,0.0033,non-degrader
RKU45086.1 hypothetical protein DL546_007848 [Coniochaeta pulveracea],241,0.0033,non-degrader
RKU44982.1 hypothetical protein DL546_007393 [Coniochaeta pulveracea],255,0.0033,non-degrader
RKU44870.1 hypothetical protein DL546_006924 [Coniochaeta pulveracea],1135,0.0033,non-degrader
RKU44734.1 hypothetical protein DL546_007577 [Coniochaeta pulveracea],385,0.0033,non-degrader
RKU44726.1 hypothetical protein DL546_007260 [Coniochaeta pulveracea],411,0.0033,non-degrader
RKU44704.1 hypothetical protein DL546_006396 [Coniochaeta pulveracea],263,0.0033,non-degrader
RKU44507.1 hypothetical protein DL546_005780 [Coniochaeta pulveracea],297,0.0033,non-degrader
RKU44479.1 hypothetical protein DL546_003619 [Coniochaeta pulveracea],383,0.0033,non-degrader
RKU44439.1 hypothetical protein DL546_007448 [Coniochaeta pulveracea],667,0.0033,non-degrader
RKU44413.1 hypothetical protein DL546_006211 [Coniochaeta pulveracea],409,0.0033,non-degrader
RKU44407.1 hypothetical protein DL546_005935 [Coniochaeta pulveracea],237,0.0033,non-degrader
RKU44375.1 hypothetical protein DL546_003003 [Coniochaeta pulveracea],363,0.0033,non-degrader
RKU44367.1 hypothetical protein DL546_001915 [Coniochaeta pulveracea],863,0.0033,non-degrader
RKU43898.1 hypothetical protein DL546_006535 [Coniochaeta pulveracea],170,0.0033,non-degrader
RKU43884.1 hypothetical protein DL546_005590 [Coniochaeta pulveracea],360,0.0033,non-degrader
RKU43854.1 hypothetical protein DL546_003057 [Coniochaeta pulveracea],1054,0.0033,non-degrader
RKU43820.1 hypothetical protein DL546_006842 [Coniochaeta pulveracea],399,0.0033,non-degrader
RKU43798.1 hypothetical protein DL546_005791 [Coniochaeta pulveracea],699,0.0033,non-degrader
RKU43590.1 hypothetical protein DL546_005921 [Coniochaeta pulveracea],382,0.0033,non-degrader
RKU43582.1 hypothetical protein DL546_005463 [Coniochaeta pulveracea],419,0.0033,non-degrader
RKU43476.1 hypothetical protein DL546_002586 [Coniochaeta pulveracea],628,0.0033,non-degrader
RKU43439.1 hypothetical protein DL546_005957 [Coniochaeta pulveracea],261,0.0033,non-degrader
RKU43364.1 hypothetical protein DL546_006187 [Coniochaeta pulveracea],480,0.0033,non-degrader
RKU43154.1 hypothetical protein DL546_002853 [Coniochaeta pulveracea],288,0.0033,non-degrader
RKU43136.1 hypothetical protein DL546_000238 [Coniochaeta pulveracea],392,0.0033,non-degrader
RKU43004.1 hypothetical protein DL546_002685 [Coniochaeta pulveracea],592,0.0033,non-degrader
RKU42769.1 translocation protein S66 [Coniochaeta pulveracea],303,0.0033,non-degrader
RKU42699.1 hypothetical protein DL546_006190 [Coniochaeta pulveracea],368,0.0033,non-degrader
RKU42662.1 Methylthioribulose-1-phosphate dehydratase [Coniochaeta pulveracea],249,0.0033,non-degrader
RKU42457.1 hypothetical protein DL546_003785 [Coniochaeta pulveracea],896,0.0033,non-degrader
RKU42343.1 hypothetical protein DL546_005554 [Coniochaeta pulveracea],187,0.0033,non-degrader
RKU42272.1 hypothetical protein DL546_005451 [Coniochaeta pulveracea],683,0.0033,non-degrader
"RKU42174.1 Histone-lysine N-methyltransferase, H3 lysine-9 specific dim-5 [Coniochaeta pulveracea]",340,0.0033,non-degrader
RKU42167.1 hypothetical protein DL546_001758 [Coniochaeta pulveracea],337,0.0033,non-degrader
RKU42116.1 Exocyst complex component 5 [Coniochaeta pulveracea],858,0.0033,non-degrader
RKU42097.1 hypothetical protein DL546_000875 [Coniochaeta pulveracea],327,0.0033,non-degrader
RKU42084.1 hypothetical protein DL546_005096 [Coniochaeta pulveracea],453,0.0033,non-degrader
RKU42007.1 hypothetical protein DL546_004070 [Coniochaeta pulveracea],167,0.0033,non-degrader
RKU41988.1 hypothetical protein DL546_002492 [Coniochaeta pulveracea],1869,0.0033,non-degrader
"RKU41939.1 hypothetical protein DL546_004480, partial [Coniochaeta pulveracea]",98,0.0033,non-degrader
RKU41833.1 hypothetical protein DL546_004686 [Coniochaeta pulveracea],183,0.0033,non-degrader
RKU41723.1 hypothetical protein DL546_004240 [Coniochaeta pulveracea],789,0.0033,non-degrader
RKU41718.1 hypothetical protein DL546_003883 [Coniochaeta pulveracea],294,0.0033,non-degrader
RKU41631.1 hypothetical protein DL546_000620 [Coniochaeta pulveracea],95,0.0033,non-degrader
RKU41597.1 hypothetical protein DL546_000531 [Coniochaeta pulveracea],354,0.0033,non-degrader
RKU41522.1 hypothetical protein DL546_004531 [Coniochaeta pulveracea],296,0.0033,non-degrader
RKU41409.1 hypothetical protein DL546_002398 [Coniochaeta pulveracea],521,0.0033,non-degrader
RKU41373.1 hypothetical protein DL546_003472 [Coniochaeta pulveracea],466,0.0033,non-degrader
RKU41155.1 hypothetical protein DL546_002828 [Coniochaeta pulveracea],361,0.0033,non-degrader
RKU41033.1 secretory subunit [Coniochaeta pulveracea],697,0.0033,non-degrader
RKU40790.1 hypothetical protein DL546_001711 [Coniochaeta pulveracea],178,0.0033,non-degrader
RKU40650.1 hypothetical protein DL546_000537 [Coniochaeta pulveracea],493,0.0033,non-degrader
RKU40631.1 hypothetical protein DL546_001244 [Coniochaeta pulveracea],621,0.0033,non-degrader
RKU40616.1 DNA topoisomerase 1 [Coniochaeta pulveracea],906,0.0033,non-degrader
RKU40541.1 hypothetical protein DL546_002101 [Coniochaeta pulveracea],63,0.0033,non-degrader
RKU40536.1 hypothetical protein DL546_001145 [Coniochaeta pulveracea],298,0.0033,non-degrader
RKU40397.1 Maintenance of ploidy protein mob2 [Coniochaeta pulveracea],354,0.0033,non-degrader
RKU40125.1 hypothetical protein DL546_000309 [Coniochaeta pulveracea],145,0.0033,non-degrader
RKU40115.1 hypothetical protein DL546_001695 [Coniochaeta pulveracea],152,0.0033,non-degrader
RKU40110.1 hypothetical protein DL546_000888 [Coniochaeta pulveracea],286,0.0033,non-degrader
RKU40093.1 hypothetical protein DL546_000102 [Coniochaeta pulveracea],517,0.0033,non-degrader
RKU40007.1 hypothetical protein DL546_000533 [Coniochaeta pulveracea],774,0.0033,non-degrader
RKU39734.1 hypothetical protein DL546_000097 [Coniochaeta pulveracea],532,0.0033,non-degrader
RKU39725.1 hypothetical protein DL546_000467 [Coniochaeta pulveracea],166,0.0033,non-degrader
RKU49715.1 hypothetical protein DL546_009878 [Coniochaeta pulveracea],672,0.0032,non-degrader
RKU49666.1 hypothetical protein DL546_009770 [Coniochaeta pulveracea],1381,0.0032,non-degrader
RKU49625.1 hypothetical protein DL546_009603 [Coniochaeta pulveracea],339,0.0032,non-degrader
RKU49596.1 hypothetical protein DL546_009483 [Coniochaeta pulveracea],144,0.0032,non-degrader
RKU49078.1 hypothetical protein DL546_004431 [Coniochaeta pulveracea],486,0.0032,non-degrader
RKU49024.1 hypothetical protein DL546_009740 [Coniochaeta pulveracea],305,0.0032,non-degrader
RKU48959.1 hypothetical protein DL546_009429 [Coniochaeta pulveracea],564,0.0032,non-degrader
RKU48884.1 pre-rRNA-processing protein esf1 [Coniochaeta pulveracea],707,0.0032,non-degrader
RKU48484.1 hypothetical protein DL546_004573 [Coniochaeta pulveracea],1315,0.0032,non-degrader
RKU48445.1 hypothetical protein DL546_001229 [Coniochaeta pulveracea],531,0.0032,non-degrader
RKU48363.1 hypothetical protein DL546_008943 [Coniochaeta pulveracea],297,0.0032,non-degrader
RKU48356.1 hypothetical protein DL546_008859 [Coniochaeta pulveracea],285,0.0032,non-degrader
RKU48121.1 NAD-dependent glutamate dehydrogenase [Coniochaeta pulveracea],1053,0.0032,non-degrader
RKU48077.1 hypothetical protein DL546_008368 [Coniochaeta pulveracea],665,0.0032,non-degrader
RKU48008.1 hypothetical protein DL546_006411 [Coniochaeta pulveracea],304,0.0032,non-degrader
RKU47775.1 hypothetical protein DL546_006236 [Coniochaeta pulveracea],153,0.0032,non-degrader
RKU47709.1 hypothetical protein DL546_000073 [Coniochaeta pulveracea],289,0.0032,non-degrader
RKU47689.1 hypothetical protein DL546_009244 [Coniochaeta pulveracea],81,0.0032,non-degrader
"RKU47662.1 mannosyltransferase, variant 2 [Coniochaeta pulveracea]",587,0.0032,non-degrader
RKU47528.1 hypothetical protein DL546_005320 [Coniochaeta pulveracea],414,0.0032,non-degrader
RKU47232.1 hypothetical protein DL546_008607 [Coniochaeta pulveracea],280,0.0032,non-degrader
RKU47176.1 hypothetical protein DL546_007528 [Coniochaeta pulveracea],713,0.0032,non-degrader
RKU47101.1 hypothetical protein DL546_003497 [Coniochaeta pulveracea],1176,0.0032,non-degrader
RKU46927.1 hypothetical protein DL546_003987 [Coniochaeta pulveracea],64,0.0032,non-degrader
RKU46867.1 hypothetical protein DL546_008952 [Coniochaeta pulveracea],111,0.0032,non-degrader
RKU46843.1 NADH:ubiquinone oxidoreductase 21kD subunit [Coniochaeta pulveracea],201,0.0032,non-degrader
RKU46816.1 hypothetical protein DL546_007662 [Coniochaeta pulveracea],1026,0.0032,non-degrader
RKU46797.1 hypothetical protein DL546_006917 [Coniochaeta pulveracea],343,0.0032,non-degrader
RKU46777.1 ubiquitinyl hydrolase 1 [Coniochaeta pulveracea],252,0.0032,non-degrader
RKU46739.1 hypothetical protein DL546_003172 [Coniochaeta pulveracea],1183,0.0032,non-degrader
RKU46284.1 hypothetical protein DL546_007249 [Coniochaeta pulveracea],647,0.0032,non-degrader
RKU46259.1 hypothetical protein DL546_006354 [Coniochaeta pulveracea],233,0.0032,non-degrader
RKU46235.1 hypothetical protein DL546_004970 [Coniochaeta pulveracea],1661,0.0032,non-degrader
RKU46079.1 hypothetical protein DL546_004332 [Coniochaeta pulveracea],734,0.0032,non-degrader
RKU46076.1 hypothetical protein DL546_004143 [Coniochaeta pulveracea],383,0.0032,non-degrader
RKU45940.1 hypothetical protein DL546_004085 [Coniochaeta pulveracea],232,0.0032,non-degrader
RKU45819.1 hypothetical protein DL546_006265 [Coniochaeta pulveracea],499,0.0032,non-degrader
RKU45570.1 MutS-like protein [Coniochaeta pulveracea],927,0.0032,non-degrader
RKU45518.1 hypothetical protein DL546_002835 [Coniochaeta pulveracea],727,0.0032,non-degrader
RKU45517.1 hypothetical protein DL546_002792 [Coniochaeta pulveracea],322,0.0032,non-degrader
RKU45463.1 hypothetical protein DL546_007830 [Coniochaeta pulveracea],326,0.0032,non-degrader
RKU45433.1 hypothetical protein DL546_006632 [Coniochaeta pulveracea],744,0.0032,non-degrader
RKU45421.1 hypothetical protein DL546_006129 [Coniochaeta pulveracea],415,0.0032,non-degrader
RKU45308.1 bifunctional endoribonuclease/protein kinase ire1 [Coniochaeta pulveracea],1220,0.0032,non-degrader
RKU45097.1 hypothetical protein DL546_001345 [Coniochaeta pulveracea],992,0.0032,non-degrader
RKU44997.1 hypothetical protein DL546_001733 [Coniochaeta pulveracea],204,0.0032,non-degrader
RKU44989.1 Vacuolar protein 8 [Coniochaeta pulveracea],559,0.0032,non-degrader
RKU44988.1 AMP-activated serine/threonine-protein kinase regulatory subunit [Coniochaeta pulveracea],433,0.0032,non-degrader
RKU44969.1 hypothetical protein DL546_006978 [Coniochaeta pulveracea],105,0.0032,non-degrader
RKU44938.1 Endoplasmic reticulum zinc transporter [Coniochaeta pulveracea],519,0.0032,non-degrader
RKU44836.1 hypothetical protein DL546_004479 [Coniochaeta pulveracea],413,0.0032,non-degrader
RKU44749.1 hypothetical protein DL546_005221 [Coniochaeta pulveracea],691,0.0032,non-degrader
RKU44745.1 hypothetical protein DL546_004676 [Coniochaeta pulveracea],1073,0.0032,non-degrader
RKU44589.1 hypothetical protein DL546_005244 [Coniochaeta pulveracea],1494,0.0032,non-degrader
RKU44580.1 Casein kinase II subunit alpha [Coniochaeta pulveracea],339,0.0032,non-degrader
RKU44399.1 hypothetical protein DL546_004969 [Coniochaeta pulveracea],315,0.0032,non-degrader
RKU44282.1 hypothetical protein DL546_001928 [Coniochaeta pulveracea],1152,0.0032,non-degrader
RKU44236.1 hypothetical protein DL546_006042 [Coniochaeta pulveracea],558,0.0032,non-degrader
RKU44167.1 hypothetical protein DL546_006441 [Coniochaeta pulveracea],364,0.0032,non-degrader
RKU44163.1 hypothetical protein DL546_006289 [Coniochaeta pulveracea],233,0.0032,non-degrader
"RKU44088.1 hypothetical protein DL546_007380, partial [Coniochaeta pulveracea]",106,0.0032,non-degrader
RKU44034.1 hypothetical protein DL546_005083 [Coniochaeta pulveracea],494,0.0032,non-degrader
RKU43969.1 ribosylnicotinamide kinase [Coniochaeta pulveracea],314,0.0032,non-degrader
RKU43894.1 hypothetical protein DL546_006244 [Coniochaeta pulveracea],323,0.0032,non-degrader
RKU43722.1 mitochondrial inner membrane protein required for protein import [Coniochaeta pulveracea],538,0.0032,non-degrader
RKU43658.1 hypothetical protein DL546_006171 [Coniochaeta pulveracea],319,0.0032,non-degrader
RKU43501.1 hypothetical protein DL546_004295 [Coniochaeta pulveracea],556,0.0032,non-degrader
RKU43493.1 hypothetical protein DL546_003776 [Coniochaeta pulveracea],287,0.0032,non-degrader
RKU43383.1 hypothetical protein DL546_000840 [Coniochaeta pulveracea],1075,0.0032,non-degrader
RKU43343.1 TTAGGG repeat binding factor [Coniochaeta pulveracea],1139,0.0032,non-degrader
RKU43269.1 hypothetical protein DL546_005519 [Coniochaeta pulveracea],616,0.0032,non-degrader
RKU43268.1 hypothetical protein DL546_005440 [Coniochaeta pulveracea],719,0.0032,non-degrader
RKU43133.1 hypothetical protein DL546_006578 [Coniochaeta pulveracea],932,0.0032,non-degrader
RKU42962.1 hypothetical protein DL546_006103 [Coniochaeta pulveracea],423,0.0032,non-degrader
RKU42933.1 hypothetical protein DL546_004090 [Coniochaeta pulveracea],769,0.0032,non-degrader
RKU42877.1 hypothetical protein DL546_005475 [Coniochaeta pulveracea],1032,0.0032,non-degrader
RKU42862.1 SNF1-interacting protein [Coniochaeta pulveracea],1419,0.0032,non-degrader
"RKU42846.1 Tryptophan--tRNA ligase, mitochondrial, variant 2 [Coniochaeta pulveracea]",182,0.0032,non-degrader
"RKU42705.1 subunit of tubulin prefoldin, partial [Coniochaeta pulveracea]",62,0.0032,non-degrader
RKU42660.1 GINS complex subunit [Coniochaeta pulveracea],221,0.0032,non-degrader
RKU42519.1 hypothetical protein DL546_003929 [Coniochaeta pulveracea],269,0.0032,non-degrader
RKU42494.1 hypothetical protein DL546_000850 [Coniochaeta pulveracea],237,0.0032,non-degrader
RKU42391.1 hypothetical protein DL546_003976 [Coniochaeta pulveracea],826,0.0032,non-degrader
RKU42384.1 hypothetical protein DL546_003433 [Coniochaeta pulveracea],400,0.0032,non-degrader
RKU42259.1 hypothetical protein DL546_004377 [Coniochaeta pulveracea],1863,0.0032,non-degrader
RKU42023.1 hypothetical protein DL546_005073 [Coniochaeta pulveracea],743,0.0032,non-degrader
RKU41839.1 hypothetical protein DL546_005191 [Coniochaeta pulveracea],918,0.0032,non-degrader
RKU41780.1 hypothetical protein DL546_004625 [Coniochaeta pulveracea],123,0.0032,non-degrader
RKU41752.1 E3 ubiquitin-protein ligase bre1 [Coniochaeta pulveracea],632,0.0032,non-degrader
RKU41682.1 U4/U6-U5 snRNP complex subunit prp31 [Coniochaeta pulveracea],629,0.0032,non-degrader
"RKU41628.1 hypothetical protein DL546_005400, partial [Coniochaeta pulveracea]",435,0.0032,non-degrader
RKU41585.1 hypothetical protein DL546_004751 [Coniochaeta pulveracea],1025,0.0032,non-degrader
RKU41514.1 Deoxyhypusine synthase [Coniochaeta pulveracea],383,0.0032,non-degrader
RKU41350.1 hypothetical protein DL546_001323 [Coniochaeta pulveracea],673,0.0032,non-degrader
RKU41321.1 hypothetical protein DL546_004669 [Coniochaeta pulveracea],158,0.0032,non-degrader
RKU41307.1 hypothetical protein DL546_003652 [Coniochaeta pulveracea],482,0.0032,non-degrader
RKU41251.1 hypothetical protein DL546_003520 [Coniochaeta pulveracea],162,0.0032,non-degrader
RKU41214.1 hypothetical protein DL546_004062 [Coniochaeta pulveracea],368,0.0032,non-degrader
RKU41115.1 hypothetical protein DL546_003082 [Coniochaeta pulveracea],724,0.0032,non-degrader
RKU41058.1 Protein OS-9 [Coniochaeta pulveracea],557,0.0032,non-degrader
RKU40910.1 hypothetical protein DL546_000063 [Coniochaeta pulveracea],481,0.0032,non-degrader
RKU40896.1 hypothetical protein DL546_003074 [Coniochaeta pulveracea],236,0.0032,non-degrader
RKU40862.1 hypothetical protein DL546_003598 [Coniochaeta pulveracea],514,0.0032,non-degrader
RKU40713.1 hypothetical protein DL546_000070 [Coniochaeta pulveracea],1168,0.0032,non-degrader
RKU40676.1 hypothetical protein DL546_003623 [Coniochaeta pulveracea],200,0.0032,non-degrader
RKU40655.1 hypothetical protein DL546_001400 [Coniochaeta pulveracea],400,0.0032,non-degrader
RKU40648.1 hypothetical protein DL546_000537 [Coniochaeta pulveracea],558,0.0032,non-degrader
RKU40641.1 hypothetical protein DL546_003826 [Coniochaeta pulveracea],437,0.0032,non-degrader
RKU40463.1 hypothetical protein DL546_002090 [Coniochaeta pulveracea],479,0.0032,non-degrader
RKU40398.1 type I protein arginine N-methyltransferase Rmt1 [Coniochaeta pulveracea],345,0.0032,non-degrader
RKU40385.1 hypothetical protein DL546_001541 [Coniochaeta pulveracea],344,0.0032,non-degrader
RKU40321.1 hypothetical protein DL546_002728 [Coniochaeta pulveracea],629,0.0032,non-degrader
RKU39968.1 hypothetical protein DL546_000523 [Coniochaeta pulveracea],210,0.0032,non-degrader
RKU39851.1 hypothetical protein DL546_001066 [Coniochaeta pulveracea],544,0.0032,non-degrader
RKU39824.1 hypothetical protein DL546_001119 [Coniochaeta pulveracea],451,0.0032,non-degrader
RKU39822.1 hypothetical protein DL546_000911 [Coniochaeta pulveracea],204,0.0032,non-degrader
RKU39817.1 hypothetical protein DL546_000277 [Coniochaeta pulveracea],201,0.0032,non-degrader
RKU39814.1 hypothetical protein DL546_001241 [Coniochaeta pulveracea],596,0.0032,non-degrader
RKU39787.1 Translation initiation factor 1A [Coniochaeta pulveracea],119,0.0032,non-degrader
RKU39761.1 ATP-dependent RNA helicase [Coniochaeta pulveracea],602,0.0032,non-degrader
RKU49724.1 hypothetical protein DL546_009899 [Coniochaeta pulveracea],1240,0.0031,non-degrader
RKU49701.1 hypothetical protein DL546_009847 [Coniochaeta pulveracea],2519,0.0031,non-degrader
RKU49689.1 hypothetical protein DL546_009818 [Coniochaeta pulveracea],504,0.0031,non-degrader
RKU49668.1 hypothetical protein DL546_009774 [Coniochaeta pulveracea],638,0.0031,non-degrader
RKU49385.1 hypothetical protein DL546_004415 [Coniochaeta pulveracea],150,0.0031,non-degrader
RKU49383.1 hypothetical protein DL546_003237 [Coniochaeta pulveracea],253,0.0031,non-degrader
RKU49285.1 hypothetical protein DL546_009751 [Coniochaeta pulveracea],648,0.0031,non-degrader
RKU49250.1 nucleotidyltransferase [Coniochaeta pulveracea],381,0.0031,non-degrader
RKU49248.1 hypothetical protein DL546_009628 [Coniochaeta pulveracea],236,0.0031,non-degrader
RKU49181.1 hypothetical protein DL546_008800 [Coniochaeta pulveracea],163,0.0031,non-degrader
RKU49002.1 hypothetical protein DL546_009658 [Coniochaeta pulveracea],161,0.0031,non-degrader
RKU48996.1 hypothetical protein DL546_009644 [Coniochaeta pulveracea],723,0.0031,non-degrader
RKU48914.1 hypothetical protein DL546_008962 [Coniochaeta pulveracea],298,0.0031,non-degrader
RKU48758.1 transcription initiation factor IIB [Coniochaeta pulveracea],351,0.0031,non-degrader
RKU48697.1 hypothetical protein DL546_009559 [Coniochaeta pulveracea],727,0.0031,non-degrader
RKU48316.1 Nucleolar Complex 2 protein [Coniochaeta pulveracea],899,0.0031,non-degrader
RKU48221.1 hypothetical protein DL546_002833 [Coniochaeta pulveracea],672,0.0031,non-degrader
RKU48194.1 hypothetical protein DL546_009557 [Coniochaeta pulveracea],378,0.0031,non-degrader
RKU48128.1 COP9 signalosome catalytic subunit rri1 [Coniochaeta pulveracea],351,0.0031,non-degrader
RKU48096.1 hypothetical protein DL546_008663 [Coniochaeta pulveracea],723,0.0031,non-degrader
RKU48087.1 hypothetical protein DL546_008518 [Coniochaeta pulveracea],1429,0.0031,non-degrader
RKU48072.1 hypothetical protein DL546_008293 [Coniochaeta pulveracea],630,0.0031,non-degrader
RKU48002.1 hypothetical protein DL546_006016 [Coniochaeta pulveracea],231,0.0031,non-degrader
RKU47923.1 hypothetical protein DL546_009311 [Coniochaeta pulveracea],399,0.0031,non-degrader
RKU47797.1 hypothetical protein DL546_007013 [Coniochaeta pulveracea],1718,0.0031,non-degrader
RKU47651.1 hypothetical protein DL546_008841 [Coniochaeta pulveracea],385,0.0031,non-degrader
RKU47514.1 hypothetical protein DL546_004181 [Coniochaeta pulveracea],1086,0.0031,non-degrader
RKU47361.1 hypothetical protein DL546_005980 [Coniochaeta pulveracea],241,0.0031,non-degrader
RKU46929.1 hypothetical protein DL546_004057 [Coniochaeta pulveracea],336,0.0031,non-degrader
RKU46913.1 hypothetical protein DL546_002808 [Coniochaeta pulveracea],193,0.0031,non-degrader
RKU46910.1 hypothetical protein DL546_002465 [Coniochaeta pulveracea],658,0.0031,non-degrader
RKU46873.1 hypothetical protein DL546_009020 [Coniochaeta pulveracea],649,0.0031,non-degrader
RKU46589.1 hypothetical protein DL546_005686 [Coniochaeta pulveracea],236,0.0031,non-degrader
RKU46533.1 hypothetical protein DL546_008924 [Coniochaeta pulveracea],415,0.0031,non-degrader
RKU46467.1 hypothetical protein DL546_007700 [Coniochaeta pulveracea],456,0.0031,non-degrader
RKU46157.1 hypothetical protein DL546_007910 [Coniochaeta pulveracea],475,0.0031,non-degrader
RKU46144.1 Glucose-6-phosphate 1-dehydrogenase [Coniochaeta pulveracea],507,0.0031,non-degrader
RKU46029.1 hypothetical protein DL546_008587 [Coniochaeta pulveracea],892,0.0031,non-degrader
RKU45930.1 GTP cyclohydrolase 1 [Coniochaeta pulveracea],313,0.0031,non-degrader
RKU45855.1 phosphatidylethanolamine N-methyltransferase [Coniochaeta pulveracea],959,0.0031,non-degrader
"RKU45837.1 DNA-directed RNA polymerases I, II, and III subunit RPABC3 [Coniochaeta pulveracea]",149,0.0031,non-degrader
RKU45780.1 hypothetical protein DL546_002461 [Coniochaeta pulveracea],511,0.0031,non-degrader
RKU45669.1 hypothetical protein DL546_005076 [Coniochaeta pulveracea],235,0.0031,non-degrader
RKU45601.1 snoRNP complex protein nop56 [Coniochaeta pulveracea],562,0.0031,non-degrader
RKU45590.1 hypothetical protein DL546_007706 [Coniochaeta pulveracea],680,0.0031,non-degrader
RKU45535.1 hypothetical protein DL546_004463 [Coniochaeta pulveracea],285,0.0031,non-degrader
RKU45475.1 hypothetical protein DL546_008054 [Coniochaeta pulveracea],659,0.0031,non-degrader
RKU45381.1 hypothetical protein DL546_003546 [Coniochaeta pulveracea],660,0.0031,non-degrader
RKU45376.1 hypothetical protein DL546_003176 [Coniochaeta pulveracea],107,0.0031,non-degrader
RKU45363.1 phospholipid scramblase 1 [Coniochaeta pulveracea],223,0.0031,non-degrader
RKU45163.1 hypothetical protein DL546_006189 [Coniochaeta pulveracea],425,0.0031,non-degrader
RKU45131.1 hypothetical protein DL546_004215 [Coniochaeta pulveracea],429,0.0031,non-degrader
RKU45060.1 hypothetical protein DL546_006937 [Coniochaeta pulveracea],1164,0.0031,non-degrader
RKU45042.1 hypothetical protein DL546_005718 [Coniochaeta pulveracea],471,0.0031,non-degrader
RKU44940.1 rRNA-processing protein and EBNA1-binding protein ebp2 [Coniochaeta pulveracea],464,0.0031,non-degrader
RKU44828.1 hypothetical protein DL546_002942 [Coniochaeta pulveracea],324,0.0031,non-degrader
RKU44628.1 hypothetical protein DL546_007251 [Coniochaeta pulveracea],299,0.0031,non-degrader
RKU44605.1 hypothetical protein DL546_006210 [Coniochaeta pulveracea],566,0.0031,non-degrader
RKU44398.1 hypothetical protein DL546_004969 [Coniochaeta pulveracea],298,0.0031,non-degrader
RKU44230.1 hypothetical protein DL546_005593 [Coniochaeta pulveracea],366,0.0031,non-degrader
RKU44175.1 hypothetical protein DL546_006780 [Coniochaeta pulveracea],665,0.0031,non-degrader
RKU44161.1 hypothetical protein DL546_006204 [Coniochaeta pulveracea],738,0.0031,non-degrader
RKU44122.1 hypothetical protein DL546_003393 [Coniochaeta pulveracea],370,0.0031,non-degrader
RKU43901.1 hypothetical protein DL546_006644 [Coniochaeta pulveracea],242,0.0031,non-degrader
RKU43811.1 hypothetical protein DL546_006476 [Coniochaeta pulveracea],372,0.0031,non-degrader
RKU43755.1 hypothetical protein DL546_006375 [Coniochaeta pulveracea],176,0.0031,non-degrader
RKU43698.1 RNA-dependent ATPase rok1 [Coniochaeta pulveracea],760,0.0031,non-degrader
RKU43632.1 hypothetical protein DL546_004051 [Coniochaeta pulveracea],503,0.0031,non-degrader
RKU43616.1 hypothetical protein DL546_001498 [Coniochaeta pulveracea],169,0.0031,non-degrader
RKU43572.1 hypothetical protein DL546_004361 [Coniochaeta pulveracea],845,0.0031,non-degrader
RKU43563.1 Sphingolipid C9-methyltransferase 2 [Coniochaeta pulveracea],522,0.0031,non-degrader
RKU43554.1 serine/threonine-protein kinase HAL4/sat4 [Coniochaeta pulveracea],512,0.0031,non-degrader
RKU43547.1 hypothetical protein DL546_001309 [Coniochaeta pulveracea],459,0.0031,non-degrader
RKU43514.1 tyrosyl-tRNA synthetase [Coniochaeta pulveracea],644,0.0031,non-degrader
"RKU43513.1 membrane anchor subunit of succinate dehydrogenase, Sdh4 [Coniochaeta pulveracea]",169,0.0031,non-degrader
RKU43414.1 hypothetical protein DL546_004159 [Coniochaeta pulveracea],342,0.0031,non-degrader
RKU43056.1 hypothetical protein DL546_006484 [Coniochaeta pulveracea],519,0.0031,non-degrader
RKU43052.1 hypothetical protein DL546_006196 [Coniochaeta pulveracea],368,0.0031,non-degrader
RKU43033.1 hypothetical protein DL546_005067 [Coniochaeta pulveracea],579,0.0031,non-degrader
RKU42797.1 Proteasome subunit beta type-6 [Coniochaeta pulveracea],265,0.0031,non-degrader
RKU42753.1 hypothetical protein DL546_006123 [Coniochaeta pulveracea],450,0.0031,non-degrader
RKU42726.1 hypothetical protein DL546_004104 [Coniochaeta pulveracea],208,0.0031,non-degrader
RKU42474.1 AdoMet-dependent rRNA methyltransferase spb1 [Coniochaeta pulveracea],859,0.0031,non-degrader
RKU42466.1 rRNA-processing protein las1 [Coniochaeta pulveracea],331,0.0031,non-degrader
RKU42463.1 hypothetical protein DL546_004234 [Coniochaeta pulveracea],426,0.0031,non-degrader
RKU42434.1 hypothetical protein DL546_000865 [Coniochaeta pulveracea],693,0.0031,non-degrader
RKU42370.1 hypothetical protein DL546_001828 [Coniochaeta pulveracea],627,0.0031,non-degrader
RKU42123.1 hypothetical protein DL546_003753 [Coniochaeta pulveracea],415,0.0031,non-degrader
RKU42055.1 hypothetical protein DL546_002509 [Coniochaeta pulveracea],834,0.0031,non-degrader
RKU42041.1 hypothetical protein DL546_000780 [Coniochaeta pulveracea],662,0.0031,non-degrader
RKU41995.1 hypothetical protein DL546_003246 [Coniochaeta pulveracea],262,0.0031,non-degrader
RKU41975.1 hypothetical protein DL546_001148 [Coniochaeta pulveracea],807,0.0031,non-degrader
RKU41948.1 Enhancer of polycomb-like protein 1 [Coniochaeta pulveracea],582,0.0031,non-degrader
RKU41923.1 hypothetical protein DL546_001791 [Coniochaeta pulveracea],791,0.0031,non-degrader
"RKU41691.1 1,3-beta-D-glucan synthase [Coniochaeta pulveracea]",1950,0.0031,non-degrader
RKU41593.1 hypothetical protein DL546_000082 [Coniochaeta pulveracea],662,0.0031,non-degrader
"RKU41591.1 hypothetical protein DL546_005411, partial [Coniochaeta pulveracea]",93,0.0031,non-degrader
RKU41587.1 hypothetical protein DL546_005093 [Coniochaeta pulveracea],370,0.0031,non-degrader
RKU41560.1 hypothetical protein DL546_003293 [Coniochaeta pulveracea],300,0.0031,non-degrader
RKU41410.1 hypothetical protein DL546_002398 [Coniochaeta pulveracea],468,0.0031,non-degrader
RKU41331.1 hypothetical protein DL546_003700 [Coniochaeta pulveracea],101,0.0031,non-degrader
RKU41310.1 terpene cyclase [Coniochaeta pulveracea],476,0.0031,non-degrader
RKU41244.1 hypothetical protein DL546_002572 [Coniochaeta pulveracea],756,0.0031,non-degrader
RKU41242.1 hypothetical protein DL546_002281 [Coniochaeta pulveracea],440,0.0031,non-degrader
RKU41106.1 hypothetical protein DL546_002029 [Coniochaeta pulveracea],717,0.0031,non-degrader
RKU40768.1 regulator of (H+)-ATPase in vacuolar membrane [Coniochaeta pulveracea],1337,0.0031,non-degrader
RKU40649.1 hypothetical protein DL546_000537 [Coniochaeta pulveracea],577,0.0031,non-degrader
RKU39956.1 nucleolar zinc-finger protein [Coniochaeta pulveracea],410,0.0031,non-degrader
RKU39778.1 PX domain-containing protein ypt35 [Coniochaeta pulveracea],77,0.0031,non-degrader
RKU49652.1 hypothetical protein DL546_009725 [Coniochaeta pulveracea],505,0.003,non-degrader
RKU49544.1 hypothetical protein DL546_009109 [Coniochaeta pulveracea],307,0.003,non-degrader
RKU49528.1 hypothetical protein DL546_008928 [Coniochaeta pulveracea],376,0.003,non-degrader
RKU49404.1 hypothetical protein DL546_005604 [Coniochaeta pulveracea],135,0.003,non-degrader
RKU49403.1 hypothetical protein DL546_005499 [Coniochaeta pulveracea],1056,0.003,non-degrader
RKU49321.1 hypothetical protein DL546_009842 [Coniochaeta pulveracea],247,0.003,non-degrader
RKU49168.1 hypothetical protein DL546_008619 [Coniochaeta pulveracea],479,0.003,non-degrader
RKU49116.1 hypothetical protein DL546_007376 [Coniochaeta pulveracea],545,0.003,non-degrader
RKU49077.1 hypothetical protein DL546_004306 [Coniochaeta pulveracea],1027,0.003,non-degrader
RKU48933.1 hypothetical protein DL546_009180 [Coniochaeta pulveracea],1091,0.003,non-degrader
RKU48668.1 hypothetical protein DL546_009423 [Coniochaeta pulveracea],488,0.003,non-degrader
RKU48657.1 hypothetical protein DL546_009346 [Coniochaeta pulveracea],331,0.003,non-degrader
RKU48593.1 hypothetical protein DL546_008456 [Coniochaeta pulveracea],442,0.003,non-degrader
RKU48572.1 hypothetical protein DL546_008206 [Coniochaeta pulveracea],469,0.003,non-degrader
RKU48559.1 hypothetical protein DL546_007944 [Coniochaeta pulveracea],462,0.003,non-degrader
RKU48503.1 hypothetical protein DL546_005928 [Coniochaeta pulveracea],69,0.003,non-degrader
RKU48483.1 hypothetical protein DL546_004573 [Coniochaeta pulveracea],1123,0.003,non-degrader
RKU48362.1 hypothetical protein DL546_008922 [Coniochaeta pulveracea],380,0.003,non-degrader
RKU48276.1 Multiple RNA-binding domain-containing protein 1 [Coniochaeta pulveracea],786,0.003,non-degrader
RKU48248.1 hypothetical protein DL546_005075 [Coniochaeta pulveracea],375,0.003,non-degrader
RKU48180.1 hypothetical protein DL546_009470 [Coniochaeta pulveracea],296,0.003,non-degrader
"RKU48142.1 54S ribosomal protein L23, mitochondrial [Coniochaeta pulveracea]",183,0.003,non-degrader
RKU47916.1 hypothetical protein DL546_009256 [Coniochaeta pulveracea],695,0.003,non-degrader
RKU47881.1 hypothetical protein DL546_008823 [Coniochaeta pulveracea],676,0.003,non-degrader
RKU47876.1 Histone-lysine N-methyltransferase set9 [Coniochaeta pulveracea],754,0.003,non-degrader
RKU47772.1 hypothetical protein DL546_005880 [Coniochaeta pulveracea],801,0.003,non-degrader
RKU47767.1 hypothetical protein DL546_005659 [Coniochaeta pulveracea],724,0.003,non-degrader
RKU47744.1 tRNA pseudouridine synthase 1 [Coniochaeta pulveracea],645,0.003,non-degrader
RKU47737.1 hypothetical protein DL546_003273 [Coniochaeta pulveracea],384,0.003,non-degrader
RKU47672.1 hypothetical protein DL546_009096 [Coniochaeta pulveracea],350,0.003,non-degrader
RKU47511.1 hypothetical protein DL546_003992 [Coniochaeta pulveracea],859,0.003,non-degrader
RKU47441.1 hypothetical protein DL546_008796 [Coniochaeta pulveracea],642,0.003,non-degrader
RKU47410.1 hypothetical protein DL546_007890 [Coniochaeta pulveracea],2101,0.003,non-degrader
RKU47274.1 glucosyltransferase [Coniochaeta pulveracea],726,0.003,non-degrader
RKU47104.1 54S ribosomal protein L2 mitochondrial [Coniochaeta pulveracea],343,0.003,non-degrader
RKU47097.1 Farnesyl pyrophosphate synthetase [Coniochaeta pulveracea],347,0.003,non-degrader
RKU47082.1 hypothetical protein DL546_009223 [Coniochaeta pulveracea],160,0.003,non-degrader
RKU46999.1 hypothetical protein DL546_007749 [Coniochaeta pulveracea],385,0.003,non-degrader
RKU46985.1 hypothetical protein DL546_007468 [Coniochaeta pulveracea],666,0.003,non-degrader
RKU46979.1 hypothetical protein DL546_007019 [Coniochaeta pulveracea],1067,0.003,non-degrader
RKU46853.1 H(+)-transporting V0 sector ATPase subunit e [Coniochaeta pulveracea],76,0.003,non-degrader
RKU46773.1 hypothetical protein DL546_006008 [Coniochaeta pulveracea],997,0.003,non-degrader
RKU46661.1 hypothetical protein DL546_008163 [Coniochaeta pulveracea],790,0.003,non-degrader
RKU46660.1 hypothetical protein DL546_008163 [Coniochaeta pulveracea],869,0.003,non-degrader
RKU46497.1 hypothetical protein DL546_008355 [Coniochaeta pulveracea],966,0.003,non-degrader
RKU46464.1 hypothetical protein DL546_007641 [Coniochaeta pulveracea],385,0.003,non-degrader
RKU46423.1 hypothetical protein DL546_006206 [Coniochaeta pulveracea],374,0.003,non-degrader
RKU46274.1 hypothetical protein DL546_006939 [Coniochaeta pulveracea],819,0.003,non-degrader
RKU46151.1 hypothetical protein DL546_007751 [Coniochaeta pulveracea],118,0.003,non-degrader
RKU46096.1 acetate non-utilizing protein 9 [Coniochaeta pulveracea],134,0.003,non-degrader
RKU45704.1 hypothetical protein DL546_006982 [Coniochaeta pulveracea],1057,0.003,non-degrader
RKU45633.1 hypothetical protein DL546_000915 [Coniochaeta pulveracea],1266,0.003,non-degrader
RKU45567.1 hypothetical protein DL546_006831 [Coniochaeta pulveracea],518,0.003,non-degrader
RKU45460.1 hypothetical protein DL546_007778 [Coniochaeta pulveracea],180,0.003,non-degrader
RKU45407.1 hypothetical protein DL546_005432 [Coniochaeta pulveracea],324,0.003,non-degrader
RKU45403.1 hypothetical protein DL546_005116 [Coniochaeta pulveracea],729,0.003,non-degrader
RKU45364.1 hypothetical protein DL546_001185 [Coniochaeta pulveracea],825,0.003,non-degrader
RKU45319.1 plasma membrane calcium [Coniochaeta pulveracea],1183,0.003,non-degrader
RKU45292.1 hypothetical protein DL546_006436 [Coniochaeta pulveracea],751,0.003,non-degrader
RKU45219.1 CorA metal ion transporter [Coniochaeta pulveracea],861,0.003,non-degrader
RKU45148.1 RING-box protein 1 [Coniochaeta pulveracea],106,0.003,non-degrader
RKU44752.1 hypothetical protein DL546_005550 [Coniochaeta pulveracea],114,0.003,non-degrader
RKU44625.1 hypothetical protein DL546_007175 [Coniochaeta pulveracea],434,0.003,non-degrader
RKU44620.1 serine/threonine protein phosphatase Pzh1 [Coniochaeta pulveracea],534,0.003,non-degrader
RKU44594.1 hypothetical protein DL546_005757 [Coniochaeta pulveracea],346,0.003,non-degrader
RKU44317.1 hypothetical protein DL546_005801 [Coniochaeta pulveracea],130,0.003,non-degrader
RKU44261.1 hypothetical protein DL546_007323 [Coniochaeta pulveracea],286,0.003,non-degrader
RKU44254.1 hypothetical protein DL546_006964 [Coniochaeta pulveracea],529,0.003,non-degrader
RKU44215.1 hypothetical protein DL546_003917 [Coniochaeta pulveracea],805,0.003,non-degrader
RKU44191.1 ATP-dependent DNA/RNA helicase [Coniochaeta pulveracea],624,0.003,non-degrader
RKU44179.1 hypothetical protein DL546_007024 [Coniochaeta pulveracea],470,0.003,non-degrader
RKU43989.1 hypothetical protein DL546_006160 [Coniochaeta pulveracea],1851,0.003,non-degrader
RKU43974.1 hypothetical protein DL546_005071 [Coniochaeta pulveracea],651,0.003,non-degrader
RKU43921.1 hypothetical protein DL546_000495 [Coniochaeta pulveracea],774,0.003,non-degrader
RKU43904.1 hypothetical protein DL546_006742 [Coniochaeta pulveracea],346,0.003,non-degrader
RKU43687.1 hypothetical protein DL546_000797 [Coniochaeta pulveracea],621,0.003,non-degrader
RKU43601.1 hypothetical protein DL546_006521 [Coniochaeta pulveracea],551,0.003,non-degrader
RKU43556.1 TRAPP subunit bet5 [Coniochaeta pulveracea],157,0.003,non-degrader
RKU43497.1 hypothetical protein DL546_003932 [Coniochaeta pulveracea],587,0.003,non-degrader
RKU43490.1 hypothetical protein DL546_003638 [Coniochaeta pulveracea],372,0.003,non-degrader
RKU43370.1 hypothetical protein DL546_006439 [Coniochaeta pulveracea],399,0.003,non-degrader
RKU43233.1 hypothetical protein DL546_002630 [Coniochaeta pulveracea],116,0.003,non-degrader
RKU42821.1 hypothetical protein DL546_006010 [Coniochaeta pulveracea],141,0.003,non-degrader
RKU42820.1 hypothetical protein DL546_005965 [Coniochaeta pulveracea],610,0.003,non-degrader
RKU42796.1 phosphatidylinositol 4-kinase [Coniochaeta pulveracea],1941,0.003,non-degrader
RKU42733.1 hypothetical protein DL546_004583 [Coniochaeta pulveracea],546,0.003,non-degrader
RKU42717.1 peptidylprolyl isomerase fpr4 [Coniochaeta pulveracea],443,0.003,non-degrader
RKU42643.1 hypothetical protein DL546_001089 [Coniochaeta pulveracea],565,0.003,non-degrader
RKU42472.1 hypothetical protein DL546_005090 [Coniochaeta pulveracea],1143,0.003,non-degrader
RKU42338.1 hypothetical protein DL546_005420 [Coniochaeta pulveracea],413,0.003,non-degrader
RKU42337.1 hypothetical protein DL546_005394 [Coniochaeta pulveracea],222,0.003,non-degrader
RKU42093.1 hypothetical protein DL546_000051 [Coniochaeta pulveracea],1289,0.003,non-degrader
RKU42046.1 hypothetical protein DL546_001356 [Coniochaeta pulveracea],1737,0.003,non-degrader
RKU42028.1 hypothetical protein DL546_005322 [Coniochaeta pulveracea],595,0.003,non-degrader
RKU41980.1 hypothetical protein DL546_001722 [Coniochaeta pulveracea],121,0.003,non-degrader
RKU41925.1 hypothetical protein DL546_002078 [Coniochaeta pulveracea],526,0.003,non-degrader
RKU41810.1 hypothetical protein DL546_002821 [Coniochaeta pulveracea],362,0.003,non-degrader
RKU41721.1 hypothetical protein DL546_004114 [Coniochaeta pulveracea],529,0.003,non-degrader
RKU41463.1 hypothetical protein DL546_003024 [Coniochaeta pulveracea],383,0.003,non-degrader
RKU41449.1 hypothetical protein DL546_001982 [Coniochaeta pulveracea],302,0.003,non-degrader
RKU41411.1 hypothetical protein DL546_002398 [Coniochaeta pulveracea],396,0.003,non-degrader
RKU41391.1 hypothetical protein DL546_004622 [Coniochaeta pulveracea],285,0.003,non-degrader
RKU41375.1 hypothetical protein DL546_003649 [Coniochaeta pulveracea],717,0.003,non-degrader
RKU41343.1 hypothetical protein DL546_009929 [Coniochaeta pulveracea],67,0.003,non-degrader
RKU41249.1 hypothetical protein DL546_003018 [Coniochaeta pulveracea],1103,0.003,non-degrader
RKU41241.1 hypothetical protein DL546_002281 [Coniochaeta pulveracea],649,0.003,non-degrader
RKU41027.1 1-acylglycerol-3-phosphate O-acyltransferase [Coniochaeta pulveracea],305,0.003,non-degrader
RKU40969.1 ATP-dependent RNA helicase dbp7 [Coniochaeta pulveracea],442,0.003,non-degrader
RKU40942.1 hypothetical protein DL546_003944 [Coniochaeta pulveracea],398,0.003,non-degrader
RKU40818.1 hypothetical protein DL546_001787 [Coniochaeta pulveracea],132,0.003,non-degrader
RKU40778.1 Peptidyl-prolyl isomerase cwc27 [Coniochaeta pulveracea],609,0.003,non-degrader
RKU40577.1 hypothetical protein DL546_002084 [Coniochaeta pulveracea],524,0.003,non-degrader
RKU40532.1 hypothetical protein DL546_000721 [Coniochaeta pulveracea],360,0.003,non-degrader
RKU40459.1 hypothetical protein DL546_001563 [Coniochaeta pulveracea],631,0.003,non-degrader
RKU40132.1 hypothetical protein DL546_001237 [Coniochaeta pulveracea],529,0.003,non-degrader
RKU40006.1 hypothetical protein DL546_000533 [Coniochaeta pulveracea],805,0.003,non-degrader
RKU40004.1 hypothetical protein DL546_000332 [Coniochaeta pulveracea],1005,0.003,non-degrader
RKU39924.1 hypothetical protein DL546_001172 [Coniochaeta pulveracea],540,0.003,non-degrader
RKU39854.1 hypothetical protein DL546_001371 [Coniochaeta pulveracea],285,0.003,non-degrader
RKU49264.1 hypothetical protein DL546_009688 [Coniochaeta pulveracea],695,0.0029,non-degrader
RKU49209.1 hypothetical protein DL546_009148 [Coniochaeta pulveracea],791,0.0029,non-degrader
RKU49202.1 hypothetical protein DL546_009066 [Coniochaeta pulveracea],351,0.0029,non-degrader
RKU49034.1 Mitochondrial fission protein [Coniochaeta pulveracea],658,0.0029,non-degrader
RKU49016.1 hypothetical protein DL546_009710 [Coniochaeta pulveracea],175,0.0029,non-degrader
RKU48782.1 hypothetical protein DL546_005198 [Coniochaeta pulveracea],147,0.0029,non-degrader
RKU48777.1 hypothetical protein DL546_004646 [Coniochaeta pulveracea],503,0.0029,non-degrader
RKU48728.1 hypothetical protein DL546_009727 [Coniochaeta pulveracea],523,0.0029,non-degrader
RKU48616.1 hypothetical protein DL546_008830 [Coniochaeta pulveracea],566,0.0029,non-degrader
RKU48607.1 hypothetical protein DL546_008753 [Coniochaeta pulveracea],413,0.0029,non-degrader
RKU48557.1 hypothetical protein DL546_007914 [Coniochaeta pulveracea],456,0.0029,non-degrader
RKU48550.1 hypothetical protein DL546_007509 [Coniochaeta pulveracea],325,0.0029,non-degrader
RKU48326.1 hypothetical protein DL546_008311 [Coniochaeta pulveracea],1442,0.0029,non-degrader
RKU48255.1 hypothetical protein DL546_005553 [Coniochaeta pulveracea],284,0.0029,non-degrader
RKU48240.1 hypothetical protein DL546_004441 [Coniochaeta pulveracea],494,0.0029,non-degrader
RKU48182.1 serine palmitoyltransferase component [Coniochaeta pulveracea],667,0.0029,non-degrader
RKU48149.1 60S ribosomal protein L7 [Coniochaeta pulveracea],250,0.0029,non-degrader
RKU48067.1 hypothetical protein DL546_008225 [Coniochaeta pulveracea],76,0.0029,non-degrader
RKU47978.1 hypothetical protein DL546_004495 [Coniochaeta pulveracea],106,0.0029,non-degrader
RKU47675.1 hypothetical protein DL546_009139 [Coniochaeta pulveracea],386,0.0029,non-degrader
RKU47490.1 hypothetical protein DL546_002036 [Coniochaeta pulveracea],177,0.0029,non-degrader
RKU47313.1 hypothetical protein DL546_002410 [Coniochaeta pulveracea],167,0.0029,non-degrader
RKU47239.1 hypothetical protein DL546_008684 [Coniochaeta pulveracea],532,0.0029,non-degrader
RKU47174.1 hypothetical protein DL546_007502 [Coniochaeta pulveracea],309,0.0029,non-degrader
RKU47173.1 kinetochore-associated Ndc80 complex subunit spc24 [Coniochaeta pulveracea],198,0.0029,non-degrader
RKU47149.1 hypothetical protein DL546_006491 [Coniochaeta pulveracea],455,0.0029,non-degrader
RKU47145.1 Xylanolytic transcriptional activator xlnR [Coniochaeta pulveracea],990,0.0029,non-degrader
RKU47105.1 hypothetical protein DL546_003791 [Coniochaeta pulveracea],647,0.0029,non-degrader
RKU47090.1 hypothetical protein DL546_000544 [Coniochaeta pulveracea],234,0.0029,non-degrader
RKU46854.1 hypothetical protein DL546_008433 [Coniochaeta pulveracea],286,0.0029,non-degrader
RKU46840.1 hypothetical protein DL546_008082 [Coniochaeta pulveracea],149,0.0029,non-degrader
RKU46667.1 hypothetical protein DL546_008275 [Coniochaeta pulveracea],561,0.0029,non-degrader
RKU46615.1 C-24(28) sterol reductase [Coniochaeta pulveracea],571,0.0029,non-degrader
RKU46566.1 hypothetical protein DL546_003743 [Coniochaeta pulveracea],792,0.0029,non-degrader
RKU46396.1 hypothetical protein DL546_005050 [Coniochaeta pulveracea],762,0.0029,non-degrader
RKU46301.1 hypothetical protein DL546_007765 [Coniochaeta pulveracea],613,0.0029,non-degrader
RKU46171.1 hypothetical protein DL546_008340 [Coniochaeta pulveracea],928,0.0029,non-degrader
RKU46075.1 hypothetical protein DL546_004087 [Coniochaeta pulveracea],238,0.0029,non-degrader
RKU45957.1 hypothetical protein DL546_005146 [Coniochaeta pulveracea],619,0.0029,non-degrader
RKU45820.1 hypothetical protein DL546_006265 [Coniochaeta pulveracea],389,0.0029,non-degrader
RKU45788.1 hypothetical protein DL546_003850 [Coniochaeta pulveracea],1066,0.0029,non-degrader
RKU45726.1 hypothetical protein DL546_007846 [Coniochaeta pulveracea],883,0.0029,non-degrader
RKU45564.1 hypothetical protein DL546_006671 [Coniochaeta pulveracea],208,0.0029,non-degrader
RKU45375.1 hypothetical protein DL546_003054 [Coniochaeta pulveracea],695,0.0029,non-degrader
RKU45023.1 hypothetical protein DL546_004516 [Coniochaeta pulveracea],170,0.0029,non-degrader
RKU44865.1 Light-sensor Protein kinase [Coniochaeta pulveracea],1536,0.0029,non-degrader
RKU44790.1 hypothetical protein DL546_007406 [Coniochaeta pulveracea],710,0.0029,non-degrader
RKU44650.1 endoribonuclease ysh1 [Coniochaeta pulveracea],821,0.0029,non-degrader
RKU44568.1 kinesin motor protein cin8 [Coniochaeta pulveracea],1190,0.0029,non-degrader
RKU44509.1 hypothetical protein DL546_005896 [Coniochaeta pulveracea],287,0.0029,non-degrader
RKU44465.1 hypothetical protein DL546_002219 [Coniochaeta pulveracea],496,0.0029,non-degrader
RKU44460.1 hypothetical protein DL546_001517 [Coniochaeta pulveracea],532,0.0029,non-degrader
RKU44395.1 hypothetical protein DL546_004748 [Coniochaeta pulveracea],1161,0.0029,non-degrader
RKU44235.1 TATA-binding protein-associated factor mot1 [Coniochaeta pulveracea],1907,0.0029,non-degrader
RKU44169.1 hypothetical protein DL546_006516 [Coniochaeta pulveracea],536,0.0029,non-degrader
RKU44116.1 Cytochrome c oxidase subunit 4 [Coniochaeta pulveracea],192,0.0029,non-degrader
RKU43950.1 hypothetical protein DL546_003364 [Coniochaeta pulveracea],544,0.0029,non-degrader
RKU43836.1 hypothetical protein DL546_000925 [Coniochaeta pulveracea],467,0.0029,non-degrader
RKU43808.1 hypothetical protein DL546_006395 [Coniochaeta pulveracea],367,0.0029,non-degrader
RKU43782.1 hypothetical protein DL546_004665 [Coniochaeta pulveracea],1021,0.0029,non-degrader
RKU43620.1 hypothetical protein DL546_002790 [Coniochaeta pulveracea],380,0.0029,non-degrader
RKU43502.1 intercellular trafficking and secretion [Coniochaeta pulveracea],481,0.0029,non-degrader
RKU43474.1 hypothetical protein DL546_002365 [Coniochaeta pulveracea],240,0.0029,non-degrader
RKU43470.1 hypothetical protein DL546_001887 [Coniochaeta pulveracea],257,0.0029,non-degrader
RKU43356.1 hypothetical protein DL546_005699 [Coniochaeta pulveracea],647,0.0029,non-degrader
RKU43234.1 hypothetical protein DL546_002811 [Coniochaeta pulveracea],699,0.0029,non-degrader
RKU43178.1 hypothetical protein DL546_004652 [Coniochaeta pulveracea],290,0.0029,non-degrader
RKU43022.1 hypothetical protein DL546_004301 [Coniochaeta pulveracea],403,0.0029,non-degrader
RKU42976.1 hypothetical protein DL546_000178 [Coniochaeta pulveracea],698,0.0029,non-degrader
RKU42964.1 hypothetical protein DL546_006103 [Coniochaeta pulveracea],325,0.0029,non-degrader
RKU42833.1 hypothetical protein DL546_000259 [Coniochaeta pulveracea],375,0.0029,non-degrader
RKU42815.1 hypothetical protein DL546_005603 [Coniochaeta pulveracea],891,0.0029,non-degrader
RKU42805.1 G2/mitotic-specific cyclin [Coniochaeta pulveracea],493,0.0029,non-degrader
"RKU42802.1 RNA polymerase B, variant 2 [Coniochaeta pulveracea]",166,0.0029,non-degrader
RKU42708.1 hypothetical protein DL546_002120 [Coniochaeta pulveracea],806,0.0029,non-degrader
RKU42657.1 hypothetical protein DL546_002997 [Coniochaeta pulveracea],318,0.0029,non-degrader
RKU42238.1 hypothetical protein DL546_002548 [Coniochaeta pulveracea],517,0.0029,non-degrader
RKU42151.1 Lanosterol 14-alpha-demethylase [Coniochaeta pulveracea],530,0.0029,non-degrader
"RKU41997.1 Class II abasic (AP) endonuclease, variant 2 [Coniochaeta pulveracea]",657,0.0029,non-degrader
RKU41790.1 hypothetical protein DL546_005207 [Coniochaeta pulveracea],297,0.0029,non-degrader
RKU41552.1 hypothetical protein DL546_002433 [Coniochaeta pulveracea],225,0.0029,non-degrader
RKU41484.1 hypothetical protein DL546_005100 [Coniochaeta pulveracea],264,0.0029,non-degrader
RKU41290.1 glycylpeptide N-tetradecanoyltransferase [Coniochaeta pulveracea],566,0.0029,non-degrader
RKU41174.1 hypothetical protein DL546_004235 [Coniochaeta pulveracea],1211,0.0029,non-degrader
RKU41173.1 hypothetical protein DL546_004196 [Coniochaeta pulveracea],227,0.0029,non-degrader
RKU41145.1 hypothetical protein DL546_002012 [Coniochaeta pulveracea],99,0.0029,non-degrader
RKU41107.1 hypothetical protein DL546_002356 [Coniochaeta pulveracea],379,0.0029,non-degrader
RKU41099.1 hypothetical protein DL546_000996 [Coniochaeta pulveracea],181,0.0029,non-degrader
RKU41029.1 hypothetical protein DL546_002701 [Coniochaeta pulveracea],635,0.0029,non-degrader
RKU40984.1 hypothetical protein DL546_001599 [Coniochaeta pulveracea],657,0.0029,non-degrader
RKU40979.1 lactose regulatory protein lac9 and GAL4-like protein [Coniochaeta pulveracea],664,0.0029,non-degrader
RKU40976.1 hypothetical protein DL546_000144 [Coniochaeta pulveracea],349,0.0029,non-degrader
RKU40872.1 hypothetical protein DL546_000305 [Coniochaeta pulveracea],245,0.0029,non-degrader
RKU40504.1 hypothetical protein DL546_003225 [Coniochaeta pulveracea],597,0.0029,non-degrader
RKU40490.1 hypothetical protein DL546_001806 [Coniochaeta pulveracea],268,0.0029,non-degrader
RKU40216.1 hypothetical protein DL546_000195 [Coniochaeta pulveracea],1787,0.0029,non-degrader
RKU40168.1 hypothetical protein DL546_000827 [Coniochaeta pulveracea],468,0.0029,non-degrader
RKU40162.1 hypothetical protein DL546_002339 [Coniochaeta pulveracea],743,0.0029,non-degrader
RKU40136.1 hypothetical protein DL546_001613 [Coniochaeta pulveracea],529,0.0029,non-degrader
RKU40091.1 hypothetical protein DL546_002269 [Coniochaeta pulveracea],546,0.0029,non-degrader
RKU39902.1 rRNA (cytosine-C5-)-methyltransferase nop2 [Coniochaeta pulveracea],742,0.0029,non-degrader
RKU39852.1 hypothetical protein DL546_001066 [Coniochaeta pulveracea],445,0.0029,non-degrader
RKU49588.1 hypothetical protein DL546_009445 [Coniochaeta pulveracea],460,0.0028,non-degrader
RKU49560.1 hypothetical protein DL546_009265 [Coniochaeta pulveracea],439,0.0028,non-degrader
RKU49232.1 hypothetical protein DL546_009562 [Coniochaeta pulveracea],229,0.0028,non-degrader
RKU49210.1 hypothetical protein DL546_009165 [Coniochaeta pulveracea],445,0.0028,non-degrader
RKU49136.1 hypothetical protein DL546_007946 [Coniochaeta pulveracea],1316,0.0028,non-degrader
RKU49095.1 hypothetical protein DL546_005954 [Coniochaeta pulveracea],971,0.0028,non-degrader
RKU49019.1 hypothetical protein DL546_009716 [Coniochaeta pulveracea],472,0.0028,non-degrader
RKU48896.1 hypothetical protein DL546_008685 [Coniochaeta pulveracea],559,0.0028,non-degrader
RKU48853.1 hypothetical protein DL546_007724 [Coniochaeta pulveracea],197,0.0028,non-degrader
RKU48770.1 hypothetical protein DL546_004069 [Coniochaeta pulveracea],894,0.0028,non-degrader
"RKU48679.1 S-methyl-5-thioadenosine phosphorylase, variant 2 [Coniochaeta pulveracea]",307,0.0028,non-degrader
RKU48672.1 hypothetical protein DL546_009430 [Coniochaeta pulveracea],595,0.0028,non-degrader
RKU48606.1 hypothetical protein DL546_008747 [Coniochaeta pulveracea],204,0.0028,non-degrader
RKU48603.1 hypothetical protein DL546_008714 [Coniochaeta pulveracea],229,0.0028,non-degrader
RKU48567.1 hypothetical protein DL546_008111 [Coniochaeta pulveracea],414,0.0028,non-degrader
RKU48556.1 hypothetical protein DL546_007914 [Coniochaeta pulveracea],609,0.0028,non-degrader
RKU48520.1 hypothetical protein DL546_006654 [Coniochaeta pulveracea],494,0.0028,non-degrader
RKU48457.1 hypothetical protein DL546_002352 [Coniochaeta pulveracea],609,0.0028,non-degrader
RKU48254.1 hypothetical protein DL546_005388 [Coniochaeta pulveracea],855,0.0028,non-degrader
RKU48253.1 hypothetical protein DL546_005388 [Coniochaeta pulveracea],885,0.0028,non-degrader
RKU48222.1 hypothetical protein DL546_002833 [Coniochaeta pulveracea],594,0.0028,non-degrader
RKU47922.1 hypothetical protein DL546_009311 [Coniochaeta pulveracea],352,0.0028,non-degrader
RKU47799.1 hypothetical protein DL546_007221 [Coniochaeta pulveracea],644,0.0028,non-degrader
RKU47776.1 hypothetical protein DL546_006274 [Coniochaeta pulveracea],545,0.0028,non-degrader
RKU47773.1 hypothetical protein DL546_005880 [Coniochaeta pulveracea],683,0.0028,non-degrader
RKU47715.1 hypothetical protein DL546_000765 [Coniochaeta pulveracea],293,0.0028,non-degrader
RKU47681.1 phosphatidylcholine and lysophosphatidylcholine phospholipase [Coniochaeta pulveracea],1523,0.0028,non-degrader
RKU47677.1 hypothetical protein DL546_009130 [Coniochaeta pulveracea],228,0.0028,non-degrader
RKU47676.1 hypothetical protein DL546_009139 [Coniochaeta pulveracea],388,0.0028,non-degrader
RKU47666.1 hypothetical protein DL546_009015 [Coniochaeta pulveracea],813,0.0028,non-degrader
RKU47469.1 hypothetical protein DL546_009335 [Coniochaeta pulveracea],775,0.0028,non-degrader
RKU47424.1 tRNA-specific adenosine deaminase subunit tad3 [Coniochaeta pulveracea],413,0.0028,non-degrader
RKU47249.1 hypothetical protein DL546_008820 [Coniochaeta pulveracea],269,0.0028,non-degrader
RKU47216.1 hypothetical protein DL546_008312 [Coniochaeta pulveracea],517,0.0028,non-degrader
RKU47198.1 hypothetical protein DL546_007994 [Coniochaeta pulveracea],327,0.0028,non-degrader
RKU47155.1 hypothetical protein DL546_006750 [Coniochaeta pulveracea],316,0.0028,non-degrader
RKU47063.1 hypothetical protein DL546_008989 [Coniochaeta pulveracea],1143,0.0028,non-degrader
RKU47030.1 hypothetical protein DL546_008515 [Coniochaeta pulveracea],867,0.0028,non-degrader
RKU47016.1 lumenal Hsp70 protein [Coniochaeta pulveracea],1017,0.0028,non-degrader
RKU46974.1 hypothetical protein DL546_006832 [Coniochaeta pulveracea],656,0.0028,non-degrader
RKU46810.1 Fungal specific transcription factor [Coniochaeta pulveracea],1031,0.0028,non-degrader
RKU46801.1 hypothetical protein DL546_007150 [Coniochaeta pulveracea],281,0.0028,non-degrader
RKU46788.1 hypothetical protein DL546_006683 [Coniochaeta pulveracea],768,0.0028,non-degrader
RKU46541.1 hypothetical protein DL546_000889 [Coniochaeta pulveracea],1361,0.0028,non-degrader
"RKU46307.1 Alternative oxidase, mitochondrial precursor [Coniochaeta pulveracea]",359,0.0028,non-degrader
RKU46169.1 hypothetical protein DL546_008124 [Coniochaeta pulveracea],7917,0.0028,non-degrader
RKU46099.1 hypothetical protein DL546_005641 [Coniochaeta pulveracea],838,0.0028,non-degrader
RKU46063.1 hypothetical protein DL546_003348 [Coniochaeta pulveracea],409,0.0028,non-degrader
RKU46062.1 Oleate hydroxylase fah12 [Coniochaeta pulveracea],480,0.0028,non-degrader
RKU45964.1 Uracil-regulated protein 1 [Coniochaeta pulveracea],328,0.0028,non-degrader
RKU45852.1 hypothetical protein DL546_007467 [Coniochaeta pulveracea],825,0.0028,non-degrader
"RKU45848.1 phosphatidylinositol-3,5-bisphosphate 5-phosphatase [Coniochaeta pulveracea]",1054,0.0028,non-degrader
RKU45658.1 G-Protein alpha subunit [Coniochaeta pulveracea],355,0.0028,non-degrader
RKU45599.1 hypothetical protein DL546_007913 [Coniochaeta pulveracea],128,0.0028,non-degrader
RKU45481.1 hypothetical protein DL546_008216 [Coniochaeta pulveracea],429,0.0028,non-degrader
RKU45389.1 hypothetical protein DL546_004219 [Coniochaeta pulveracea],636,0.0028,non-degrader
RKU45272.1 hypothetical protein DL546_005442 [Coniochaeta pulveracea],152,0.0028,non-degrader
RKU45036.1 hsp70 nucleotide exchange factor fes1 [Coniochaeta pulveracea],330,0.0028,non-degrader
RKU45035.1 hypothetical protein DL546_005374 [Coniochaeta pulveracea],401,0.0028,non-degrader
RKU44987.1 hypothetical protein DL546_007551 [Coniochaeta pulveracea],148,0.0028,non-degrader
RKU44862.1 transcriptional activator [Coniochaeta pulveracea],975,0.0028,non-degrader
RKU44848.1 hypothetical protein DL546_005364 [Coniochaeta pulveracea],494,0.0028,non-degrader
RKU44782.1 hypothetical protein DL546_007007 [Coniochaeta pulveracea],76,0.0028,non-degrader
RKU44773.1 hypothetical protein DL546_006537 [Coniochaeta pulveracea],1068,0.0028,non-degrader
"RKU44748.1 Ras GTPase activating protein ira2, variant 2 [Coniochaeta pulveracea]",1860,0.0028,non-degrader
RKU44747.1 Ras GTPase activating protein ira2 [Coniochaeta pulveracea],2577,0.0028,non-degrader
RKU44530.1 Mitochondrial acidic protein mam33 [Coniochaeta pulveracea],352,0.0028,non-degrader
RKU44364.1 hypothetical protein DL546_001623 [Coniochaeta pulveracea],449,0.0028,non-degrader
RKU44305.1 hypothetical protein DL546_004726 [Coniochaeta pulveracea],479,0.0028,non-degrader
RKU44255.1 hypothetical protein DL546_007046 [Coniochaeta pulveracea],197,0.0028,non-degrader
RKU44090.1 hypothetical protein DL546_000298 [Coniochaeta pulveracea],532,0.0028,non-degrader
RKU43970.1 hypothetical protein DL546_004825 [Coniochaeta pulveracea],248,0.0028,non-degrader
RKU43874.1 hypothetical protein DL546_004824 [Coniochaeta pulveracea],478,0.0028,non-degrader
RKU43863.1 hypothetical protein DL546_003964 [Coniochaeta pulveracea],1272,0.0028,non-degrader
RKU43817.1 hypothetical protein DL546_006743 [Coniochaeta pulveracea],939,0.0028,non-degrader
RKU43787.1 hypothetical protein DL546_005034 [Coniochaeta pulveracea],439,0.0028,non-degrader
RKU43754.1 hypothetical protein DL546_006338 [Coniochaeta pulveracea],277,0.0028,non-degrader
RKU43685.1 hypothetical protein DL546_000493 [Coniochaeta pulveracea],328,0.0028,non-degrader
RKU43252.1 hypothetical protein DL546_004352 [Coniochaeta pulveracea],477,0.0028,non-degrader
RKU43131.1 hypothetical protein DL546_006486 [Coniochaeta pulveracea],443,0.0028,non-degrader
RKU43120.1 hypothetical protein DL546_005459 [Coniochaeta pulveracea],338,0.0028,non-degrader
RKU42997.1 mitochondrial import inner membrane translocase subunit TIM16 [Coniochaeta pulveracea],129,0.0028,non-degrader
RKU42931.1 fatty acid alpha-hydroxylase [Coniochaeta pulveracea],381,0.0028,non-degrader
RKU42920.1 hypothetical protein DL546_003021 [Coniochaeta pulveracea],584,0.0028,non-degrader
RKU42911.1 hypothetical protein DL546_002188 [Coniochaeta pulveracea],709,0.0028,non-degrader
RKU42901.1 tyrosine/serine/threonine protein phosphatase pps1 [Coniochaeta pulveracea],701,0.0028,non-degrader
RKU42897.1 hypothetical protein DL546_006387 [Coniochaeta pulveracea],258,0.0028,non-degrader
RKU42829.1 hypothetical protein DL546_006423 [Coniochaeta pulveracea],396,0.0028,non-degrader
RKU42788.1 hypothetical protein DL546_003238 [Coniochaeta pulveracea],469,0.0028,non-degrader
RKU42743.1 hypothetical protein DL546_005274 [Coniochaeta pulveracea],217,0.0028,non-degrader
RKU42728.1 hypothetical protein DL546_004232 [Coniochaeta pulveracea],2191,0.0028,non-degrader
RKU42719.1 hypothetical protein DL546_003567 [Coniochaeta pulveracea],108,0.0028,non-degrader
RKU42593.1 hypothetical protein DL546_004268 [Coniochaeta pulveracea],238,0.0028,non-degrader
RKU42424.1 hypothetical protein DL546_005824 [Coniochaeta pulveracea],457,0.0028,non-degrader
RKU42393.1 pantothenate synthase [Coniochaeta pulveracea],435,0.0028,non-degrader
RKU42279.1 hypothetical protein DL546_005843 [Coniochaeta pulveracea],428,0.0028,non-degrader
RKU42250.1 hypothetical protein DL546_003647 [Coniochaeta pulveracea],325,0.0028,non-degrader
RKU41943.1 Aspartokinase [Coniochaeta pulveracea],511,0.0028,non-degrader
RKU41695.1 hypothetical protein DL546_001675 [Coniochaeta pulveracea],458,0.0028,non-degrader
RKU41427.1 hypothetical protein DL546_004638 [Coniochaeta pulveracea],645,0.0028,non-degrader
RKU41384.1 hypothetical protein DL546_004272 [Coniochaeta pulveracea],434,0.0028,non-degrader
RKU41153.1 hypothetical protein DL546_002708 [Coniochaeta pulveracea],171,0.0028,non-degrader
RKU41121.1 hypothetical protein DL546_003681 [Coniochaeta pulveracea],713,0.0028,non-degrader
RKU41035.1 hypothetical protein DL546_003226 [Coniochaeta pulveracea],526,0.0028,non-degrader
RKU41014.1 hypothetical protein DL546_000869 [Coniochaeta pulveracea],1365,0.0028,non-degrader
RKU40805.1 hypothetical protein DL546_003299 [Coniochaeta pulveracea],173,0.0028,non-degrader
RKU40607.1 hypothetical protein DL546_001616 [Coniochaeta pulveracea],80,0.0028,non-degrader
RKU40552.1 negative cofactor 2 transcription regulator complex subunit ncb2 [Coniochaeta pulveracea],139,0.0028,non-degrader
RKU40513.1 hypothetical protein DL546_000596 [Coniochaeta pulveracea],360,0.0028,non-degrader
RKU40506.1 hypothetical protein DL546_000163 [Coniochaeta pulveracea],213,0.0028,non-degrader
RKU40495.1 hypothetical protein DL546_002214 [Coniochaeta pulveracea],995,0.0028,non-degrader
RKU40471.1 Fungal specific transcription factor [Coniochaeta pulveracea],730,0.0028,non-degrader
RKU40255.1 60S ribosomal protein L28 [Coniochaeta pulveracea],149,0.0028,non-degrader
RKU40245.1 hypothetical protein DL546_001947 [Coniochaeta pulveracea],579,0.0028,non-degrader
RKU40137.1 hypothetical protein DL546_001727 [Coniochaeta pulveracea],758,0.0028,non-degrader
RKU40042.1 hypothetical protein DL546_000703 [Coniochaeta pulveracea],129,0.0028,non-degrader
"RKU39963.1 hypothetical protein DL546_000023, partial [Coniochaeta pulveracea]",431,0.0028,non-degrader
RKU39780.1 hypothetical protein DL546_000079 [Coniochaeta pulveracea],1564,0.0028,non-degrader
RKU49713.1 hypothetical protein DL546_009874 [Coniochaeta pulveracea],501,0.0027,non-degrader
RKU49704.1 hypothetical protein DL546_009855 [Coniochaeta pulveracea],1080,0.0027,non-degrader
RKU49699.1 hypothetical protein DL546_009838 [Coniochaeta pulveracea],268,0.0027,non-degrader
RKU49533.1 hypothetical protein DL546_008996 [Coniochaeta pulveracea],525,0.0027,non-degrader
RKU49376.1 hypothetical protein DL546_002725 [Coniochaeta pulveracea],432,0.0027,non-degrader
RKU49358.1 hypothetical protein DL546_000838 [Coniochaeta pulveracea],249,0.0027,non-degrader
RKU49111.1 hypothetical protein DL546_007077 [Coniochaeta pulveracea],327,0.0027,non-degrader
RKU49071.1 hypothetical protein DL546_003673 [Coniochaeta pulveracea],668,0.0027,non-degrader
RKU48889.1 hypothetical protein DL546_008583 [Coniochaeta pulveracea],929,0.0027,non-degrader
RKU48674.1 hypothetical protein DL546_009439 [Coniochaeta pulveracea],1321,0.0027,non-degrader
RKU48646.1 hypothetical protein DL546_009226 [Coniochaeta pulveracea],228,0.0027,non-degrader
RKU48641.1 hypothetical protein DL546_009151 [Coniochaeta pulveracea],300,0.0027,non-degrader
RKU48507.1 hypothetical protein DL546_006151 [Coniochaeta pulveracea],228,0.0027,non-degrader
RKU48170.1 hypothetical protein DL546_009417 [Coniochaeta pulveracea],656,0.0027,non-degrader
RKU48048.1 hypothetical protein DL546_007874 [Coniochaeta pulveracea],488,0.0027,non-degrader
RKU48047.1 hypothetical protein DL546_007844 [Coniochaeta pulveracea],581,0.0027,non-degrader
RKU48029.1 hypothetical protein DL546_007436 [Coniochaeta pulveracea],357,0.0027,non-degrader
RKU47896.1 hypothetical protein DL546_008999 [Coniochaeta pulveracea],463,0.0027,non-degrader
RKU47882.1 hypothetical protein DL546_008823 [Coniochaeta pulveracea],570,0.0027,non-degrader
RKU47856.1 palmitoyltransferase akr1 [Coniochaeta pulveracea],722,0.0027,non-degrader
RKU47720.1 hypothetical protein DL546_001251 [Coniochaeta pulveracea],372,0.0027,non-degrader
RKU47483.1 hypothetical protein DL546_001270 [Coniochaeta pulveracea],227,0.0027,non-degrader
RKU47305.1 hypothetical protein DL546_000896 [Coniochaeta pulveracea],229,0.0027,non-degrader
RKU47258.1 hypothetical protein DL546_008935 [Coniochaeta pulveracea],366,0.0027,non-degrader
RKU47215.1 Eukaryotic translation initiation factor 5A [Coniochaeta pulveracea],171,0.0027,non-degrader
RKU47161.1 hypothetical protein DL546_006988 [Coniochaeta pulveracea],299,0.0027,non-degrader
RKU47106.1 hypothetical protein DL546_003899 [Coniochaeta pulveracea],353,0.0027,non-degrader
RKU47070.1 hypothetical protein DL546_009073 [Coniochaeta pulveracea],396,0.0027,non-degrader
RKU46799.1 hypothetical protein DL546_007053 [Coniochaeta pulveracea],693,0.0027,non-degrader
RKU46790.1 hypothetical protein DL546_006683 [Coniochaeta pulveracea],773,0.0027,non-degrader
RKU46789.1 hypothetical protein DL546_006683 [Coniochaeta pulveracea],684,0.0027,non-degrader
RKU46784.1 Structural maintenance of chromosomes protein 2 [Coniochaeta pulveracea],1179,0.0027,non-degrader
RKU46743.1 hypothetical protein DL546_003548 [Coniochaeta pulveracea],1210,0.0027,non-degrader
RKU46742.1 hypothetical protein DL546_003548 [Coniochaeta pulveracea],1128,0.0027,non-degrader
RKU46501.1 hypothetical protein DL546_008424 [Coniochaeta pulveracea],703,0.0027,non-degrader
RKU46442.1 hypothetical protein DL546_006864 [Coniochaeta pulveracea],436,0.0027,non-degrader
RKU46437.1 hypothetical protein DL546_006721 [Coniochaeta pulveracea],131,0.0027,non-degrader
RKU46384.1 hypothetical protein DL546_004297 [Coniochaeta pulveracea],334,0.0027,non-degrader
RKU46341.1 hypothetical protein DL546_008630 [Coniochaeta pulveracea],210,0.0027,non-degrader
RKU46315.1 hypothetical protein DL546_008049 [Coniochaeta pulveracea],380,0.0027,non-degrader
RKU46279.1 hypothetical protein DL546_007087 [Coniochaeta pulveracea],124,0.0027,non-degrader
RKU46164.1 hypothetical protein DL546_008052 [Coniochaeta pulveracea],445,0.0027,non-degrader
RKU46131.1 hypothetical protein DL546_007032 [Coniochaeta pulveracea],506,0.0027,non-degrader
RKU46069.1 hypothetical protein DL546_003777 [Coniochaeta pulveracea],679,0.0027,non-degrader
RKU45955.1 hypothetical protein DL546_005044 [Coniochaeta pulveracea],527,0.0027,non-degrader
RKU45902.1 hypothetical protein DL546_008544 [Coniochaeta pulveracea],1221,0.0027,non-degrader
RKU45849.1 hypothetical protein DL546_007353 [Coniochaeta pulveracea],595,0.0027,non-degrader
RKU45818.1 hypothetical protein DL546_006203 [Coniochaeta pulveracea],829,0.0027,non-degrader
RKU45806.1 phosphatidyl inositol kinase [Coniochaeta pulveracea],839,0.0027,non-degrader
RKU45768.1 hypothetical protein DL546_000811 [Coniochaeta pulveracea],864,0.0027,non-degrader
RKU45662.1 hypothetical protein DL546_004589 [Coniochaeta pulveracea],305,0.0027,non-degrader
RKU45651.1 glutamate--ammonia ligase [Coniochaeta pulveracea],360,0.0027,non-degrader
RKU45562.1 hypothetical protein DL546_006523 [Coniochaeta pulveracea],620,0.0027,non-degrader
RKU45451.1 hypothetical protein DL546_007520 [Coniochaeta pulveracea],1012,0.0027,non-degrader
RKU45438.1 hypothetical protein DL546_006918 [Coniochaeta pulveracea],855,0.0027,non-degrader
RKU45233.1 hypothetical protein DL546_002170 [Coniochaeta pulveracea],360,0.0027,non-degrader
RKU44939.1 dynamin-like GTPase mgm1 [Coniochaeta pulveracea],934,0.0027,non-degrader
RKU44792.1 hypothetical protein DL546_007476 [Coniochaeta pulveracea],276,0.0027,non-degrader
RKU44744.1 hypothetical protein DL546_004606 [Coniochaeta pulveracea],564,0.0027,non-degrader
RKU44738.1 hypothetical protein DL546_007654 [Coniochaeta pulveracea],370,0.0027,non-degrader
RKU44691.1 hypothetical protein DL546_005504 [Coniochaeta pulveracea],204,0.0027,non-degrader
RKU44626.1 hypothetical protein DL546_007161 [Coniochaeta pulveracea],124,0.0027,non-degrader
RKU44601.1 DNA repair protein rad50 [Coniochaeta pulveracea],1287,0.0027,non-degrader
RKU44579.1 hypothetical protein DL546_004559 [Coniochaeta pulveracea],454,0.0027,non-degrader
RKU44296.1 hypothetical protein DL546_003618 [Coniochaeta pulveracea],746,0.0027,non-degrader
RKU44239.1 hypothetical protein DL546_006221 [Coniochaeta pulveracea],1819,0.0027,non-degrader
RKU44187.1 hypothetical protein DL546_007404 [Coniochaeta pulveracea],628,0.0027,non-degrader
RKU44066.1 hypothetical protein DL546_006551 [Coniochaeta pulveracea],226,0.0027,non-degrader
RKU43984.1 RNA polymerase III subunit C82 [Coniochaeta pulveracea],650,0.0027,non-degrader
RKU43977.1 RNA polymerase II holoenzyme cyclin-like subunit [Coniochaeta pulveracea],330,0.0027,non-degrader
RKU43959.1 hypothetical protein DL546_004113 [Coniochaeta pulveracea],400,0.0027,non-degrader
RKU43694.1 hypothetical protein DL546_001368 [Coniochaeta pulveracea],162,0.0027,non-degrader
RKU43608.1 ATP synthase d subunit [Coniochaeta pulveracea],173,0.0027,non-degrader
RKU43597.1 mitochondrial 5-aminolevulinate synthase [Coniochaeta pulveracea],619,0.0027,non-degrader
RKU43477.1 hypothetical protein DL546_002682 [Coniochaeta pulveracea],135,0.0027,non-degrader
RKU43255.1 60S ribosomal protein L24 [Coniochaeta pulveracea],158,0.0027,non-degrader
RKU43197.1 hypothetical protein DL546_005636 [Coniochaeta pulveracea],216,0.0027,non-degrader
RKU43137.1 hypothetical protein DL546_000362 [Coniochaeta pulveracea],380,0.0027,non-degrader
RKU42951.1 Protein sey1 [Coniochaeta pulveracea],696,0.0027,non-degrader
RKU42939.1 ribonucleotide-diphosphate reductase subunit rnr1 [Coniochaeta pulveracea],907,0.0027,non-degrader
RKU42930.1 hypothetical protein DL546_003879 [Coniochaeta pulveracea],88,0.0027,non-degrader
RKU42807.1 hypothetical protein DL546_004734 [Coniochaeta pulveracea],100,0.0027,non-degrader
RKU42542.1 hypothetical protein DL546_005403 [Coniochaeta pulveracea],934,0.0027,non-degrader
RKU42464.1 hypothetical protein DL546_004703 [Coniochaeta pulveracea],318,0.0027,non-degrader
RKU42315.1 hypothetical protein DL546_003877 [Coniochaeta pulveracea],311,0.0027,non-degrader
RKU42293.1 Endopolyphosphatase [Coniochaeta pulveracea],721,0.0027,non-degrader
RKU42207.1 hypothetical protein DL546_005424 [Coniochaeta pulveracea],591,0.0027,non-degrader
RKU42029.1 hypothetical protein DL546_005379 [Coniochaeta pulveracea],447,0.0027,non-degrader
RKU41971.1 hypothetical protein DL546_000331 [Coniochaeta pulveracea],806,0.0027,non-degrader
RKU41946.1 hypothetical protein DL546_005045 [Coniochaeta pulveracea],505,0.0027,non-degrader
RKU41878.1 hypothetical protein DL546_003374 [Coniochaeta pulveracea],611,0.0027,non-degrader
RKU41799.1 hypothetical protein DL546_001795 [Coniochaeta pulveracea],79,0.0027,non-degrader
RKU41769.1 hypothetical protein DL546_003356 [Coniochaeta pulveracea],273,0.0027,non-degrader
RKU41620.1 Maintenance of ploidy protein mob2 [Coniochaeta pulveracea],273,0.0027,non-degrader
RKU41614.1 hypothetical protein DL546_003035 [Coniochaeta pulveracea],261,0.0027,non-degrader
RKU41579.1 hypothetical protein DL546_004422 [Coniochaeta pulveracea],121,0.0027,non-degrader
RKU41495.1 hypothetical protein DL546_001113 [Coniochaeta pulveracea],1234,0.0027,non-degrader
RKU41465.1 tRNA (adenine(58)-N(1))-methyltransferase non-catalytic subunit trm6 [Coniochaeta pulveracea],655,0.0027,non-degrader
RKU41389.1 hypothetical protein DL546_004489 [Coniochaeta pulveracea],199,0.0027,non-degrader
RKU41351.1 hypothetical protein DL546_001429 [Coniochaeta pulveracea],447,0.0027,non-degrader
RKU41162.1 hypothetical protein DL546_003512 [Coniochaeta pulveracea],221,0.0027,non-degrader
RKU40994.1 hypothetical protein DL546_003241 [Coniochaeta pulveracea],1402,0.0027,non-degrader
RKU40878.1 hypothetical protein DL546_001180 [Coniochaeta pulveracea],954,0.0027,non-degrader
RKU40846.1 hypothetical protein DL546_001730 [Coniochaeta pulveracea],276,0.0027,non-degrader
RKU40835.1 hypothetical protein DL546_003508 [Coniochaeta pulveracea],1034,0.0027,non-degrader
RKU40779.1 stress-responsive transcription factor hsf1 [Coniochaeta pulveracea],806,0.0027,non-degrader
RKU40664.1 hypothetical protein DL546_002134 [Coniochaeta pulveracea],556,0.0027,non-degrader
RKU40638.1 Non-classical phosphatidylinositol transfer protein (PITP) [Coniochaeta pulveracea],323,0.0027,non-degrader
RKU40559.1 hypothetical protein DL546_003521 [Coniochaeta pulveracea],689,0.0027,non-degrader
RKU40453.1 hypothetical protein DL546_000874 [Coniochaeta pulveracea],340,0.0027,non-degrader
RKU40295.1 hypothetical protein DL546_002066 [Coniochaeta pulveracea],428,0.0027,non-degrader
RKU40234.1 hypothetical protein DL546_000320 [Coniochaeta pulveracea],233,0.0027,non-degrader
RKU40032.1 hypothetical protein DL546_001549 [Coniochaeta pulveracea],802,0.0027,non-degrader
RKU39970.1 hypothetical protein DL546_000701 [Coniochaeta pulveracea],476,0.0027,non-degrader
RKU39922.1 hypothetical protein DL546_000899 [Coniochaeta pulveracea],394,0.0027,non-degrader
RKU39838.1 hypothetical protein DL546_001327 [Coniochaeta pulveracea],705,0.0027,non-degrader
RKU39800.1 hypothetical protein DL546_000648 [Coniochaeta pulveracea],478,0.0027,non-degrader
RKU49698.1 hypothetical protein DL546_009838 [Coniochaeta pulveracea],376,0.0026,non-degrader
RKU49651.1 succinate dehydrogenase assembly factor 2 [Coniochaeta pulveracea],242,0.0026,non-degrader
RKU49579.1 hypothetical protein DL546_009413 [Coniochaeta pulveracea],681,0.0026,non-degrader
RKU49555.1 hypothetical protein DL546_009225 [Coniochaeta pulveracea],370,0.0026,non-degrader
RKU49402.1 ATPase GET3 [Coniochaeta pulveracea],336,0.0026,non-degrader
RKU49274.1 hypothetical protein DL546_009722 [Coniochaeta pulveracea],179,0.0026,non-degrader
RKU49046.1 hypothetical protein DL546_000491 [Coniochaeta pulveracea],282,0.0026,non-degrader
RKU48784.1 Histone transcription regulator 3 [Coniochaeta pulveracea],1943,0.0026,non-degrader
RKU48757.1 hypothetical protein DL546_002851 [Coniochaeta pulveracea],172,0.0026,non-degrader
RKU48588.1 hypothetical protein DL546_008393 [Coniochaeta pulveracea],768,0.0026,non-degrader
RKU48569.1 hypothetical protein DL546_008174 [Coniochaeta pulveracea],167,0.0026,non-degrader
RKU48554.1 hypothetical protein DL546_007883 [Coniochaeta pulveracea],275,0.0026,non-degrader
"RKU48521.1 Essential protein Yae1, N terminal [Coniochaeta pulveracea]",237,0.0026,non-degrader
RKU48288.1 endoplasmic oxidoreductin-1 [Coniochaeta pulveracea],611,0.0026,non-degrader
RKU48112.1 hypothetical protein DL546_008915 [Coniochaeta pulveracea],243,0.0026,non-degrader
RKU48111.1 hypothetical protein DL546_008915 [Coniochaeta pulveracea],243,0.0026,non-degrader
RKU48071.1 hypothetical protein DL546_008286 [Coniochaeta pulveracea],230,0.0026,non-degrader
RKU48062.1 hypothetical protein DL546_008147 [Coniochaeta pulveracea],72,0.0026,non-degrader
RKU48035.1 hypothetical protein DL546_007658 [Coniochaeta pulveracea],414,0.0026,non-degrader
RKU47912.1 hypothetical protein DL546_009205 [Coniochaeta pulveracea],283,0.0026,non-degrader
RKU47883.1 hypothetical protein DL546_008823 [Coniochaeta pulveracea],595,0.0026,non-degrader
RKU47680.1 hypothetical protein DL546_009167 [Coniochaeta pulveracea],310,0.0026,non-degrader
RKU47405.1 hypothetical protein DL546_007785 [Coniochaeta pulveracea],541,0.0026,non-degrader
RKU47284.1 hypothetical protein DL546_009194 [Coniochaeta pulveracea],757,0.0026,non-degrader
RKU47031.1 hypothetical protein DL546_008538 [Coniochaeta pulveracea],168,0.0026,non-degrader
RKU46818.1 hypothetical protein DL546_007713 [Coniochaeta pulveracea],237,0.0026,non-degrader
RKU46807.1 hypothetical protein DL546_007333 [Coniochaeta pulveracea],225,0.0026,non-degrader
RKU46786.1 hypothetical protein DL546_006629 [Coniochaeta pulveracea],313,0.0026,non-degrader
RKU46736.1 hypothetical protein DL546_002799 [Coniochaeta pulveracea],1091,0.0026,non-degrader
RKU46638.1 hypothetical protein DL546_007676 [Coniochaeta pulveracea],2812,0.0026,non-degrader
RKU46582.1 hypothetical protein DL546_009906 [Coniochaeta pulveracea],219,0.0026,non-degrader
RKU46525.1 hypothetical protein DL546_008819 [Coniochaeta pulveracea],548,0.0026,non-degrader
RKU46517.1 hypothetical protein DL546_008690 [Coniochaeta pulveracea],476,0.0026,non-degrader
RKU46456.1 hypothetical protein DL546_007388 [Coniochaeta pulveracea],81,0.0026,non-degrader
RKU46419.1 hypothetical protein DL546_006094 [Coniochaeta pulveracea],368,0.0026,non-degrader
RKU46392.1 hypothetical protein DL546_004765 [Coniochaeta pulveracea],512,0.0026,non-degrader
RKU46258.1 hypothetical protein DL546_006312 [Coniochaeta pulveracea],331,0.0026,non-degrader
RKU46192.1 oligosaccharyltransferase complex subunit epsilon [Coniochaeta pulveracea],229,0.0026,non-degrader
RKU46101.1 hypothetical protein DL546_005734 [Coniochaeta pulveracea],618,0.0026,non-degrader
RKU46086.1 hypothetical protein DL546_004880 [Coniochaeta pulveracea],409,0.0026,non-degrader
RKU46080.1 hypothetical protein DL546_004496 [Coniochaeta pulveracea],125,0.0026,non-degrader
RKU46004.1 hypothetical protein DL546_007858 [Coniochaeta pulveracea],628,0.0026,non-degrader
RKU45912.1 hypothetical protein DL546_000823 [Coniochaeta pulveracea],89,0.0026,non-degrader
"RKU45876.1 Platinum sensitivity protein, variant 2 [Coniochaeta pulveracea]",819,0.0026,non-degrader
RKU45628.1 hypothetical protein DL546_000390 [Coniochaeta pulveracea],526,0.0026,non-degrader
RKU45572.1 ubiquitin-specific protease ubp2 [Coniochaeta pulveracea],1304,0.0026,non-degrader
RKU45540.1 hypothetical protein DL546_004927 [Coniochaeta pulveracea],337,0.0026,non-degrader
RKU45536.1 hypothetical protein DL546_004497 [Coniochaeta pulveracea],249,0.0026,non-degrader
RKU45508.1 NineTeen Complex (NTC) component [Coniochaeta pulveracea],248,0.0026,non-degrader
RKU45374.1 hypothetical protein DL546_002856 [Coniochaeta pulveracea],303,0.0026,non-degrader
RKU45206.1 hypothetical protein DL546_008113 [Coniochaeta pulveracea],649,0.0026,non-degrader
RKU45065.1 hypothetical protein DL546_007181 [Coniochaeta pulveracea],517,0.0026,non-degrader
RKU44941.1 hypothetical protein DL546_005350 [Coniochaeta pulveracea],594,0.0026,non-degrader
RKU44898.1 hypothetical protein DL546_001421 [Coniochaeta pulveracea],220,0.0026,non-degrader
RKU44876.1 hypothetical protein DL546_007225 [Coniochaeta pulveracea],913,0.0026,non-degrader
RKU44797.1 hypothetical protein DL546_007615 [Coniochaeta pulveracea],640,0.0026,non-degrader
RKU44777.1 sphingosine N-acyltransferase lag1 [Coniochaeta pulveracea],831,0.0026,non-degrader
RKU44653.1 cis-prenyltransferase [Coniochaeta pulveracea],357,0.0026,non-degrader
"RKU44642.1 PX domain-containing protein ypt35, partial [Coniochaeta pulveracea]",191,0.0026,non-degrader
RKU44556.1 RNA polymerase II subunit A C-terminal domain phosphatase [Coniochaeta pulveracea],267,0.0026,non-degrader
RKU44548.1 hypothetical protein DL546_001393 [Coniochaeta pulveracea],202,0.0026,non-degrader
RKU44477.1 hypothetical protein DL546_003407 [Coniochaeta pulveracea],582,0.0026,non-degrader
RKU44347.1 hypothetical protein DL546_007166 [Coniochaeta pulveracea],832,0.0026,non-degrader
RKU44217.1 hypothetical protein DL546_004226 [Coniochaeta pulveracea],1690,0.0026,non-degrader
RKU44211.1 hypothetical protein DL546_003104 [Coniochaeta pulveracea],185,0.0026,non-degrader
RKU44092.1 hypothetical protein DL546_000687 [Coniochaeta pulveracea],101,0.0026,non-degrader
RKU43995.1 hypothetical protein DL546_006574 [Coniochaeta pulveracea],1330,0.0026,non-degrader
RKU43705.1 hypothetical protein DL546_002602 [Coniochaeta pulveracea],349,0.0026,non-degrader
RKU43649.1 hypothetical protein DL546_005739 [Coniochaeta pulveracea],284,0.0026,non-degrader
RKU43304.1 hypothetical protein DL546_001452 [Coniochaeta pulveracea],327,0.0026,non-degrader
RKU43285.1 hypothetical protein DL546_006478 [Coniochaeta pulveracea],585,0.0026,non-degrader
RKU43182.1 hypothetical protein DL546_004870 [Coniochaeta pulveracea],273,0.0026,non-degrader
RKU43117.1 hypothetical protein DL546_005110 [Coniochaeta pulveracea],1250,0.0026,non-degrader
RKU43071.1 hypothetical protein DL546_001300 [Coniochaeta pulveracea],525,0.0026,non-degrader
RKU42842.1 hypothetical protein DL546_001788 [Coniochaeta pulveracea],688,0.0026,non-degrader
RKU42747.1 hypothetical protein DL546_005703 [Coniochaeta pulveracea],840,0.0026,non-degrader
RKU42257.1 hypothetical protein DL546_004206 [Coniochaeta pulveracea],122,0.0026,non-degrader
RKU42228.1 hypothetical protein DL546_001650 [Coniochaeta pulveracea],330,0.0026,non-degrader
RKU42154.1 hypothetical protein DL546_000422 [Coniochaeta pulveracea],426,0.0026,non-degrader
RKU42144.1 zinc-finger protein [Coniochaeta pulveracea],740,0.0026,non-degrader
RKU41930.1 hypothetical protein DL546_002721 [Coniochaeta pulveracea],657,0.0026,non-degrader
RKU41913.1 hypothetical protein DL546_000139 [Coniochaeta pulveracea],761,0.0026,non-degrader
RKU41895.1 hypothetical protein DL546_004462 [Coniochaeta pulveracea],577,0.0026,non-degrader
RKU41888.1 hypothetical protein DL546_004141 [Coniochaeta pulveracea],147,0.0026,non-degrader
RKU41658.1 hypothetical protein DL546_003036 [Coniochaeta pulveracea],704,0.0026,non-degrader
RKU41652.1 hypothetical protein DL546_002517 [Coniochaeta pulveracea],517,0.0026,non-degrader
RKU41635.1 hypothetical protein DL546_001150 [Coniochaeta pulveracea],102,0.0026,non-degrader
RKU41611.1 hypothetical protein DL546_002722 [Coniochaeta pulveracea],741,0.0026,non-degrader
RKU41590.1 Sterol 3-beta-glucosyltransferase [Coniochaeta pulveracea],1537,0.0026,non-degrader
RKU41556.1 hypothetical protein DL546_002937 [Coniochaeta pulveracea],609,0.0026,non-degrader
RKU41540.1 hypothetical protein DL546_000601 [Coniochaeta pulveracea],1048,0.0026,non-degrader
RKU41472.1 hypothetical protein DL546_003895 [Coniochaeta pulveracea],192,0.0026,non-degrader
RKU41462.1 hypothetical protein DL546_003024 [Coniochaeta pulveracea],290,0.0026,non-degrader
RKU41326.1 hypothetical protein DL546_002898 [Coniochaeta pulveracea],980,0.0026,non-degrader
RKU41165.1 Ribosome bioproteinsis protein [Coniochaeta pulveracea],261,0.0026,non-degrader
RKU41093.1 hypothetical protein DL546_000177 [Coniochaeta pulveracea],498,0.0026,non-degrader
RKU41085.1 hypothetical protein DL546_004022 [Coniochaeta pulveracea],861,0.0026,non-degrader
RKU41003.1 hypothetical protein DL546_004088 [Coniochaeta pulveracea],728,0.0026,non-degrader
RKU40891.1 hypothetical protein DL546_002681 [Coniochaeta pulveracea],272,0.0026,non-degrader
RKU40863.1 hypothetical protein DL546_003664 [Coniochaeta pulveracea],670,0.0026,non-degrader
RKU40817.1 hypothetical protein DL546_001721 [Coniochaeta pulveracea],194,0.0026,non-degrader
RKU40630.1 hypothetical protein DL546_001162 [Coniochaeta pulveracea],170,0.0026,non-degrader
RKU40596.1 hypothetical protein DL546_003592 [Coniochaeta pulveracea],972,0.0026,non-degrader
RKU40341.1 hypothetical protein DL546_002396 [Coniochaeta pulveracea],247,0.0026,non-degrader
RKU40300.1 hypothetical protein DL546_000274 [Coniochaeta pulveracea],488,0.0026,non-degrader
"RKU40186.1 proliferating cell nuclear antigen, variant 3 [Coniochaeta pulveracea]",259,0.0026,non-degrader
"RKU40185.1 proliferating cell nuclear antigen, variant 2 [Coniochaeta pulveracea]",214,0.0026,non-degrader
RKU40184.1 proliferating cell nuclear antigen [Coniochaeta pulveracea],259,0.0026,non-degrader
RKU40085.1 hypothetical protein DL546_001825 [Coniochaeta pulveracea],206,0.0026,non-degrader
RKU40022.1 hypothetical protein DL546_000389 [Coniochaeta pulveracea],87,0.0026,non-degrader
RKU49685.1 hypothetical protein DL546_009810 [Coniochaeta pulveracea],482,0.0025,non-degrader
RKU49584.1 hypothetical protein DL546_009431 [Coniochaeta pulveracea],161,0.0025,non-degrader
RKU49576.1 hypothetical protein DL546_009393 [Coniochaeta pulveracea],166,0.0025,non-degrader
RKU49524.1 hypothetical protein DL546_008893 [Coniochaeta pulveracea],172,0.0025,non-degrader
RKU49472.1 hypothetical protein DL546_007870 [Coniochaeta pulveracea],642,0.0025,non-degrader
RKU49414.1 hypothetical protein DL546_006020 [Coniochaeta pulveracea],248,0.0025,non-degrader
RKU49023.1 hypothetical protein DL546_009736 [Coniochaeta pulveracea],403,0.0025,non-degrader
RKU48930.1 hypothetical protein DL546_009144 [Coniochaeta pulveracea],772,0.0025,non-degrader
RKU48785.1 hypothetical protein DL546_005449 [Coniochaeta pulveracea],708,0.0025,non-degrader
RKU48762.1 hypothetical protein DL546_003489 [Coniochaeta pulveracea],258,0.0025,non-degrader
RKU48761.1 hypothetical protein DL546_003489 [Coniochaeta pulveracea],258,0.0025,non-degrader
RKU48723.1 lysyl-tRNA synthetase [Coniochaeta pulveracea],616,0.0025,non-degrader
RKU48601.1 Transcriptional regulator of nonfermentable carbon utilization [Coniochaeta pulveracea],750,0.0025,non-degrader
RKU48583.1 hypothetical protein DL546_008317 [Coniochaeta pulveracea],1746,0.0025,non-degrader
RKU48524.1 hypothetical protein DL546_006778 [Coniochaeta pulveracea],74,0.0025,non-degrader
"RKU48437.1 hypothetical protein DL546_009634, partial [Coniochaeta pulveracea]",635,0.0025,non-degrader
RKU48375.1 histone acetyltransferase [Coniochaeta pulveracea],395,0.0025,non-degrader
RKU48304.1 hypothetical protein DL546_007791 [Coniochaeta pulveracea],191,0.0025,non-degrader
RKU48303.1 tRNA-His guanylyltransferase [Coniochaeta pulveracea],289,0.0025,non-degrader
RKU48231.1 hypothetical protein DL546_003796 [Coniochaeta pulveracea],639,0.0025,non-degrader
RKU48169.1 hypothetical protein DL546_009414 [Coniochaeta pulveracea],648,0.0025,non-degrader
RKU48090.1 swr complex subunit [Coniochaeta pulveracea],341,0.0025,non-degrader
RKU48059.1 hypothetical protein DL546_008101 [Coniochaeta pulveracea],951,0.0025,non-degrader
RKU48009.1 Bud site selection protein bud4 [Coniochaeta pulveracea],1434,0.0025,non-degrader
RKU47880.1 hypothetical protein DL546_008823 [Coniochaeta pulveracea],748,0.0025,non-degrader
RKU47438.1 hypothetical protein DL546_008733 [Coniochaeta pulveracea],859,0.0025,non-degrader
RKU47420.1 hypothetical protein DL546_008379 [Coniochaeta pulveracea],383,0.0025,non-degrader
RKU47413.1 hypothetical protein DL546_007975 [Coniochaeta pulveracea],835,0.0025,non-degrader
RKU47253.1 hypothetical protein DL546_008865 [Coniochaeta pulveracea],177,0.0025,non-degrader
RKU47223.1 hypothetical protein DL546_008421 [Coniochaeta pulveracea],833,0.0025,non-degrader
RKU47221.1 DASH complex subunit ask1 [Coniochaeta pulveracea],465,0.0025,non-degrader
RKU46858.1 putative cell survival pathways protein [Coniochaeta pulveracea],377,0.0025,non-degrader
RKU46828.1 hypothetical protein DL546_007888 [Coniochaeta pulveracea],150,0.0025,non-degrader
RKU46618.1 hypothetical protein DL546_007071 [Coniochaeta pulveracea],1005,0.0025,non-degrader
RKU46586.1 N-terminal acetyltransferase A complex catalytic subunit ard1 [Coniochaeta pulveracea],227,0.0025,non-degrader
RKU46486.1 hypothetical protein DL546_008199 [Coniochaeta pulveracea],785,0.0025,non-degrader
RKU46342.1 hypothetical protein DL546_008641 [Coniochaeta pulveracea],471,0.0025,non-degrader
RKU46323.1 hypothetical protein DL546_008268 [Coniochaeta pulveracea],652,0.0025,non-degrader
RKU46304.1 hypothetical protein DL546_007820 [Coniochaeta pulveracea],159,0.0025,non-degrader
RKU46043.1 Suppressor of Sensor Kinase (SLN1) [Coniochaeta pulveracea],1385,0.0025,non-degrader
RKU45945.1 hypothetical protein DL546_004337 [Coniochaeta pulveracea],175,0.0025,non-degrader
RKU45881.1 hypothetical protein DL546_008177 [Coniochaeta pulveracea],270,0.0025,non-degrader
RKU45875.1 Platinum sensitivity protein [Coniochaeta pulveracea],870,0.0025,non-degrader
RKU45832.1 hypothetical protein DL546_006855 [Coniochaeta pulveracea],69,0.0025,non-degrader
RKU45634.1 hypothetical protein DL546_001211 [Coniochaeta pulveracea],629,0.0025,non-degrader
RKU45612.1 hypothetical protein DL546_008196 [Coniochaeta pulveracea],563,0.0025,non-degrader
RKU45402.1 hypothetical protein DL546_005091 [Coniochaeta pulveracea],101,0.0025,non-degrader
RKU45396.1 hypothetical protein DL546_004710 [Coniochaeta pulveracea],395,0.0025,non-degrader
RKU45365.1 V-ATPase V1 sector subunit E [Coniochaeta pulveracea],231,0.0025,non-degrader
RKU45204.1 hypothetical protein DL546_008068 [Coniochaeta pulveracea],104,0.0025,non-degrader
RKU45099.1 hypothetical protein DL546_001573 [Coniochaeta pulveracea],72,0.0025,non-degrader
RKU45053.1 hypothetical protein DL546_006738 [Coniochaeta pulveracea],200,0.0025,non-degrader
RKU44906.1 hypothetical protein DL546_002197 [Coniochaeta pulveracea],703,0.0025,non-degrader
RKU44771.1 hypothetical protein DL546_006444 [Coniochaeta pulveracea],126,0.0025,non-degrader
RKU44770.1 hypothetical protein DL546_006400 [Coniochaeta pulveracea],498,0.0025,non-degrader
RKU44541.1 3-hydroxy-3-methylglutaryl-coenzyme A (HMG-CoA) reductase isozyme [Coniochaeta pulveracea],964,0.0025,non-degrader
RKU44471.1 hypothetical protein DL546_002705 [Coniochaeta pulveracea],900,0.0025,non-degrader
RKU44462.1 hypothetical protein DL546_001853 [Coniochaeta pulveracea],648,0.0025,non-degrader
RKU44412.1 hypothetical protein DL546_006172 [Coniochaeta pulveracea],446,0.0025,non-degrader
RKU44355.1 hypothetical protein DL546_000031 [Coniochaeta pulveracea],415,0.0025,non-degrader
RKU44253.1 hypothetical protein DL546_006849 [Coniochaeta pulveracea],1807,0.0025,non-degrader
RKU43958.1 Ribosome bioproteinsis protein brx1 [Coniochaeta pulveracea],305,0.0025,non-degrader
RKU43956.1 hypothetical protein DL546_003820 [Coniochaeta pulveracea],1432,0.0025,non-degrader
RKU43830.1 hypothetical protein DL546_000197 [Coniochaeta pulveracea],104,0.0025,non-degrader
RKU43651.1 hypothetical protein DL546_005803 [Coniochaeta pulveracea],614,0.0025,non-degrader
RKU43561.1 hypothetical protein DL546_003047 [Coniochaeta pulveracea],132,0.0025,non-degrader
RKU43529.1 hypothetical protein DL546_006735 [Coniochaeta pulveracea],616,0.0025,non-degrader
RKU43465.1 hypothetical protein DL546_001409 [Coniochaeta pulveracea],445,0.0025,non-degrader
RKU43411.1 hypothetical protein DL546_003787 [Coniochaeta pulveracea],967,0.0025,non-degrader
RKU43391.1 phosphatidylserine decarboxylase 1 [Coniochaeta pulveracea],529,0.0025,non-degrader
RKU43226.1 hypothetical protein DL546_002109 [Coniochaeta pulveracea],359,0.0025,non-degrader
RKU42981.1 hypothetical protein DL546_000761 [Coniochaeta pulveracea],412,0.0025,non-degrader
RKU42977.1 hypothetical protein DL546_000328 [Coniochaeta pulveracea],189,0.0025,non-degrader
RKU42963.1 hypothetical protein DL546_006103 [Coniochaeta pulveracea],469,0.0025,non-degrader
RKU42874.1 hypothetical protein DL546_005189 [Coniochaeta pulveracea],1135,0.0025,non-degrader
"RKU42847.1 Tryptophan--tRNA ligase, mitochondrial, variant 3 [Coniochaeta pulveracea]",262,0.0025,non-degrader
"RKU42845.1 Tryptophan--tRNA ligase, mitochondrial [Coniochaeta pulveracea]",262,0.0025,non-degrader
RKU42817.1 hypothetical protein DL546_005770 [Coniochaeta pulveracea],599,0.0025,non-degrader
RKU42811.1 hypothetical protein DL546_005341 [Coniochaeta pulveracea],146,0.0025,non-degrader
RKU42493.1 hypothetical protein DL546_000782 [Coniochaeta pulveracea],141,0.0025,non-degrader
RKU42488.1 mediator complex subunit [Coniochaeta pulveracea],1102,0.0025,non-degrader
RKU42204.1 hypothetical protein DL546_004953 [Coniochaeta pulveracea],584,0.0025,non-degrader
RKU42054.1 hypothetical protein DL546_002363 [Coniochaeta pulveracea],805,0.0025,non-degrader
RKU41894.1 hypothetical protein DL546_004462 [Coniochaeta pulveracea],629,0.0025,non-degrader
RKU41748.1 hypothetical protein DL546_001151 [Coniochaeta pulveracea],366,0.0025,non-degrader
RKU41729.1 squalene synthetase-like protein [Coniochaeta pulveracea],718,0.0025,non-degrader
RKU41727.1 hypothetical protein DL546_004554 [Coniochaeta pulveracea],545,0.0025,non-degrader
RKU41662.1 hypothetical protein DL546_003530 [Coniochaeta pulveracea],232,0.0025,non-degrader
RKU41646.1 hypothetical protein DL546_002159 [Coniochaeta pulveracea],729,0.0025,non-degrader
RKU41638.1 hypothetical protein DL546_001392 [Coniochaeta pulveracea],689,0.0025,non-degrader
RKU41570.1 hypothetical protein DL546_004153 [Coniochaeta pulveracea],829,0.0025,non-degrader
RKU41240.1 hypothetical protein DL546_002224 [Coniochaeta pulveracea],187,0.0025,non-degrader
RKU41239.1 hypothetical protein DL546_002224 [Coniochaeta pulveracea],187,0.0025,non-degrader
RKU41230.1 hypothetical protein DL546_001236 [Coniochaeta pulveracea],318,0.0025,non-degrader
RKU41118.1 DNA replication regulator sld2 [Coniochaeta pulveracea],523,0.0025,non-degrader
RKU41006.1 hypothetical protein DL546_000188 [Coniochaeta pulveracea],384,0.0025,non-degrader
RKU40879.1 hypothetical protein DL546_001180 [Coniochaeta pulveracea],741,0.0025,non-degrader
RKU40869.1 hypothetical protein DL546_004067 [Coniochaeta pulveracea],695,0.0025,non-degrader
RKU40836.1 hypothetical protein DL546_003630 [Coniochaeta pulveracea],1494,0.0025,non-degrader
RKU40556.1 hypothetical protein DL546_003347 [Coniochaeta pulveracea],140,0.0025,non-degrader
RKU40484.1 hypothetical protein DL546_000855 [Coniochaeta pulveracea],653,0.0025,non-degrader
RKU40401.1 hypothetical protein DL546_002171 [Coniochaeta pulveracea],512,0.0025,non-degrader
RKU40227.1 hypothetical protein DL546_002338 [Coniochaeta pulveracea],178,0.0025,non-degrader
RKU40212.1 Proteasome subunit beta type-5 [Coniochaeta pulveracea],384,0.0025,non-degrader
RKU40210.1 hypothetical protein DL546_002132 [Coniochaeta pulveracea],482,0.0025,non-degrader
RKU40113.1 hypothetical protein DL546_001138 [Coniochaeta pulveracea],150,0.0025,non-degrader
RKU40062.1 hypothetical protein DL546_000525 [Coniochaeta pulveracea],813,0.0025,non-degrader
RKU40061.1 hypothetical protein DL546_000525 [Coniochaeta pulveracea],875,0.0025,non-degrader
RKU39894.1 hypothetical protein DL546_001318 [Coniochaeta pulveracea],758,0.0025,non-degrader
RKU39880.1 Golgi transport complex subunit 6 [Coniochaeta pulveracea],707,0.0025,non-degrader
RKU49390.1 hypothetical protein DL546_004888 [Coniochaeta pulveracea],189,0.0024,non-degrader
RKU49345.1 hypothetical protein DL546_009883 [Coniochaeta pulveracea],502,0.0024,non-degrader
RKU49341.1 hypothetical protein DL546_009877 [Coniochaeta pulveracea],164,0.0024,non-degrader
RKU49200.1 hypothetical protein DL546_009038 [Coniochaeta pulveracea],379,0.0024,non-degrader
RKU48858.1 hypothetical protein DL546_007851 [Coniochaeta pulveracea],1667,0.0024,non-degrader
RKU48731.1 Eukaryotic translation initiation factor 3 subunit H [Coniochaeta pulveracea],361,0.0024,non-degrader
RKU48687.1 Potassium channel [Coniochaeta pulveracea],819,0.0024,non-degrader
RKU48359.1 hypothetical protein DL546_008879 [Coniochaeta pulveracea],331,0.0024,non-degrader
RKU48355.1 GTPase required for pre-60S ribosomal subunit nuclear export and maturation [Coniochaeta pulveracea],602,0.0024,non-degrader
RKU48322.1 hypothetical protein DL546_008243 [Coniochaeta pulveracea],635,0.0024,non-degrader
RKU48243.1 hypothetical protein DL546_004567 [Coniochaeta pulveracea],1011,0.0024,non-degrader
RKU48070.1 protein kinase rio1 [Coniochaeta pulveracea],608,0.0024,non-degrader
RKU48036.1 hypothetical protein DL546_007658 [Coniochaeta pulveracea],375,0.0024,non-degrader
RKU47964.1 hypothetical protein DL546_003125 [Coniochaeta pulveracea],1013,0.0024,non-degrader
RKU47860.1 hypothetical protein DL546_008531 [Coniochaeta pulveracea],547,0.0024,non-degrader
RKU47859.1 hypothetical protein DL546_008530 [Coniochaeta pulveracea],135,0.0024,non-degrader
RKU47730.1 hypothetical protein DL546_002313 [Coniochaeta pulveracea],134,0.0024,non-degrader
RKU47568.1 hypothetical protein DL546_007002 [Coniochaeta pulveracea],322,0.0024,non-degrader
RKU47538.1 hypothetical protein DL546_005821 [Coniochaeta pulveracea],73,0.0024,non-degrader
RKU47445.1 hypothetical protein DL546_008888 [Coniochaeta pulveracea],424,0.0024,non-degrader
RKU47398.1 hypothetical protein DL546_007513 [Coniochaeta pulveracea],139,0.0024,non-degrader
RKU47344.1 Sm-like protein [Coniochaeta pulveracea],184,0.0024,non-degrader
RKU47303.1 hypothetical protein DL546_000486 [Coniochaeta pulveracea],186,0.0024,non-degrader
RKU47240.1 snoRNA-binding rRNA-processing protein [Coniochaeta pulveracea],486,0.0024,non-degrader
RKU47186.1 hypothetical protein DL546_007761 [Coniochaeta pulveracea],381,0.0024,non-degrader
RKU47091.1 hypothetical protein DL546_000661 [Coniochaeta pulveracea],163,0.0024,non-degrader
RKU47007.1 hypothetical protein DL546_007942 [Coniochaeta pulveracea],394,0.0024,non-degrader
RKU46652.1 hypothetical protein DL546_007995 [Coniochaeta pulveracea],81,0.0024,non-degrader
RKU46402.1 hypothetical protein DL546_005398 [Coniochaeta pulveracea],143,0.0024,non-degrader
RKU46385.1 hypothetical protein DL546_004297 [Coniochaeta pulveracea],474,0.0024,non-degrader
RKU46309.1 hypothetical protein DL546_007921 [Coniochaeta pulveracea],221,0.0024,non-degrader
RKU46263.1 hypothetical protein DL546_006483 [Coniochaeta pulveracea],112,0.0024,non-degrader
RKU46256.1 hypothetical protein DL546_006155 [Coniochaeta pulveracea],861,0.0024,non-degrader
RKU46186.1 hypothetical protein DL546_008593 [Coniochaeta pulveracea],1051,0.0024,non-degrader
RKU46059.1 hypothetical protein DL546_003026 [Coniochaeta pulveracea],527,0.0024,non-degrader
RKU45971.1 Serine/threonine-protein phosphatase 2A 56 kDa regulatory subunit delta isoform [Coniochaeta pulveracea],686,0.0024,non-degrader
RKU45830.1 GDP/GTP exchange factor for ARF [Coniochaeta pulveracea],1600,0.0024,non-degrader
RKU45560.1 Golgi transport complex subunit 3 [Coniochaeta pulveracea],780,0.0024,non-degrader
RKU45397.1 hypothetical protein DL546_004710 [Coniochaeta pulveracea],384,0.0024,non-degrader
RKU45266.1 hypothetical protein DL546_004907 [Coniochaeta pulveracea],478,0.0024,non-degrader
RKU45252.1 AMP deaminase [Coniochaeta pulveracea],1037,0.0024,non-degrader
RKU45209.1 nucleolar DEAD-box protein required for synthesis of 60S ribosomal subunit [Coniochaeta pulveracea],809,0.0024,non-degrader
RKU45186.1 E3 ubiquitin ligase complex SCF subunit scon-3 [Coniochaeta pulveracea],168,0.0024,non-degrader
RKU44877.1 hypothetical protein DL546_007275 [Coniochaeta pulveracea],102,0.0024,non-degrader
RKU44715.1 hypothetical protein DL546_006822 [Coniochaeta pulveracea],445,0.0024,non-degrader
RKU44272.1 hypothetical protein DL546_000813 [Coniochaeta pulveracea],365,0.0024,non-degrader
"RKU44119.1 alpha-1,2-mannosyltransferase (Kre5) [Coniochaeta pulveracea]",507,0.0024,non-degrader
RKU44071.1 hypothetical protein DL546_006756 [Coniochaeta pulveracea],210,0.0024,non-degrader
RKU43952.1 hypothetical protein DL546_003506 [Coniochaeta pulveracea],1013,0.0024,non-degrader
RKU43946.1 low-affinity phosphate transporter [Coniochaeta pulveracea],295,0.0024,non-degrader
RKU43919.1 proteasome regulatory particle subunit [Coniochaeta pulveracea],347,0.0024,non-degrader
RKU43908.1 hypothetical protein DL546_006839 [Coniochaeta pulveracea],514,0.0024,non-degrader
RKU43844.1 hypothetical protein DL546_001846 [Coniochaeta pulveracea],439,0.0024,non-degrader
RKU43637.1 hypothetical protein DL546_004627 [Coniochaeta pulveracea],290,0.0024,non-degrader
RKU43395.1 hypothetical protein DL546_002390 [Coniochaeta pulveracea],678,0.0024,non-degrader
RKU43359.1 hypothetical protein DL546_005891 [Coniochaeta pulveracea],172,0.0024,non-degrader
RKU43344.1 hypothetical protein DL546_005015 [Coniochaeta pulveracea],166,0.0024,non-degrader
RKU43227.1 hypothetical protein DL546_002177 [Coniochaeta pulveracea],345,0.0024,non-degrader
RKU43199.1 hypothetical protein DL546_005720 [Coniochaeta pulveracea],398,0.0024,non-degrader
RKU43170.1 hypothetical protein DL546_004132 [Coniochaeta pulveracea],126,0.0024,non-degrader
RKU42915.1 hypothetical protein DL546_002653 [Coniochaeta pulveracea],387,0.0024,non-degrader
RKU42869.1 hypothetical protein DL546_004755 [Coniochaeta pulveracea],623,0.0024,non-degrader
RKU42808.1 calcium channel protein [Coniochaeta pulveracea],1314,0.0024,non-degrader
RKU42799.1 hypothetical protein DL546_004230 [Coniochaeta pulveracea],238,0.0024,non-degrader
RKU42779.1 hypothetical protein DL546_002451 [Coniochaeta pulveracea],241,0.0024,non-degrader
"RKU42756.1 hypothetical protein DL546_006173, partial [Coniochaeta pulveracea]",359,0.0024,non-degrader
RKU42725.1 hypothetical protein DL546_004032 [Coniochaeta pulveracea],503,0.0024,non-degrader
RKU42258.1 hypothetical protein DL546_004288 [Coniochaeta pulveracea],585,0.0024,non-degrader
RKU42190.1 hypothetical protein DL546_003742 [Coniochaeta pulveracea],153,0.0024,non-degrader
RKU41982.1 hypothetical protein DL546_001871 [Coniochaeta pulveracea],791,0.0024,non-degrader
RKU41954.1 hypothetical protein DL546_004029 [Coniochaeta pulveracea],189,0.0024,non-degrader
RKU41941.1 hypothetical protein DL546_004626 [Coniochaeta pulveracea],1722,0.0024,non-degrader
RKU41852.1 hypothetical protein DL546_000465 [Coniochaeta pulveracea],830,0.0024,non-degrader
RKU41636.1 hypothetical protein DL546_001194 [Coniochaeta pulveracea],203,0.0024,non-degrader
RKU41520.1 hypothetical protein DL546_004434 [Coniochaeta pulveracea],388,0.0024,non-degrader
RKU41429.1 hypothetical protein DL546_004837 [Coniochaeta pulveracea],184,0.0024,non-degrader
RKU41248.1 KRRI-Interacting protein 1 [Coniochaeta pulveracea],672,0.0024,non-degrader
RKU41208.1 hypothetical protein DL546_003467 [Coniochaeta pulveracea],121,0.0024,non-degrader
RKU41181.1 hypothetical protein DL546_000418 [Coniochaeta pulveracea],976,0.0024,non-degrader
RKU41147.1 hypothetical protein DL546_002137 [Coniochaeta pulveracea],471,0.0024,non-degrader
RKU41077.1 hypothetical protein DL546_003409 [Coniochaeta pulveracea],303,0.0024,non-degrader
RKU41066.1 hypothetical protein DL546_002573 [Coniochaeta pulveracea],378,0.0024,non-degrader
RKU40731.1 hypothetical protein DL546_002306 [Coniochaeta pulveracea],341,0.0024,non-degrader
RKU40666.1 hypothetical protein DL546_002282 [Coniochaeta pulveracea],1806,0.0024,non-degrader
RKU40659.1 hypothetical protein DL546_001708 [Coniochaeta pulveracea],145,0.0024,non-degrader
RKU40624.1 hypothetical protein DL546_003253 [Coniochaeta pulveracea],233,0.0024,non-degrader
RKU40598.1 copper-binding transcription factor [Coniochaeta pulveracea],777,0.0024,non-degrader
RKU40569.1 nucleolar complex protein 14 [Coniochaeta pulveracea],918,0.0024,non-degrader
RKU40493.1 hypothetical protein DL546_002116 [Coniochaeta pulveracea],485,0.0024,non-degrader
RKU40388.1 hypothetical protein DL546_002094 [Coniochaeta pulveracea],1012,0.0024,non-degrader
RKU40334.1 hypothetical protein DL546_001495 [Coniochaeta pulveracea],1174,0.0024,non-degrader
RKU40307.1 hypothetical protein DL546_001374 [Coniochaeta pulveracea],330,0.0024,non-degrader
RKU40175.1 hypothetical protein DL546_000734 [Coniochaeta pulveracea],519,0.0024,non-degrader
RKU40044.1 hypothetical protein DL546_000836 [Coniochaeta pulveracea],190,0.0024,non-degrader
RKU40005.1 hypothetical protein DL546_000332 [Coniochaeta pulveracea],920,0.0024,non-degrader
RKU39988.1 hypothetical protein DL546_000634 [Coniochaeta pulveracea],227,0.0024,non-degrader
RKU39944.1 hypothetical protein DL546_001528 [Coniochaeta pulveracea],111,0.0024,non-degrader
RKU39883.1 hypothetical protein DL546_000200 [Coniochaeta pulveracea],1422,0.0024,non-degrader
RKU39825.1 hypothetical protein DL546_001119 [Coniochaeta pulveracea],483,0.0024,non-degrader
RKU49719.1 hypothetical protein DL546_009890 [Coniochaeta pulveracea],517,0.0023,non-degrader
RKU49659.1 hypothetical protein DL546_009752 [Coniochaeta pulveracea],631,0.0023,non-degrader
RKU49558.1 hypothetical protein DL546_009245 [Coniochaeta pulveracea],615,0.0023,non-degrader
RKU49454.1 hypothetical protein DL546_007621 [Coniochaeta pulveracea],494,0.0023,non-degrader
RKU49356.1 hypothetical protein DL546_000318 [Coniochaeta pulveracea],575,0.0023,non-degrader
RKU49277.1 hypothetical protein DL546_009732 [Coniochaeta pulveracea],576,0.0023,non-degrader
RKU49218.1 hypothetical protein DL546_009247 [Coniochaeta pulveracea],261,0.0023,non-degrader
RKU48994.1 hypothetical protein DL546_009638 [Coniochaeta pulveracea],526,0.0023,non-degrader
RKU48821.1 hypothetical protein DL546_006821 [Coniochaeta pulveracea],159,0.0023,non-degrader
RKU48633.1 NAD-dependent histone deacetylase sir2 [Coniochaeta pulveracea],669,0.0023,non-degrader
"RKU48578.1 terpene cyclase, variant 3 [Coniochaeta pulveracea]",322,0.0023,non-degrader
"RKU48577.1 terpene cyclase, variant 2 [Coniochaeta pulveracea]",383,0.0023,non-degrader
RKU48392.1 hypothetical protein DL546_009336 [Coniochaeta pulveracea],567,0.0023,non-degrader
RKU48283.1 hypothetical protein DL546_007233 [Coniochaeta pulveracea],387,0.0023,non-degrader
RKU48212.1 hypothetical protein DL546_002165 [Coniochaeta pulveracea],245,0.0023,non-degrader
RKU48114.1 hypothetical protein DL546_008925 [Coniochaeta pulveracea],910,0.0023,non-degrader
RKU48104.1 hypothetical protein DL546_008815 [Coniochaeta pulveracea],1393,0.0023,non-degrader
RKU48051.1 hypothetical protein DL546_007950 [Coniochaeta pulveracea],570,0.0023,non-degrader
RKU47928.1 hypothetical protein DL546_009358 [Coniochaeta pulveracea],352,0.0023,non-degrader
RKU47924.1 spermidine resistance protein [Coniochaeta pulveracea],503,0.0023,non-degrader
RKU47921.1 hypothetical protein DL546_009311 [Coniochaeta pulveracea],487,0.0023,non-degrader
RKU47843.1 hypothetical protein DL546_008269 [Coniochaeta pulveracea],292,0.0023,non-degrader
RKU47829.1 hypothetical protein DL546_007925 [Coniochaeta pulveracea],383,0.0023,non-degrader
RKU47783.1 hypothetical protein DL546_006583 [Coniochaeta pulveracea],380,0.0023,non-degrader
RKU47710.1 hypothetical protein DL546_000162 [Coniochaeta pulveracea],167,0.0023,non-degrader
RKU47604.1 hypothetical protein DL546_008041 [Coniochaeta pulveracea],1054,0.0023,non-degrader
RKU47541.1 hypothetical protein DL546_005970 [Coniochaeta pulveracea],522,0.0023,non-degrader
RKU47510.1 Neuronal calcium sensor 1 [Coniochaeta pulveracea],149,0.0023,non-degrader
RKU47493.1 hypothetical protein DL546_002221 [Coniochaeta pulveracea],742,0.0023,non-degrader
RKU47391.1 hypothetical protein DL546_007304 [Coniochaeta pulveracea],165,0.0023,non-degrader
RKU47317.1 Mitochondrial matrix cochaperone [Coniochaeta pulveracea],234,0.0023,non-degrader
RKU47062.1 hypothetical protein DL546_008934 [Coniochaeta pulveracea],1200,0.0023,non-degrader
RKU46804.1 hypothetical protein DL546_007257 [Coniochaeta pulveracea],342,0.0023,non-degrader
RKU46758.1 hypothetical protein DL546_004763 [Coniochaeta pulveracea],809,0.0023,non-degrader
RKU46751.1 Nitrogen assimilation transcription factor nit-4 [Coniochaeta pulveracea],892,0.0023,non-degrader
RKU46749.1 hypothetical protein DL546_004214 [Coniochaeta pulveracea],245,0.0023,non-degrader
RKU46724.1 hypothetical protein DL546_001502 [Coniochaeta pulveracea],1333,0.0023,non-degrader
RKU46350.1 hypothetical protein DL546_008772 [Coniochaeta pulveracea],477,0.0023,non-degrader
RKU46269.1 hypothetical protein DL546_006715 [Coniochaeta pulveracea],204,0.0023,non-degrader
RKU46240.1 hypothetical protein DL546_005349 [Coniochaeta pulveracea],257,0.0023,non-degrader
RKU46209.1 hypothetical protein DL546_002001 [Coniochaeta pulveracea],422,0.0023,non-degrader
RKU46071.1 hypothetical protein DL546_003941 [Coniochaeta pulveracea],156,0.0023,non-degrader
RKU45967.1 UPRTase [Coniochaeta pulveracea],243,0.0023,non-degrader
RKU45923.1 hypothetical protein DL546_002526 [Coniochaeta pulveracea],281,0.0023,non-degrader
RKU45908.1 hypothetical protein DL546_000407 [Coniochaeta pulveracea],313,0.0023,non-degrader
RKU45863.1 Nuclear control of ATPase protein 2 [Coniochaeta pulveracea],683,0.0023,non-degrader
RKU45670.1 hypothetical protein DL546_005076 [Coniochaeta pulveracea],181,0.0023,non-degrader
RKU45383.1 hypothetical protein DL546_003733 [Coniochaeta pulveracea],326,0.0023,non-degrader
RKU45077.1 hypothetical protein DL546_007536 [Coniochaeta pulveracea],250,0.0023,non-degrader
RKU44945.1 hypothetical protein DL546_005774 [Coniochaeta pulveracea],154,0.0023,non-degrader
RKU44795.1 hypothetical protein DL546_007571 [Coniochaeta pulveracea],442,0.0023,non-degrader
RKU44353.1 hypothetical protein DL546_007403 [Coniochaeta pulveracea],570,0.0023,non-degrader
RKU44194.1 hypothetical protein DL546_001204 [Coniochaeta pulveracea],246,0.0023,non-degrader
RKU44147.1 hypothetical protein DL546_005179 [Coniochaeta pulveracea],574,0.0023,non-degrader
RKU44094.1 hypothetical protein DL546_000868 [Coniochaeta pulveracea],323,0.0023,non-degrader
RKU44089.1 hypothetical protein DL546_000074 [Coniochaeta pulveracea],783,0.0023,non-degrader
RKU43938.1 hypothetical protein DL546_002207 [Coniochaeta pulveracea],136,0.0023,non-degrader
RKU43593.1 hypothetical protein DL546_006025 [Coniochaeta pulveracea],804,0.0023,non-degrader
RKU43337.1 hypothetical protein DL546_004393 [Coniochaeta pulveracea],850,0.0023,non-degrader
RKU43206.1 hypothetical protein DL546_006077 [Coniochaeta pulveracea],784,0.0023,non-degrader
RKU42863.1 hypothetical protein DL546_003712 [Coniochaeta pulveracea],649,0.0023,non-degrader
RKU42764.1 hypothetical protein DL546_000550 [Coniochaeta pulveracea],687,0.0023,non-degrader
RKU42730.1 hypothetical protein DL546_004470 [Coniochaeta pulveracea],193,0.0023,non-degrader
RKU42690.1 hypothetical protein DL546_005611 [Coniochaeta pulveracea],310,0.0023,non-degrader
RKU42682.1 Nucleoporin nup84 [Coniochaeta pulveracea],949,0.0023,non-degrader
RKU42622.1 hypothetical protein DL546_005702 [Coniochaeta pulveracea],372,0.0023,non-degrader
RKU42320.1 hypothetical protein DL546_004050 [Coniochaeta pulveracea],364,0.0023,non-degrader
RKU42044.1 hypothetical protein DL546_001044 [Coniochaeta pulveracea],540,0.0023,non-degrader
RKU41932.1 hypothetical protein DL546_002894 [Coniochaeta pulveracea],764,0.0023,non-degrader
RKU41627.1 hypothetical protein DL546_005339 [Coniochaeta pulveracea],114,0.0023,non-degrader
RKU41476.1 hypothetical protein DL546_004223 [Coniochaeta pulveracea],420,0.0023,non-degrader
RKU41447.1 hypothetical protein DL546_001881 [Coniochaeta pulveracea],154,0.0023,non-degrader
RKU41076.1 hypothetical protein DL546_003409 [Coniochaeta pulveracea],375,0.0023,non-degrader
RKU40834.1 Phospholipase D1 [Coniochaeta pulveracea],1946,0.0023,non-degrader
RKU40776.1 hypothetical protein DL546_003577 [Coniochaeta pulveracea],405,0.0023,non-degrader
RKU40614.1 hypothetical protein DL546_002262 [Coniochaeta pulveracea],579,0.0023,non-degrader
RKU40610.1 DNA-directed DNA polymerase [Coniochaeta pulveracea],1040,0.0023,non-degrader
RKU40494.1 hypothetical protein DL546_002040 [Coniochaeta pulveracea],314,0.0023,non-degrader
"RKU40472.1 Fungal specific transcription factor, variant 2 [Coniochaeta pulveracea]",397,0.0023,non-degrader
RKU40386.1 hypothetical protein DL546_001694 [Coniochaeta pulveracea],434,0.0023,non-degrader
RKU40322.1 hypothetical protein DL546_002815 [Coniochaeta pulveracea],449,0.0023,non-degrader
RKU40252.1 hypothetical protein DL546_000306 [Coniochaeta pulveracea],119,0.0023,non-degrader
RKU40024.1 hypothetical protein DL546_000521 [Coniochaeta pulveracea],111,0.0023,non-degrader
RKU39918.1 hypothetical protein DL546_000577 [Coniochaeta pulveracea],162,0.0023,non-degrader
RKU39872.1 exosome nuclease subunit [Coniochaeta pulveracea],801,0.0023,non-degrader
RKU39862.1 hypothetical protein DL546_000431 [Coniochaeta pulveracea],461,0.0023,non-degrader
RKU39768.1 hypothetical protein DL546_000646 [Coniochaeta pulveracea],821,0.0023,non-degrader
RKU49599.1 hypothetical protein DL546_009491 [Coniochaeta pulveracea],294,0.0022,non-degrader
RKU49467.1 hypothetical protein DL546_007801 [Coniochaeta pulveracea],891,0.0022,non-degrader
RKU49280.1 hypothetical protein DL546_009737 [Coniochaeta pulveracea],120,0.0022,non-degrader
RKU49278.1 hypothetical protein DL546_009732 [Coniochaeta pulveracea],592,0.0022,non-degrader
RKU49249.1 60S ribosomal protein L8B [Coniochaeta pulveracea],261,0.0022,non-degrader
RKU48906.1 hypothetical protein DL546_008852 [Coniochaeta pulveracea],105,0.0022,non-degrader
RKU48576.1 terpene cyclase [Coniochaeta pulveracea],273,0.0022,non-degrader
RKU48250.1 hypothetical protein DL546_005169 [Coniochaeta pulveracea],751,0.0022,non-degrader
RKU48203.1 hypothetical protein DL546_001061 [Coniochaeta pulveracea],234,0.0022,non-degrader
RKU48146.1 pre-mRNA-splicing factor 8 [Coniochaeta pulveracea],2370,0.0022,non-degrader
RKU48113.1 hypothetical protein DL546_008925 [Coniochaeta pulveracea],852,0.0022,non-degrader
RKU48050.1 hypothetical protein DL546_007932 [Coniochaeta pulveracea],376,0.0022,non-degrader
"RKU48043.1 Ribonucleotide-diphosphate reductase (RNR), small subunit [Coniochaeta pulveracea]",312,0.0022,non-degrader
RKU48012.1 hypothetical protein DL546_006662 [Coniochaeta pulveracea],2569,0.0022,non-degrader
RKU47622.1 ribosomal RNA assembly protein krr1 [Coniochaeta pulveracea],322,0.0022,non-degrader
RKU47422.1 hypothetical protein DL546_008396 [Coniochaeta pulveracea],648,0.0022,non-degrader
RKU47404.1 hypothetical protein DL546_007686 [Coniochaeta pulveracea],152,0.0022,non-degrader
RKU47371.1 hypothetical protein DL546_006529 [Coniochaeta pulveracea],228,0.0022,non-degrader
RKU47285.1 hypothetical protein DL546_009194 [Coniochaeta pulveracea],576,0.0022,non-degrader
RKU46940.1 hypothetical protein DL546_005205 [Coniochaeta pulveracea],426,0.0022,non-degrader
RKU46863.1 hypothetical protein DL546_008566 [Coniochaeta pulveracea],157,0.0022,non-degrader
RKU46770.1 hypothetical protein DL546_005661 [Coniochaeta pulveracea],688,0.0022,non-degrader
RKU46735.1 hypothetical protein DL546_002673 [Coniochaeta pulveracea],602,0.0022,non-degrader
RKU46537.1 hypothetical protein DL546_000118 [Coniochaeta pulveracea],456,0.0022,non-degrader
RKU46513.1 hypothetical protein DL546_008637 [Coniochaeta pulveracea],313,0.0022,non-degrader
RKU46426.1 hypothetical protein DL546_006311 [Coniochaeta pulveracea],413,0.0022,non-degrader
RKU46344.1 hypothetical protein DL546_008695 [Coniochaeta pulveracea],658,0.0022,non-degrader
RKU46149.1 vacuolar ATPase assembly integral membrane protein vma21 [Coniochaeta pulveracea],110,0.0022,non-degrader
RKU45949.1 hypothetical protein DL546_004597 [Coniochaeta pulveracea],101,0.0022,non-degrader
RKU45932.1 GTPase activating protein [Coniochaeta pulveracea],824,0.0022,non-degrader
RKU45795.1 hypothetical protein DL546_004605 [Coniochaeta pulveracea],270,0.0022,non-degrader
RKU45777.1 hypothetical protein DL546_002074 [Coniochaeta pulveracea],1069,0.0022,non-degrader
RKU45752.1 hypothetical protein DL546_008363 [Coniochaeta pulveracea],1200,0.0022,non-degrader
RKU45681.1 hypothetical protein DL546_005898 [Coniochaeta pulveracea],80,0.0022,non-degrader
RKU45609.1 hypothetical protein DL546_008098 [Coniochaeta pulveracea],1280,0.0022,non-degrader
RKU45391.1 hypothetical protein DL546_004317 [Coniochaeta pulveracea],578,0.0022,non-degrader
RKU45390.1 hypothetical protein DL546_004317 [Coniochaeta pulveracea],567,0.0022,non-degrader
RKU45175.1 hypothetical protein DL546_006841 [Coniochaeta pulveracea],273,0.0022,non-degrader
RKU45106.1 hypothetical protein DL546_002204 [Coniochaeta pulveracea],146,0.0022,non-degrader
RKU44919.1 hypothetical protein DL546_003362 [Coniochaeta pulveracea],460,0.0022,non-degrader
RKU44766.1 hypothetical protein DL546_006280 [Coniochaeta pulveracea],545,0.0022,non-degrader
RKU44757.1 hypothetical protein DL546_005890 [Coniochaeta pulveracea],600,0.0022,non-degrader
RKU44727.1 hypothetical protein DL546_007348 [Coniochaeta pulveracea],136,0.0022,non-degrader
RKU44702.1 hypothetical protein DL546_006368 [Coniochaeta pulveracea],161,0.0022,non-degrader
RKU44501.1 hypothetical protein DL546_005362 [Coniochaeta pulveracea],120,0.0022,non-degrader
RKU44472.1 hypothetical protein DL546_002705 [Coniochaeta pulveracea],729,0.0022,non-degrader
"RKU44445.1 hypothetical protein DL546_000010, partial [Coniochaeta pulveracea]",63,0.0022,non-degrader
RKU44414.1 hypothetical protein DL546_006270 [Coniochaeta pulveracea],551,0.0022,non-degrader
RKU44080.1 hypothetical protein DL546_007119 [Coniochaeta pulveracea],747,0.0022,non-degrader
RKU43951.1 hypothetical protein DL546_003425 [Coniochaeta pulveracea],482,0.0022,non-degrader
RKU43805.1 hypothetical protein DL546_006234 [Coniochaeta pulveracea],1275,0.0022,non-degrader
RKU43560.1 hypothetical protein DL546_002802 [Coniochaeta pulveracea],886,0.0022,non-degrader
RKU43258.1 assembly factor cbp4 [Coniochaeta pulveracea],125,0.0022,non-degrader
RKU43068.1 hypothetical protein DL546_001028 [Coniochaeta pulveracea],251,0.0022,non-degrader
RKU43030.1 hypothetical protein DL546_004960 [Coniochaeta pulveracea],196,0.0022,non-degrader
RKU42712.1 hypothetical protein DL546_002777 [Coniochaeta pulveracea],796,0.0022,non-degrader
RKU42656.1 F-actin-capping protein subunit beta [Coniochaeta pulveracea],312,0.0022,non-degrader
RKU42653.1 hypothetical protein DL546_002580 [Coniochaeta pulveracea],1174,0.0022,non-degrader
RKU42605.1 hypothetical protein DL546_004854 [Coniochaeta pulveracea],537,0.0022,non-degrader
RKU42506.1 hypothetical protein DL546_002067 [Coniochaeta pulveracea],183,0.0022,non-degrader
RKU42505.1 Transcriptional activator [Coniochaeta pulveracea],743,0.0022,non-degrader
RKU42476.1 heme oxygenase [Coniochaeta pulveracea],479,0.0022,non-degrader
RKU42456.1 hypothetical protein DL546_003725 [Coniochaeta pulveracea],440,0.0022,non-degrader
RKU42286.1 hypothetical protein DL546_000864 [Coniochaeta pulveracea],1214,0.0022,non-degrader
RKU42221.1 mRNA splicing protein prp18 [Coniochaeta pulveracea],367,0.0022,non-degrader
RKU42064.1 hypothetical protein DL546_003410 [Coniochaeta pulveracea],853,0.0022,non-degrader
RKU42008.1 threonyl-tRNA synthetase [Coniochaeta pulveracea],740,0.0022,non-degrader
RKU41996.1 Class II abasic (AP) endonuclease [Coniochaeta pulveracea],512,0.0022,non-degrader
RKU41701.1 Transcriptional activator spt7 [Coniochaeta pulveracea],1159,0.0022,non-degrader
RKU41685.1 hypothetical protein DL546_000292 [Coniochaeta pulveracea],242,0.0022,non-degrader
RKU41567.1 hypothetical protein DL546_003900 [Coniochaeta pulveracea],277,0.0022,non-degrader
"RKU41430.1 hypothetical protein DL546_000027, partial [Coniochaeta pulveracea]",173,0.0022,non-degrader
RKU41390.1 hypothetical protein DL546_004525 [Coniochaeta pulveracea],311,0.0022,non-degrader
RKU41261.1 hypothetical protein DL546_004291 [Coniochaeta pulveracea],909,0.0022,non-degrader
RKU41186.1 DNA-dependent ATPase protein rad54 [Coniochaeta pulveracea],847,0.0022,non-degrader
RKU41125.1 hypothetical protein DL546_004178 [Coniochaeta pulveracea],716,0.0022,non-degrader
RKU41020.1 hypothetical protein DL546_001691 [Coniochaeta pulveracea],623,0.0022,non-degrader
RKU41004.1 hypothetical protein DL546_004088 [Coniochaeta pulveracea],715,0.0022,non-degrader
RKU40877.1 hypothetical protein DL546_001068 [Coniochaeta pulveracea],700,0.0022,non-degrader
RKU40830.1 hypothetical protein DL546_003071 [Coniochaeta pulveracea],354,0.0022,non-degrader
RKU40482.1 hypothetical protein DL546_000294 [Coniochaeta pulveracea],732,0.0022,non-degrader
RKU40192.1 hypothetical protein DL546_002344 [Coniochaeta pulveracea],201,0.0022,non-degrader
RKU40060.1 hypothetical protein DL546_000445 [Coniochaeta pulveracea],223,0.0022,non-degrader
RKU49572.1 hypothetical protein DL546_009363 [Coniochaeta pulveracea],373,0.0021,non-degrader
RKU49516.1 hypothetical protein DL546_008825 [Coniochaeta pulveracea],496,0.0021,non-degrader
RKU49478.1 hypothetical protein DL546_008038 [Coniochaeta pulveracea],222,0.0021,non-degrader
RKU49468.1 hypothetical protein DL546_007801 [Coniochaeta pulveracea],867,0.0021,non-degrader
RKU49443.1 hypothetical protein DL546_007236 [Coniochaeta pulveracea],943,0.0021,non-degrader
RKU49413.1 Peroxisome chaperone and import receptor [Coniochaeta pulveracea],317,0.0021,non-degrader
RKU49357.1 hypothetical protein DL546_000558 [Coniochaeta pulveracea],1317,0.0021,non-degrader
RKU49310.1 hypothetical protein DL546_009819 [Coniochaeta pulveracea],399,0.0021,non-degrader
RKU49091.1 hypothetical protein DL546_005662 [Coniochaeta pulveracea],323,0.0021,non-degrader
RKU49005.1 hypothetical protein DL546_009667 [Coniochaeta pulveracea],678,0.0021,non-degrader
RKU48975.1 hypothetical protein DL546_009512 [Coniochaeta pulveracea],521,0.0021,non-degrader
RKU48720.1 hypothetical protein DL546_009674 [Coniochaeta pulveracea],129,0.0021,non-degrader
RKU48680.1 hypothetical protein DL546_009468 [Coniochaeta pulveracea],1145,0.0021,non-degrader
RKU48677.1 mediator of RNA polymerase II transcription subunit 13 [Coniochaeta pulveracea],1551,0.0021,non-degrader
RKU48608.1 hypothetical protein DL546_008753 [Coniochaeta pulveracea],328,0.0021,non-degrader
RKU48293.1 hypothetical protein DL546_007516 [Coniochaeta pulveracea],125,0.0021,non-degrader
RKU48266.1 hypothetical protein DL546_006329 [Coniochaeta pulveracea],177,0.0021,non-degrader
RKU48105.1 hypothetical protein DL546_008815 [Coniochaeta pulveracea],1316,0.0021,non-degrader
RKU47975.1 hypothetical protein DL546_004217 [Coniochaeta pulveracea],700,0.0021,non-degrader
RKU47917.1 enolase-phosphatase E1 [Coniochaeta pulveracea],93,0.0021,non-degrader
RKU47877.1 hypothetical protein DL546_008776 [Coniochaeta pulveracea],153,0.0021,non-degrader
RKU47801.1 hypothetical protein DL546_007285 [Coniochaeta pulveracea],732,0.0021,non-degrader
RKU47785.1 hypothetical protein DL546_006646 [Coniochaeta pulveracea],385,0.0021,non-degrader
RKU47713.1 hypothetical protein DL546_000510 [Coniochaeta pulveracea],269,0.0021,non-degrader
RKU47711.1 hypothetical protein DL546_000193 [Coniochaeta pulveracea],323,0.0021,non-degrader
RKU47433.1 hypothetical protein DL546_008665 [Coniochaeta pulveracea],119,0.0021,non-degrader
RKU47421.1 hypothetical protein DL546_008396 [Coniochaeta pulveracea],680,0.0021,non-degrader
RKU47180.1 hypothetical protein DL546_007622 [Coniochaeta pulveracea],480,0.0021,non-degrader
RKU47156.1 hypothetical protein DL546_006768 [Coniochaeta pulveracea],1571,0.0021,non-degrader
RKU47064.1 hypothetical protein DL546_009005 [Coniochaeta pulveracea],650,0.0021,non-degrader
RKU47011.1 hypothetical protein DL546_008059 [Coniochaeta pulveracea],1676,0.0021,non-degrader
RKU47009.1 hypothetical protein DL546_007988 [Coniochaeta pulveracea],590,0.0021,non-degrader
RKU47005.1 hypothetical protein DL546_007896 [Coniochaeta pulveracea],159,0.0021,non-degrader
RKU46892.1 hypothetical protein DL546_000303 [Coniochaeta pulveracea],754,0.0021,non-degrader
RKU46813.1 hypothetical protein DL546_007586 [Coniochaeta pulveracea],561,0.0021,non-degrader
RKU46757.1 hypothetical protein DL546_004711 [Coniochaeta pulveracea],161,0.0021,non-degrader
RKU46702.1 hypothetical protein DL546_008933 [Coniochaeta pulveracea],378,0.0021,non-degrader
RKU46465.1 hypothetical protein DL546_007664 [Coniochaeta pulveracea],383,0.0021,non-degrader
"RKU46230.1 Glycoside hydrolase 2 (Mannanase, beta-galactosidase) [Coniochaeta pulveracea]",1148,0.0021,non-degrader
RKU46213.1 hypothetical protein DL546_002886 [Coniochaeta pulveracea],259,0.0021,non-degrader
RKU45872.1 hypothetical protein DL546_007943 [Coniochaeta pulveracea],631,0.0021,non-degrader
RKU45801.1 stearoyl-CoA 9-desaturase [Coniochaeta pulveracea],480,0.0021,non-degrader
RKU45774.1 RNA polymerase II mediator complex subunit [Coniochaeta pulveracea],138,0.0021,non-degrader
RKU45688.1 hypothetical protein DL546_006384 [Coniochaeta pulveracea],450,0.0021,non-degrader
RKU45673.1 RNA polymerase III-inhibiting protein maf1 [Coniochaeta pulveracea],358,0.0021,non-degrader
RKU45644.1 hypothetical protein DL546_002843 [Coniochaeta pulveracea],496,0.0021,non-degrader
RKU45473.1 hypothetical protein DL546_008028 [Coniochaeta pulveracea],250,0.0021,non-degrader
RKU45458.1 hypothetical protein DL546_007712 [Coniochaeta pulveracea],68,0.0021,non-degrader
RKU45392.1 hypothetical protein DL546_004382 [Coniochaeta pulveracea],787,0.0021,non-degrader
RKU45249.1 hypothetical protein DL546_003328 [Coniochaeta pulveracea],346,0.0021,non-degrader
RKU45172.1 hypothetical protein DL546_006618 [Coniochaeta pulveracea],767,0.0021,non-degrader
RKU45157.1 ERMES complex subunit mmm1 [Coniochaeta pulveracea],443,0.0021,non-degrader
RKU45050.1 hypothetical protein DL546_006288 [Coniochaeta pulveracea],642,0.0021,non-degrader
RKU45038.1 hypothetical protein DL546_005515 [Coniochaeta pulveracea],206,0.0021,non-degrader
RKU44981.1 Mediator of RNA polymerase II transcription subunit 6 [Coniochaeta pulveracea],323,0.0021,non-degrader
RKU44905.1 hypothetical protein DL546_002042 [Coniochaeta pulveracea],442,0.0021,non-degrader
RKU44714.1 hypothetical protein DL546_006785 [Coniochaeta pulveracea],446,0.0021,non-degrader
RKU44640.1 hypothetical protein DL546_007620 [Coniochaeta pulveracea],72,0.0021,non-degrader
RKU44591.1 hypothetical protein DL546_005427 [Coniochaeta pulveracea],315,0.0021,non-degrader
RKU44529.1 hypothetical protein DL546_007092 [Coniochaeta pulveracea],178,0.0021,non-degrader
RKU44288.1 RNA polymerase II mediator complex subunit [Coniochaeta pulveracea],1483,0.0021,non-degrader
RKU44210.1 hypothetical protein DL546_003063 [Coniochaeta pulveracea],99,0.0021,non-degrader
RKU43988.1 hypothetical protein DL546_006078 [Coniochaeta pulveracea],1241,0.0021,non-degrader
RKU43888.1 hypothetical protein DL546_006018 [Coniochaeta pulveracea],320,0.0021,non-degrader
RKU43886.1 Guanine nucleotide exchange factor lte1 [Coniochaeta pulveracea],1624,0.0021,non-degrader
RKU43850.1 hypothetical protein DL546_002584 [Coniochaeta pulveracea],740,0.0021,non-degrader
RKU43598.1 hypothetical protein DL546_006307 [Coniochaeta pulveracea],2052,0.0021,non-degrader
RKU43424.1 hypothetical protein DL546_005321 [Coniochaeta pulveracea],120,0.0021,non-degrader
RKU43372.1 hypothetical protein DL546_006497 [Coniochaeta pulveracea],254,0.0021,non-degrader
RKU43088.1 hypothetical protein DL546_003095 [Coniochaeta pulveracea],51,0.0021,non-degrader
RKU42995.1 hypothetical protein DL546_002013 [Coniochaeta pulveracea],81,0.0021,non-degrader
RKU42844.1 hypothetical protein DL546_001998 [Coniochaeta pulveracea],209,0.0021,non-degrader
RKU42716.1 hypothetical protein DL546_003284 [Coniochaeta pulveracea],577,0.0021,non-degrader
RKU42709.1 hypothetical protein DL546_002234 [Coniochaeta pulveracea],486,0.0021,non-degrader
RKU42665.1 hypothetical protein DL546_003588 [Coniochaeta pulveracea],861,0.0021,non-degrader
RKU42459.1 hypothetical protein DL546_004030 [Coniochaeta pulveracea],139,0.0021,non-degrader
RKU42394.1 hypothetical protein DL546_004168 [Coniochaeta pulveracea],1176,0.0021,non-degrader
RKU42347.1 hypothetical protein DL546_005749 [Coniochaeta pulveracea],422,0.0021,non-degrader
RKU42309.1 hypothetical protein DL546_003352 [Coniochaeta pulveracea],407,0.0021,non-degrader
RKU42017.1 hypothetical protein DL546_004843 [Coniochaeta pulveracea],755,0.0021,non-degrader
RKU41870.1 hypothetical protein DL546_002523 [Coniochaeta pulveracea],734,0.0021,non-degrader
RKU41845.1 rRNA bioproteinsis protein rrp36 [Coniochaeta pulveracea],324,0.0021,non-degrader
RKU41842.1 hypothetical protein DL546_005445 [Coniochaeta pulveracea],166,0.0021,non-degrader
RKU41537.1 hypothetical protein DL546_000433 [Coniochaeta pulveracea],290,0.0021,non-degrader
RKU41533.1 hypothetical protein DL546_005246 [Coniochaeta pulveracea],640,0.0021,non-degrader
RKU41419.1 hypothetical protein DL546_003523 [Coniochaeta pulveracea],472,0.0021,non-degrader
RKU41253.1 hypothetical protein DL546_003590 [Coniochaeta pulveracea],505,0.0021,non-degrader
RKU41189.1 hypothetical protein DL546_001662 [Coniochaeta pulveracea],551,0.0021,non-degrader
RKU40949.1 hypothetical protein DL546_002008 [Coniochaeta pulveracea],602,0.0021,non-degrader
RKU40698.1 hypothetical protein DL546_002218 [Coniochaeta pulveracea],948,0.0021,non-degrader
RKU40603.1 proteasome core particle subunit beta 3 [Coniochaeta pulveracea],205,0.0021,non-degrader
RKU40567.1 hypothetical protein DL546_001043 [Coniochaeta pulveracea],327,0.0021,non-degrader
RKU40456.1 hypothetical protein DL546_001310 [Coniochaeta pulveracea],225,0.0021,non-degrader
RKU40318.1 ERMES complex subunit [Coniochaeta pulveracea],544,0.0021,non-degrader
RKU40278.1 hypothetical protein DL546_000078 [Coniochaeta pulveracea],450,0.0021,non-degrader
RKU40167.1 hypothetical protein DL546_000590 [Coniochaeta pulveracea],930,0.0021,non-degrader
RKU39923.1 hypothetical protein DL546_001009 [Coniochaeta pulveracea],700,0.0021,non-degrader
RKU39908.1 Oxidoreductase [Coniochaeta pulveracea],308,0.0021,non-degrader
RKU39897.1 hypothetical protein DL546_001676 [Coniochaeta pulveracea],236,0.0021,non-degrader
RKU39718.1 Mitochondrial distribution and morphology protein 35 [Coniochaeta pulveracea],83,0.0021,non-degrader
RKU49543.1 hypothetical protein DL546_009099 [Coniochaeta pulveracea],131,0.002,non-degrader
RKU49479.1 hypothetical protein DL546_008051 [Coniochaeta pulveracea],820,0.002,non-degrader
RKU49464.1 hypothetical protein DL546_007746 [Coniochaeta pulveracea],528,0.002,non-degrader
RKU49267.1 ATP-dependent RNA helicase [Coniochaeta pulveracea],747,0.002,non-degrader
RKU49069.1 hypothetical protein DL546_003519 [Coniochaeta pulveracea],165,0.002,non-degrader
RKU49065.1 Mediator of RNA polymerase II transcription subunit 7 [Coniochaeta pulveracea],259,0.002,non-degrader
RKU48972.1 hypothetical protein DL546_009480 [Coniochaeta pulveracea],475,0.002,non-degrader
RKU48829.1 hypothetical protein DL546_007075 [Coniochaeta pulveracea],393,0.002,non-degrader
RKU48691.1 kinetochore-associated Ndc80 complex subunit ndc80 [Coniochaeta pulveracea],777,0.002,non-degrader
RKU48536.1 hypothetical protein DL546_007094 [Coniochaeta pulveracea],427,0.002,non-degrader
RKU48478.1 hypothetical protein DL546_004129 [Coniochaeta pulveracea],846,0.002,non-degrader
"RKU48461.1 Bud site selection protein, Revert to axial protein 1 [Coniochaeta pulveracea]",369,0.002,non-degrader
RKU48440.1 hypothetical protein DL546_000768 [Coniochaeta pulveracea],355,0.002,non-degrader
RKU47987.1 hypothetical protein DL546_004923 [Coniochaeta pulveracea],295,0.002,non-degrader
RKU47938.1 hypothetical protein DL546_000098 [Coniochaeta pulveracea],1021,0.002,non-degrader
RKU47900.1 hypothetical protein DL546_009045 [Coniochaeta pulveracea],645,0.002,non-degrader
RKU47889.1 60S ribosomal protein L29 [Coniochaeta pulveracea],65,0.002,non-degrader
RKU47765.1 hypothetical protein DL546_005569 [Coniochaeta pulveracea],326,0.002,non-degrader
"RKU47588.1 alpha 1,2-mannosyltransferase 2.4.1 [Coniochaeta pulveracea]",341,0.002,non-degrader
RKU47550.1 hypothetical protein DL546_006459 [Coniochaeta pulveracea],229,0.002,non-degrader
RKU47418.1 hypothetical protein DL546_008155 [Coniochaeta pulveracea],109,0.002,non-degrader
RKU47329.1 hypothetical protein DL546_003825 [Coniochaeta pulveracea],821,0.002,non-degrader
RKU47220.1 hypothetical protein DL546_008390 [Coniochaeta pulveracea],75,0.002,non-degrader
RKU47089.1 hypothetical protein DL546_000246 [Coniochaeta pulveracea],284,0.002,non-degrader
RKU46956.1 hypothetical protein DL546_006061 [Coniochaeta pulveracea],648,0.002,non-degrader
RKU46942.1 hypothetical protein DL546_005327 [Coniochaeta pulveracea],596,0.002,non-degrader
RKU46808.1 hypothetical protein DL546_007383 [Coniochaeta pulveracea],124,0.002,non-degrader
RKU46762.1 hypothetical protein DL546_005128 [Coniochaeta pulveracea],1162,0.002,non-degrader
RKU46487.1 hypothetical protein DL546_008223 [Coniochaeta pulveracea],129,0.002,non-degrader
RKU46340.1 hypothetical protein DL546_008592 [Coniochaeta pulveracea],1678,0.002,non-degrader
RKU46202.1 hypothetical protein DL546_001240 [Coniochaeta pulveracea],360,0.002,non-degrader
RKU46087.1 hypothetical protein DL546_004934 [Coniochaeta pulveracea],169,0.002,non-degrader
RKU46046.1 hypothetical protein DL546_001383 [Coniochaeta pulveracea],77,0.002,non-degrader
RKU46028.1 hypothetical protein DL546_008564 [Coniochaeta pulveracea],71,0.002,non-degrader
RKU45970.1 tau 95 subunit of transcription factor TFIIIC [Coniochaeta pulveracea],792,0.002,non-degrader
RKU45951.1 hypothetical protein DL546_004713 [Coniochaeta pulveracea],408,0.002,non-degrader
RKU45827.1 hypothetical protein DL546_006607 [Coniochaeta pulveracea],773,0.002,non-degrader
RKU45775.1 hypothetical protein DL546_001823 [Coniochaeta pulveracea],243,0.002,non-degrader
RKU45747.1 hypothetical protein DL546_008259 [Coniochaeta pulveracea],331,0.002,non-degrader
RKU45716.1 hypothetical protein DL546_007607 [Coniochaeta pulveracea],1104,0.002,non-degrader
RKU45650.1 kinesin-like protein Klp8 [Coniochaeta pulveracea],1715,0.002,non-degrader
RKU45502.1 hypothetical protein DL546_000895 [Coniochaeta pulveracea],384,0.002,non-degrader
RKU45489.1 hypothetical protein DL546_008376 [Coniochaeta pulveracea],301,0.002,non-degrader
RKU45446.1 hypothetical protein DL546_007281 [Coniochaeta pulveracea],95,0.002,non-degrader
RKU45442.1 hypothetical protein DL546_007110 [Coniochaeta pulveracea],219,0.002,non-degrader
RKU45121.1 hypothetical protein DL546_003516 [Coniochaeta pulveracea],255,0.002,non-degrader
RKU45066.1 hypothetical protein DL546_007211 [Coniochaeta pulveracea],229,0.002,non-degrader
RKU45063.1 hypothetical protein DL546_007106 [Coniochaeta pulveracea],136,0.002,non-degrader
RKU44996.1 hypothetical protein DL546_001626 [Coniochaeta pulveracea],235,0.002,non-degrader
RKU44597.1 mRNA-binding ribosome synthesis protein nop7 [Coniochaeta pulveracea],500,0.002,non-degrader
RKU44489.1 hypothetical protein DL546_004545 [Coniochaeta pulveracea],630,0.002,non-degrader
RKU44484.1 hypothetical protein DL546_004072 [Coniochaeta pulveracea],130,0.002,non-degrader
RKU44474.1 hypothetical protein DL546_002998 [Coniochaeta pulveracea],583,0.002,non-degrader
RKU44069.1 putative DNA helicase ino80 [Coniochaeta pulveracea],1530,0.002,non-degrader
RKU43983.1 hypothetical protein DL546_005717 [Coniochaeta pulveracea],2273,0.002,non-degrader
RKU43947.1 hypothetical protein DL546_003087 [Coniochaeta pulveracea],603,0.002,non-degrader
RKU43896.1 hypothetical protein DL546_006322 [Coniochaeta pulveracea],669,0.002,non-degrader
RKU43867.1 hypothetical protein DL546_004460 [Coniochaeta pulveracea],321,0.002,non-degrader
RKU43848.1 hypothetical protein DL546_002343 [Coniochaeta pulveracea],106,0.002,non-degrader
RKU43824.1 NAD(+) kinase [Coniochaeta pulveracea],605,0.002,non-degrader
RKU43742.1 hypothetical protein DL546_005914 [Coniochaeta pulveracea],1012,0.002,non-degrader
RKU43723.1 hypothetical protein DL546_004520 [Coniochaeta pulveracea],317,0.002,non-degrader
RKU43594.1 hypothetical protein DL546_006088 [Coniochaeta pulveracea],629,0.002,non-degrader
RKU43464.1 hypothetical protein DL546_001284 [Coniochaeta pulveracea],479,0.002,non-degrader
RKU43279.1 hypothetical protein DL546_006162 [Coniochaeta pulveracea],188,0.002,non-degrader
RKU43183.1 hypothetical protein DL546_004919 [Coniochaeta pulveracea],225,0.002,non-degrader
RKU43031.1 hypoxanthine-guanine phosphoribosyltransferase [Coniochaeta pulveracea],265,0.002,non-degrader
RKU42924.1 Diphthamide biosynthesis protein 3 [Coniochaeta pulveracea],91,0.002,non-degrader
RKU42884.1 hypothetical protein DL546_005903 [Coniochaeta pulveracea],196,0.002,non-degrader
RKU42801.1 RNA polymerase B [Coniochaeta pulveracea],143,0.002,non-degrader
RKU42758.1 hypothetical protein DL546_006276 [Coniochaeta pulveracea],509,0.002,non-degrader
RKU42663.1 hypothetical protein DL546_003386 [Coniochaeta pulveracea],426,0.002,non-degrader
RKU42628.1 hypothetical protein DL546_006024 [Coniochaeta pulveracea],185,0.002,non-degrader
RKU42528.1 hypothetical protein DL546_004633 [Coniochaeta pulveracea],191,0.002,non-degrader
RKU42366.1 hypothetical protein DL546_001340 [Coniochaeta pulveracea],178,0.002,non-degrader
RKU42261.1 hypothetical protein DL546_004838 [Coniochaeta pulveracea],268,0.002,non-degrader
RKU42195.1 hypothetical protein DL546_004250 [Coniochaeta pulveracea],65,0.002,non-degrader
RKU42133.1 hypothetical protein DL546_009926 [Coniochaeta pulveracea],137,0.002,non-degrader
RKU42112.1 hypothetical protein DL546_002624 [Coniochaeta pulveracea],601,0.002,non-degrader
RKU42111.1 hypothetical protein DL546_002624 [Coniochaeta pulveracea],586,0.002,non-degrader
RKU42098.1 hypothetical protein DL546_000947 [Coniochaeta pulveracea],1284,0.002,non-degrader
RKU42034.1 hypothetical protein DL546_005635 [Coniochaeta pulveracea],400,0.002,non-degrader
RKU41869.1 hypothetical protein DL546_002523 [Coniochaeta pulveracea],736,0.002,non-degrader
RKU41808.1 hypothetical protein DL546_002660 [Coniochaeta pulveracea],149,0.002,non-degrader
RKU41604.1 telomerase inhibitor [Coniochaeta pulveracea],368,0.002,non-degrader
RKU41056.1 hypothetical protein DL546_000763 [Coniochaeta pulveracea],465,0.002,non-degrader
RKU40606.1 hypothetical protein DL546_001579 [Coniochaeta pulveracea],117,0.002,non-degrader
RKU40476.1 hypothetical protein DL546_000909 [Coniochaeta pulveracea],585,0.002,non-degrader
RKU40335.1 rab guanine nucleotide exchange factor S2 [Coniochaeta pulveracea],692,0.002,non-degrader
RKU40181.1 hypothetical protein DL546_001414 [Coniochaeta pulveracea],570,0.002,non-degrader
RKU40075.1 hypothetical protein DL546_000058 [Coniochaeta pulveracea],917,0.002,non-degrader
RKU39977.1 Serine/threonine-protein phosphatase [Coniochaeta pulveracea],563,0.002,non-degrader
RKU39921.1 hypothetical protein DL546_000807 [Coniochaeta pulveracea],72,0.002,non-degrader
RKU39920.1 hypothetical protein DL546_000670 [Coniochaeta pulveracea],620,0.002,non-degrader
RKU49496.1 hypothetical protein DL546_008413 [Coniochaeta pulveracea],634,0.0019,non-degrader
RKU49392.1 hypothetical protein DL546_004962 [Coniochaeta pulveracea],63,0.0019,non-degrader
RKU49022.1 hypothetical protein DL546_009734 [Coniochaeta pulveracea],127,0.0019,non-degrader
RKU48945.1 hypothetical protein DL546_009315 [Coniochaeta pulveracea],756,0.0019,non-degrader
RKU48596.1 hypothetical protein DL546_008551 [Coniochaeta pulveracea],1014,0.0019,non-degrader
RKU48585.1 hypothetical protein DL546_008359 [Coniochaeta pulveracea],441,0.0019,non-degrader
RKU48406.1 hypothetical protein DL546_009492 [Coniochaeta pulveracea],666,0.0019,non-degrader
RKU48129.1 hypothetical protein DL546_009113 [Coniochaeta pulveracea],795,0.0019,non-degrader
RKU47948.1 hypothetical protein DL546_001427 [Coniochaeta pulveracea],408,0.0019,non-degrader
RKU47905.1 hypothetical protein DL546_009140 [Coniochaeta pulveracea],282,0.0019,non-degrader
RKU47780.1 hypothetical protein DL546_006413 [Coniochaeta pulveracea],592,0.0019,non-degrader
RKU47743.1 hypothetical protein DL546_003772 [Coniochaeta pulveracea],181,0.0019,non-degrader
RKU47698.1 hypothetical protein DL546_009323 [Coniochaeta pulveracea],427,0.0019,non-degrader
RKU47671.1 hypothetical protein DL546_009071 [Coniochaeta pulveracea],1324,0.0019,non-degrader
RKU47495.1 hypothetical protein DL546_002504 [Coniochaeta pulveracea],845,0.0019,non-degrader
RKU47389.1 Coiled-coil domain-containing protein 25 [Coniochaeta pulveracea],207,0.0019,non-degrader
RKU47150.1 hypothetical protein DL546_006543 [Coniochaeta pulveracea],192,0.0019,non-degrader
RKU46869.1 hypothetical protein DL546_008973 [Coniochaeta pulveracea],444,0.0019,non-degrader
RKU46800.1 hypothetical protein DL546_007117 [Coniochaeta pulveracea],622,0.0019,non-degrader
RKU46679.1 hypothetical protein DL546_008506 [Coniochaeta pulveracea],1137,0.0019,non-degrader
RKU46463.1 putative endonuclease lcl3 [Coniochaeta pulveracea],191,0.0019,non-degrader
RKU46345.1 hypothetical protein DL546_008695 [Coniochaeta pulveracea],505,0.0019,non-degrader
RKU45986.1 hypothetical protein DL546_007159 [Coniochaeta pulveracea],645,0.0019,non-degrader
RKU45985.1 hypothetical protein DL546_007139 [Coniochaeta pulveracea],426,0.0019,non-degrader
RKU45811.1 hypothetical protein DL546_005862 [Coniochaeta pulveracea],379,0.0019,non-degrader
RKU45783.1 hypothetical protein DL546_002690 [Coniochaeta pulveracea],3206,0.0019,non-degrader
RKU45766.1 hypothetical protein DL546_000568 [Coniochaeta pulveracea],520,0.0019,non-degrader
RKU45663.1 GTPase-activating protein [Coniochaeta pulveracea],581,0.0019,non-degrader
RKU45581.1 hypothetical protein DL546_007433 [Coniochaeta pulveracea],189,0.0019,non-degrader
RKU45559.1 hypothetical protein DL546_006357 [Coniochaeta pulveracea],886,0.0019,non-degrader
"RKU45547.1 40S ribosomal protein mrp2, mitochondrial [Coniochaeta pulveracea]",113,0.0019,non-degrader
RKU45347.1 hypothetical protein DL546_008050 [Coniochaeta pulveracea],147,0.0019,non-degrader
RKU45303.1 hypothetical protein DL546_006809 [Coniochaeta pulveracea],477,0.0019,non-degrader
RKU45057.1 isopentenyl-diphosphate delta-isomerase idi1 [Coniochaeta pulveracea],254,0.0019,non-degrader
RKU44869.1 hypothetical protein DL546_006886 [Coniochaeta pulveracea],253,0.0019,non-degrader
RKU44514.1 glyceraldehyde-3-phosphate dehydrogenase 1 [Coniochaeta pulveracea],779,0.0019,non-degrader
RKU44073.1 hypothetical protein DL546_006816 [Coniochaeta pulveracea],543,0.0019,non-degrader
RKU43976.1 hypothetical protein DL546_005208 [Coniochaeta pulveracea],125,0.0019,non-degrader
RKU43907.1 hypothetical protein DL546_006810 [Coniochaeta pulveracea],593,0.0019,non-degrader
RKU43606.1 hypothetical protein DL546_000243 [Coniochaeta pulveracea],397,0.0019,non-degrader
RKU43557.1 hypothetical protein DL546_002611 [Coniochaeta pulveracea],231,0.0019,non-degrader
RKU43277.1 hypothetical protein DL546_005988 [Coniochaeta pulveracea],584,0.0019,non-degrader
RKU43094.1 hypothetical protein DL546_003549 [Coniochaeta pulveracea],405,0.0019,non-degrader
RKU43036.1 hypothetical protein DL546_005247 [Coniochaeta pulveracea],747,0.0019,non-degrader
RKU43028.1 hypothetical protein DL546_004827 [Coniochaeta pulveracea],282,0.0019,non-degrader
RKU42929.1 hypothetical protein DL546_003779 [Coniochaeta pulveracea],800,0.0019,non-degrader
RKU42831.1 hypothetical protein DL546_000040 [Coniochaeta pulveracea],423,0.0019,non-degrader
RKU42702.1 hypothetical protein DL546_006287 [Coniochaeta pulveracea],231,0.0019,non-degrader
RKU42550.1 hypothetical protein DL546_005913 [Coniochaeta pulveracea],376,0.0019,non-degrader
RKU42508.1 hypothetical protein DL546_002240 [Coniochaeta pulveracea],72,0.0019,non-degrader
RKU42397.1 hypothetical protein DL546_004514 [Coniochaeta pulveracea],122,0.0019,non-degrader
RKU42380.1 Bifunctional dehydrogenase and ferrochelatase [Coniochaeta pulveracea],276,0.0019,non-degrader
RKU42376.1 hypothetical protein DL546_002746 [Coniochaeta pulveracea],656,0.0019,non-degrader
RKU42200.1 hypothetical protein DL546_004659 [Coniochaeta pulveracea],82,0.0019,non-degrader
RKU41836.1 hypothetical protein DL546_004951 [Coniochaeta pulveracea],277,0.0019,non-degrader
RKU41668.1 hypothetical protein DL546_004427 [Coniochaeta pulveracea],307,0.0019,non-degrader
RKU41300.1 hypothetical protein DL546_002867 [Coniochaeta pulveracea],887,0.0019,non-degrader
RKU41036.1 ADP-ribosylation factor-like protein 2 [Coniochaeta pulveracea],181,0.0019,non-degrader
RKU40794.1 hypothetical protein DL546_002330 [Coniochaeta pulveracea],630,0.0019,non-degrader
RKU40672.1 hypothetical protein DL546_003185 [Coniochaeta pulveracea],586,0.0019,non-degrader
"RKU40582.1 14-3-3 protein, variant 2 [Coniochaeta pulveracea]",264,0.0019,non-degrader
RKU40581.1 14-3-3 protein [Coniochaeta pulveracea],243,0.0019,non-degrader
RKU40450.1 F-actin-capping protein subunit beta [Coniochaeta pulveracea],265,0.0019,non-degrader
RKU40314.1 Pre-mRNA-splicing factor syf2 [Coniochaeta pulveracea],338,0.0019,non-degrader
RKU39898.1 hypothetical protein DL546_001740 [Coniochaeta pulveracea],103,0.0019,non-degrader
"RKU39868.1 hypothetical protein DL546_000015, partial [Coniochaeta pulveracea]",2093,0.0019,non-degrader
RKU39704.1 hypothetical protein DL546_000080 [Coniochaeta pulveracea],818,0.0019,non-degrader
RKU49723.1 terpene cyclase [Coniochaeta pulveracea],321,0.0018,non-degrader
RKU49675.1 hypothetical protein DL546_009789 [Coniochaeta pulveracea],274,0.0018,non-degrader
RKU49598.1 hypothetical protein DL546_009489 [Coniochaeta pulveracea],198,0.0018,non-degrader
RKU49508.1 hypothetical protein DL546_008671 [Coniochaeta pulveracea],219,0.0018,non-degrader
RKU49495.1 hypothetical protein DL546_008413 [Coniochaeta pulveracea],735,0.0018,non-degrader
RKU49331.1 hypothetical protein DL546_009856 [Coniochaeta pulveracea],801,0.0018,non-degrader
RKU49198.1 hypothetical protein DL546_008954 [Coniochaeta pulveracea],833,0.0018,non-degrader
RKU48983.1 hypothetical protein DL546_009582 [Coniochaeta pulveracea],584,0.0018,non-degrader
RKU48968.1 hypothetical protein DL546_009463 [Coniochaeta pulveracea],114,0.0018,non-degrader
RKU48890.1 hypothetical protein DL546_008605 [Coniochaeta pulveracea],97,0.0018,non-degrader
RKU48678.1 S-methyl-5-thioadenosine phosphorylase [Coniochaeta pulveracea],344,0.0018,non-degrader
RKU47536.1 Translation machinery-associated protein 7 [Coniochaeta pulveracea],67,0.0018,non-degrader
RKU47478.1 hypothetical protein DL546_000730 [Coniochaeta pulveracea],436,0.0018,non-degrader
RKU47467.1 hypothetical protein DL546_009299 [Coniochaeta pulveracea],965,0.0018,non-degrader
RKU47449.1 hypothetical protein DL546_008967 [Coniochaeta pulveracea],90,0.0018,non-degrader
RKU47443.1 hypothetical protein DL546_008827 [Coniochaeta pulveracea],427,0.0018,non-degrader
RKU47397.1 hypothetical protein DL546_007466 [Coniochaeta pulveracea],887,0.0018,non-degrader
RKU47308.1 hypothetical protein DL546_001242 [Coniochaeta pulveracea],621,0.0018,non-degrader
RKU47181.1 DNA-directed RNA polymerase [Coniochaeta pulveracea],1386,0.0018,non-degrader
RKU47057.1 hypothetical protein DL546_008882 [Coniochaeta pulveracea],259,0.0018,non-degrader
RKU47010.1 hypothetical protein DL546_008020 [Coniochaeta pulveracea],587,0.0018,non-degrader
RKU46918.1 hypothetical protein DL546_003461 [Coniochaeta pulveracea],111,0.0018,non-degrader
RKU46917.1 hypothetical protein DL546_003320 [Coniochaeta pulveracea],1307,0.0018,non-degrader
RKU46916.1 hypothetical protein DL546_003198 [Coniochaeta pulveracea],972,0.0018,non-degrader
RKU46871.1 hypothetical protein DL546_009003 [Coniochaeta pulveracea],449,0.0018,non-degrader
RKU46645.1 hypothetical protein DL546_007876 [Coniochaeta pulveracea],1249,0.0018,non-degrader
"RKU46625.1 37S ribosomal protein S24, mitochondrial [Coniochaeta pulveracea]",378,0.0018,non-degrader
RKU46613.1 hypothetical protein DL546_006895 [Coniochaeta pulveracea],244,0.0018,non-degrader
RKU46511.1 DNA replication protein psf1 [Coniochaeta pulveracea],209,0.0018,non-degrader
"RKU46300.1 Mitochondrial distribution and morphology protein 31, mitochondrial precursor [Coniochaeta pulveracea]",775,0.0018,non-degrader
RKU46236.1 hypothetical protein DL546_005155 [Coniochaeta pulveracea],885,0.0018,non-degrader
RKU46172.1 hypothetical protein DL546_008373 [Coniochaeta pulveracea],690,0.0018,non-degrader
RKU45865.1 hypothetical protein DL546_007804 [Coniochaeta pulveracea],128,0.0018,non-degrader
RKU45828.1 hypothetical protein DL546_006607 [Coniochaeta pulveracea],767,0.0018,non-degrader
RKU45697.1 hypothetical protein DL546_006817 [Coniochaeta pulveracea],471,0.0018,non-degrader
RKU45556.1 hypothetical protein DL546_006198 [Coniochaeta pulveracea],502,0.0018,non-degrader
RKU45387.1 hypothetical protein DL546_004075 [Coniochaeta pulveracea],314,0.0018,non-degrader
RKU45367.1 hypothetical protein DL546_001534 [Coniochaeta pulveracea],730,0.0018,non-degrader
RKU45285.1 hypothetical protein DL546_006134 [Coniochaeta pulveracea],705,0.0018,non-degrader
"RKU45004.1 F-box protein: endocytic membrane traffic, recycling ReCYcling 1 [Coniochaeta pulveracea]",701,0.0018,non-degrader
RKU44948.1 hypothetical protein DL546_005875 [Coniochaeta pulveracea],133,0.0018,non-degrader
RKU44820.1 hypothetical protein DL546_002223 [Coniochaeta pulveracea],250,0.0018,non-degrader
RKU44798.1 hypothetical protein DL546_007647 [Coniochaeta pulveracea],385,0.0018,non-degrader
RKU44700.1 hypothetical protein DL546_006230 [Coniochaeta pulveracea],431,0.0018,non-degrader
RKU44222.1 hypothetical protein DL546_004867 [Coniochaeta pulveracea],133,0.0018,non-degrader
RKU44144.1 Scytalone dehydratase [Coniochaeta pulveracea],189,0.0018,non-degrader
RKU44114.1 hypothetical protein DL546_002743 [Coniochaeta pulveracea],448,0.0018,non-degrader
RKU44099.1 hypothetical protein DL546_001402 [Coniochaeta pulveracea],154,0.0018,non-degrader
RKU43987.1 hypothetical protein DL546_006015 [Coniochaeta pulveracea],784,0.0018,non-degrader
RKU43939.1 hypothetical protein DL546_002288 [Coniochaeta pulveracea],227,0.0018,non-degrader
RKU43845.1 hypothetical protein DL546_001957 [Coniochaeta pulveracea],1215,0.0018,non-degrader
RKU43793.1 hypothetical protein DL546_005441 [Coniochaeta pulveracea],972,0.0018,non-degrader
RKU43767.1 hypothetical protein DL546_002355 [Coniochaeta pulveracea],128,0.0018,non-degrader
RKU43759.1 hypothetical protein DL546_006519 [Coniochaeta pulveracea],528,0.0018,non-degrader
RKU43691.1 hypothetical protein DL546_001094 [Coniochaeta pulveracea],263,0.0018,non-degrader
RKU43542.1 hypothetical protein DL546_000775 [Coniochaeta pulveracea],260,0.0018,non-degrader
RKU43442.1 hypothetical protein DL546_006128 [Coniochaeta pulveracea],305,0.0018,non-degrader
RKU43431.1 hypothetical protein DL546_005744 [Coniochaeta pulveracea],167,0.0018,non-degrader
RKU43406.1 hypothetical protein DL546_003204 [Coniochaeta pulveracea],279,0.0018,non-degrader
RKU43196.1 hypothetical protein DL546_005588 [Coniochaeta pulveracea],207,0.0018,non-degrader
RKU43113.1 hypothetical protein DL546_004872 [Coniochaeta pulveracea],106,0.0018,non-degrader
RKU43072.1 hypothetical protein DL546_001401 [Coniochaeta pulveracea],336,0.0018,non-degrader
RKU43070.1 hypothetical protein DL546_001246 [Coniochaeta pulveracea],135,0.0018,non-degrader
RKU42624.1 Transcriptional activator [Coniochaeta pulveracea],515,0.0018,non-degrader
RKU42529.1 hypothetical protein DL546_004727 [Coniochaeta pulveracea],223,0.0018,non-degrader
RKU42301.1 hypothetical protein DL546_002413 [Coniochaeta pulveracea],272,0.0018,non-degrader
RKU42226.1 hypothetical protein DL546_001418 [Coniochaeta pulveracea],303,0.0018,non-degrader
RKU42219.1 hypothetical protein DL546_000535 [Coniochaeta pulveracea],1034,0.0018,non-degrader
RKU42192.1 hypothetical protein DL546_003827 [Coniochaeta pulveracea],149,0.0018,non-degrader
RKU42099.1 hypothetical protein DL546_001213 [Coniochaeta pulveracea],318,0.0018,non-degrader
RKU42081.1 hypothetical protein DL546_004896 [Coniochaeta pulveracea],432,0.0018,non-degrader
RKU42080.1 hypothetical protein DL546_004864 [Coniochaeta pulveracea],161,0.0018,non-degrader
RKU42063.1 hypothetical protein DL546_003342 [Coniochaeta pulveracea],233,0.0018,non-degrader
RKU42006.1 hypothetical protein DL546_003986 [Coniochaeta pulveracea],771,0.0018,non-degrader
RKU41868.1 hypothetical protein DL546_002419 [Coniochaeta pulveracea],513,0.0018,non-degrader
RKU41334.1 hypothetical protein DL546_004041 [Coniochaeta pulveracea],740,0.0018,non-degrader
RKU41324.1 hypothetical protein DL546_004840 [Coniochaeta pulveracea],315,0.0018,non-degrader
RKU41227.1 hypothetical protein DL546_000434 [Coniochaeta pulveracea],1610,0.0018,non-degrader
RKU41046.1 hypothetical protein DL546_004048 [Coniochaeta pulveracea],592,0.0018,non-degrader
RKU40621.1 hypothetical protein DL546_002941 [Coniochaeta pulveracea],183,0.0018,non-degrader
RKU40564.1 tRNA (guanine-N(7)-)-methyltransferase non-catalytic subunit trm82 [Coniochaeta pulveracea],602,0.0018,non-degrader
RKU40050.1 hypothetical protein DL546_001723 [Coniochaeta pulveracea],311,0.0018,non-degrader
RKU39762.1 hypothetical protein DL546_000088 [Coniochaeta pulveracea],129,0.0018,non-degrader
RKU49510.1 hypothetical protein DL546_008692 [Coniochaeta pulveracea],431,0.0017,non-degrader
RKU49315.1 hypothetical protein DL546_009830 [Coniochaeta pulveracea],529,0.0017,non-degrader
RKU49251.1 hypothetical protein DL546_009639 [Coniochaeta pulveracea],120,0.0017,non-degrader
RKU49042.1 hypothetical protein DL546_009779 [Coniochaeta pulveracea],275,0.0017,non-degrader
RKU49039.1 hypothetical protein DL546_009772 [Coniochaeta pulveracea],588,0.0017,non-degrader
RKU49029.1 hypothetical protein DL546_009753 [Coniochaeta pulveracea],168,0.0017,non-degrader
RKU48902.1 hypothetical protein DL546_008795 [Coniochaeta pulveracea],897,0.0017,non-degrader
RKU48775.1 hypothetical protein DL546_004430 [Coniochaeta pulveracea],659,0.0017,non-degrader
RKU48740.1 hypothetical protein DL546_001085 [Coniochaeta pulveracea],95,0.0017,non-degrader
RKU48716.1 hypothetical protein DL546_009651 [Coniochaeta pulveracea],105,0.0017,non-degrader
RKU48586.1 hypothetical protein DL546_008359 [Coniochaeta pulveracea],359,0.0017,non-degrader
RKU48339.1 hypothetical protein DL546_008601 [Coniochaeta pulveracea],1386,0.0017,non-degrader
RKU48337.1 hypothetical protein DL546_008578 [Coniochaeta pulveracea],347,0.0017,non-degrader
RKU48022.1 hypothetical protein DL546_007210 [Coniochaeta pulveracea],499,0.0017,non-degrader
RKU47994.1 hypothetical protein DL546_005563 [Coniochaeta pulveracea],436,0.0017,non-degrader
RKU47822.1 hypothetical protein DL546_007812 [Coniochaeta pulveracea],444,0.0017,non-degrader
RKU47727.1 hypothetical protein DL546_002061 [Coniochaeta pulveracea],1172,0.0017,non-degrader
RKU47625.1 hypothetical protein DL546_008453 [Coniochaeta pulveracea],304,0.0017,non-degrader
RKU47595.1 hypothetical protein DL546_007807 [Coniochaeta pulveracea],241,0.0017,non-degrader
RKU47283.1 hypothetical protein DL546_009173 [Coniochaeta pulveracea],617,0.0017,non-degrader
RKU47259.1 hypothetical protein DL546_008931 [Coniochaeta pulveracea],176,0.0017,non-degrader
RKU47235.1 hypothetical protein DL546_008631 [Coniochaeta pulveracea],466,0.0017,non-degrader
RKU47211.1 RNA polymerase C-22 sterol desaturase [Coniochaeta pulveracea],464,0.0017,non-degrader
RKU46993.1 hypothetical protein DL546_007659 [Coniochaeta pulveracea],585,0.0017,non-degrader
RKU46887.1 hypothetical protein DL546_009184 [Coniochaeta pulveracea],593,0.0017,non-degrader
RKU46850.1 hypothetical protein DL546_008256 [Coniochaeta pulveracea],125,0.0017,non-degrader
RKU46727.1 hypothetical protein DL546_001992 [Coniochaeta pulveracea],472,0.0017,non-degrader
RKU46609.1 hypothetical protein DL546_006767 [Coniochaeta pulveracea],428,0.0017,non-degrader
RKU46250.1 Mitochondrial translocator assembly and maintenance protein 41 [Coniochaeta pulveracea],699,0.0017,non-degrader
RKU46042.1 hypothetical protein DL546_000732 [Coniochaeta pulveracea],975,0.0017,non-degrader
RKU45771.1 hypothetical protein DL546_001216 [Coniochaeta pulveracea],957,0.0017,non-degrader
RKU45507.1 hypothetical protein DL546_001637 [Coniochaeta pulveracea],511,0.0017,non-degrader
RKU45505.1 hypothetical protein DL546_001466 [Coniochaeta pulveracea],110,0.0017,non-degrader
RKU45227.1 hypothetical protein DL546_001596 [Coniochaeta pulveracea],121,0.0017,non-degrader
RKU45119.1 hypothetical protein DL546_003341 [Coniochaeta pulveracea],387,0.0017,non-degrader
RKU44698.1 hypothetical protein DL546_006034 [Coniochaeta pulveracea],90,0.0017,non-degrader
RKU44670.1 hypothetical protein DL546_003799 [Coniochaeta pulveracea],91,0.0017,non-degrader
RKU44424.1 hypothetical protein DL546_006856 [Coniochaeta pulveracea],1030,0.0017,non-degrader
RKU44309.1 hypothetical protein DL546_005032 [Coniochaeta pulveracea],528,0.0017,non-degrader
RKU44232.1 hsp90 co-chaperone Cdc37 [Coniochaeta pulveracea],500,0.0017,non-degrader
RKU43841.1 mitochondrial ribosomal small subunit component [Coniochaeta pulveracea],233,0.0017,non-degrader
RKU43813.1 hypothetical protein DL546_006602 [Coniochaeta pulveracea],295,0.0017,non-degrader
RKU43728.1 hypothetical protein DL546_004952 [Coniochaeta pulveracea],307,0.0017,non-degrader
"RKU43678.1 Arp complex subunit, variant 2 [Coniochaeta pulveracea]",209,0.0017,non-degrader
RKU43667.1 hypothetical protein DL546_006464 [Coniochaeta pulveracea],156,0.0017,non-degrader
RKU43555.1 hypothetical protein DL546_002422 [Coniochaeta pulveracea],519,0.0017,non-degrader
RKU43541.1 hypothetical protein DL546_000725 [Coniochaeta pulveracea],148,0.0017,non-degrader
RKU43482.1 hypothetical protein DL546_003068 [Coniochaeta pulveracea],632,0.0017,non-degrader
RKU43302.1 hypothetical protein DL546_001293 [Coniochaeta pulveracea],196,0.0017,non-degrader
RKU43257.1 Nascent polypeptide-associated complex subunit beta [Coniochaeta pulveracea],161,0.0017,non-degrader
RKU43198.1 hypothetical protein DL546_005690 [Coniochaeta pulveracea],268,0.0017,non-degrader
RKU43191.1 hypothetical protein DL546_005332 [Coniochaeta pulveracea],88,0.0017,non-degrader
RKU43166.1 hypothetical protein DL546_003818 [Coniochaeta pulveracea],704,0.0017,non-degrader
RKU43152.1 hypothetical protein DL546_002601 [Coniochaeta pulveracea],339,0.0017,non-degrader
RKU42983.1 hypothetical protein DL546_000942 [Coniochaeta pulveracea],566,0.0017,non-degrader
RKU42841.1 hypothetical protein DL546_001631 [Coniochaeta pulveracea],979,0.0017,non-degrader
RKU42746.1 Transcriptional regulatory protein pro1 [Coniochaeta pulveracea],688,0.0017,non-degrader
RKU42423.1 hypothetical protein DL546_005817 [Coniochaeta pulveracea],110,0.0017,non-degrader
RKU42196.1 hypothetical protein DL546_004315 [Coniochaeta pulveracea],131,0.0017,non-degrader
RKU42164.1 hypothetical protein DL546_001415 [Coniochaeta pulveracea],330,0.0017,non-degrader
RKU42147.1 hypothetical protein DL546_005486 [Coniochaeta pulveracea],119,0.0017,non-degrader
RKU42061.1 hypothetical protein DL546_003046 [Coniochaeta pulveracea],639,0.0017,non-degrader
RKU42005.1 hypothetical protein DL546_003986 [Coniochaeta pulveracea],471,0.0017,non-degrader
RKU41887.1 hypothetical protein DL546_004081 [Coniochaeta pulveracea],375,0.0017,non-degrader
RKU41858.1 hypothetical protein DL546_001290 [Coniochaeta pulveracea],592,0.0017,non-degrader
RKU41819.1 hypothetical protein DL546_003882 [Coniochaeta pulveracea],128,0.0017,non-degrader
RKU41712.1 Histone chaperone asf1 [Coniochaeta pulveracea],285,0.0017,non-degrader
RKU41505.1 hypothetical protein DL546_002779 [Coniochaeta pulveracea],375,0.0017,non-degrader
RKU41489.1 hypothetical protein DL546_000347 [Coniochaeta pulveracea],101,0.0017,non-degrader
RKU41416.1 hypothetical protein DL546_003311 [Coniochaeta pulveracea],489,0.0017,non-degrader
RKU41357.1 hypothetical protein DL546_002103 [Coniochaeta pulveracea],112,0.0017,non-degrader
RKU41308.1 hypothetical protein DL546_003755 [Coniochaeta pulveracea],528,0.0017,non-degrader
RKU41271.1 hypothetical protein DL546_004789 [Coniochaeta pulveracea],894,0.0017,non-degrader
RKU41045.1 hypothetical protein DL546_004048 [Coniochaeta pulveracea],742,0.0017,non-degrader
RKU41031.1 DNA-directed RNA polymerases I II and III subunit RPABC2 [Coniochaeta pulveracea],154,0.0017,non-degrader
RKU40981.1 hypothetical protein DL546_001257 [Coniochaeta pulveracea],154,0.0017,non-degrader
RKU40903.1 citrate (Si)-synthase [Coniochaeta pulveracea],471,0.0017,non-degrader
RKU40857.1 hypothetical protein DL546_003441 [Coniochaeta pulveracea],156,0.0017,non-degrader
RKU40852.1 SMK killer toxin resistance protein [Coniochaeta pulveracea],161,0.0017,non-degrader
RKU40793.1 hypothetical protein DL546_002111 [Coniochaeta pulveracea],1752,0.0017,non-degrader
RKU40732.1 hypothetical protein DL546_002486 [Coniochaeta pulveracea],384,0.0017,non-degrader
RKU40696.1 hypothetical protein DL546_002027 [Coniochaeta pulveracea],399,0.0017,non-degrader
RKU40629.1 swr1 complex component [Coniochaeta pulveracea],1734,0.0017,non-degrader
RKU40351.1 hypothetical protein DL546_000709 [Coniochaeta pulveracea],532,0.0017,non-degrader
RKU40274.1 hypothetical protein DL546_002549 [Coniochaeta pulveracea],81,0.0017,non-degrader
RKU40263.1 hypothetical protein DL546_001450 [Coniochaeta pulveracea],195,0.0017,non-degrader
RKU40202.1 Mitotic spindle checkpoint component mad2 [Coniochaeta pulveracea],231,0.0017,non-degrader
RKU40080.1 hypothetical protein DL546_001202 [Coniochaeta pulveracea],794,0.0017,non-degrader
RKU39789.1 hypothetical protein DL546_000217 [Coniochaeta pulveracea],65,0.0017,non-degrader
RKU39740.1 hypothetical protein DL546_000204 [Coniochaeta pulveracea],255,0.0017,non-degrader
RKU49714.1 hypothetical protein DL546_009876 [Coniochaeta pulveracea],245,0.0016,non-degrader
RKU49712.1 hypothetical protein DL546_009874 [Coniochaeta pulveracea],423,0.0016,non-degrader
RKU49552.1 hypothetical protein DL546_009196 [Coniochaeta pulveracea],532,0.0016,non-degrader
RKU49447.1 RNA polymerase-associated protein rtf1 [Coniochaeta pulveracea],72,0.0016,non-degrader
RKU49336.1 hypothetical protein DL546_009865 [Coniochaeta pulveracea],288,0.0016,non-degrader
RKU49226.1 hypothetical protein DL546_009310 [Coniochaeta pulveracea],125,0.0016,non-degrader
RKU49121.1 hypothetical protein DL546_007594 [Coniochaeta pulveracea],217,0.0016,non-degrader
RKU49099.1 hypothetical protein DL546_006158 [Coniochaeta pulveracea],598,0.0016,non-degrader
RKU49089.1 hypothetical protein DL546_005177 [Coniochaeta pulveracea],107,0.0016,non-degrader
RKU49084.1 CDP-diacylglycerol-inositol 3-phosphatidyltransferase [Coniochaeta pulveracea],283,0.0016,non-degrader
RKU48855.1 hypothetical protein DL546_007759 [Coniochaeta pulveracea],279,0.0016,non-degrader
RKU48846.1 hypothetical protein DL546_007559 [Coniochaeta pulveracea],820,0.0016,non-degrader
RKU48789.1 hypothetical protein DL546_005615 [Coniochaeta pulveracea],401,0.0016,non-degrader
RKU48773.1 hypothetical protein DL546_004329 [Coniochaeta pulveracea],489,0.0016,non-degrader
RKU48562.1 hypothetical protein DL546_008008 [Coniochaeta pulveracea],221,0.0016,non-degrader
RKU48505.1 hypothetical protein DL546_006003 [Coniochaeta pulveracea],150,0.0016,non-degrader
"RKU48435.1 Respiratory supercomplex factor 1, mitochondrial [Coniochaeta pulveracea]",219,0.0016,non-degrader
RKU48281.1 hypothetical protein DL546_007151 [Coniochaeta pulveracea],527,0.0016,non-degrader
RKU48214.1 hypothetical protein DL546_002373 [Coniochaeta pulveracea],99,0.0016,non-degrader
RKU48199.1 hypothetical protein DL546_000581 [Coniochaeta pulveracea],461,0.0016,non-degrader
RKU48098.1 18S rRNA maturation protein [Coniochaeta pulveracea],281,0.0016,non-degrader
RKU47652.1 hypothetical protein DL546_008860 [Coniochaeta pulveracea],500,0.0016,non-degrader
RKU47448.1 hypothetical protein DL546_008947 [Coniochaeta pulveracea],1327,0.0016,non-degrader
RKU47367.1 hypothetical protein DL546_006266 [Coniochaeta pulveracea],220,0.0016,non-degrader
RKU47065.1 hypothetical protein DL546_009016 [Coniochaeta pulveracea],245,0.0016,non-degrader
RKU47056.1 hypothetical protein DL546_008858 [Coniochaeta pulveracea],611,0.0016,non-degrader
RKU46680.1 hypothetical protein DL546_008532 [Coniochaeta pulveracea],187,0.0016,non-degrader
RKU46637.1 hypothetical protein DL546_007657 [Coniochaeta pulveracea],521,0.0016,non-degrader
RKU46443.1 hypothetical protein DL546_006864 [Coniochaeta pulveracea],526,0.0016,non-degrader
RKU46140.1 M-phase inducer phosphatase [Coniochaeta pulveracea],595,0.0016,non-degrader
RKU46129.1 hypothetical protein DL546_006952 [Coniochaeta pulveracea],321,0.0016,non-degrader
RKU46005.1 hypothetical protein DL546_007911 [Coniochaeta pulveracea],232,0.0016,non-degrader
RKU45894.1 hypothetical protein DL546_008398 [Coniochaeta pulveracea],1164,0.0016,non-degrader
RKU45740.1 Deoxycytidine monophosphate (dCMP) deaminase [Coniochaeta pulveracea],369,0.0016,non-degrader
RKU45598.1 hypothetical protein DL546_007838 [Coniochaeta pulveracea],649,0.0016,non-degrader
RKU45569.1 tRNA (guanine(9)-N(1))-methyltransferase [Coniochaeta pulveracea],490,0.0016,non-degrader
RKU45472.1 hypothetical protein DL546_008016 [Coniochaeta pulveracea],269,0.0016,non-degrader
RKU45412.1 hypothetical protein DL546_005754 [Coniochaeta pulveracea],426,0.0016,non-degrader
RKU45193.1 40S ribosomal protein S12 [Coniochaeta pulveracea],149,0.0016,non-degrader
RKU45100.1 hypothetical protein DL546_001622 [Coniochaeta pulveracea],490,0.0016,non-degrader
RKU45073.1 hypothetical protein DL546_007414 [Coniochaeta pulveracea],347,0.0016,non-degrader
RKU44961.1 hypothetical protein DL546_006737 [Coniochaeta pulveracea],498,0.0016,non-degrader
RKU44951.1 hypothetical protein DL546_005973 [Coniochaeta pulveracea],2231,0.0016,non-degrader
RKU44950.1 hypothetical protein DL546_005930 [Coniochaeta pulveracea],374,0.0016,non-degrader
RKU44728.1 hypothetical protein DL546_007348 [Coniochaeta pulveracea],148,0.0016,non-degrader
RKU44584.1 hypothetical protein DL546_004941 [Coniochaeta pulveracea],99,0.0016,non-degrader
RKU44581.1 hypothetical protein DL546_004690 [Coniochaeta pulveracea],968,0.0016,non-degrader
RKU44490.1 hypothetical protein DL546_004617 [Coniochaeta pulveracea],368,0.0016,non-degrader
RKU44112.1 hypothetical protein DL546_002657 [Coniochaeta pulveracea],111,0.0016,non-degrader
RKU44062.1 hypothetical protein DL546_006363 [Coniochaeta pulveracea],108,0.0016,non-degrader
RKU43655.1 hypothetical protein DL546_005987 [Coniochaeta pulveracea],851,0.0016,non-degrader
RKU43581.1 hypothetical protein DL546_005384 [Coniochaeta pulveracea],349,0.0016,non-degrader
RKU43549.1 eRF1 [Coniochaeta pulveracea],435,0.0016,non-degrader
RKU43130.1 hypothetical protein DL546_006486 [Coniochaeta pulveracea],573,0.0016,non-degrader
RKU42935.1 hypothetical protein DL546_004254 [Coniochaeta pulveracea],1727,0.0016,non-degrader
RKU42837.1 hypothetical protein DL546_000969 [Coniochaeta pulveracea],843,0.0016,non-degrader
RKU42627.1 hypothetical protein DL546_006007 [Coniochaeta pulveracea],191,0.0016,non-degrader
RKU42616.1 hypothetical protein DL546_005500 [Coniochaeta pulveracea],134,0.0016,non-degrader
RKU42613.1 Ribosome-associated chaperone [Coniochaeta pulveracea],361,0.0016,non-degrader
RKU42546.1 hypothetical protein DL546_005670 [Coniochaeta pulveracea],517,0.0016,non-degrader
RKU42545.1 hypothetical protein DL546_005624 [Coniochaeta pulveracea],285,0.0016,non-degrader
RKU42515.1 hypothetical protein DL546_003659 [Coniochaeta pulveracea],67,0.0016,non-degrader
RKU42322.1 mediator complex subunit [Coniochaeta pulveracea],833,0.0016,non-degrader
RKU42198.1 hypothetical protein DL546_004400 [Coniochaeta pulveracea],297,0.0016,non-degrader
RKU42004.1 hypothetical protein DL546_003986 [Coniochaeta pulveracea],414,0.0016,non-degrader
RKU41949.1 Calcineurin subunit B [Coniochaeta pulveracea],207,0.0016,non-degrader
RKU41602.1 hypothetical protein DL546_001198 [Coniochaeta pulveracea],205,0.0016,non-degrader
RKU41596.1 hypothetical protein DL546_000426 [Coniochaeta pulveracea],483,0.0016,non-degrader
RKU41498.1 hypothetical protein DL546_001811 [Coniochaeta pulveracea],1049,0.0016,non-degrader
RKU41486.1 hypothetical protein DL546_005232 [Coniochaeta pulveracea],304,0.0016,non-degrader
RKU41440.1 hypothetical protein DL546_001269 [Coniochaeta pulveracea],599,0.0016,non-degrader
RKU41421.1 hypothetical protein DL546_003748 [Coniochaeta pulveracea],219,0.0016,non-degrader
RKU40738.1 hypothetical protein DL546_003260 [Coniochaeta pulveracea],816,0.0016,non-degrader
RKU40685.1 hypothetical protein DL546_000556 [Coniochaeta pulveracea],229,0.0016,non-degrader
RKU40605.1 hypothetical protein DL546_001399 [Coniochaeta pulveracea],165,0.0016,non-degrader
RKU40523.1 hypothetical protein DL546_002750 [Coniochaeta pulveracea],427,0.0016,non-degrader
RKU40329.1 hypothetical protein DL546_001049 [Coniochaeta pulveracea],99,0.0016,non-degrader
RKU40265.1 hypothetical protein DL546_001640 [Coniochaeta pulveracea],517,0.0016,non-degrader
RKU40241.1 hypothetical protein DL546_001319 [Coniochaeta pulveracea],179,0.0016,non-degrader
RKU40151.1 hypothetical protein DL546_000810 [Coniochaeta pulveracea],782,0.0016,non-degrader
RKU39840.1 hypothetical protein DL546_000121 [Coniochaeta pulveracea],193,0.0016,non-degrader
RKU49630.1 NEDD8-conjugating protein ubc12 [Coniochaeta pulveracea],183,0.0015,non-degrader
RKU49316.1 hypothetical protein DL546_009834 [Coniochaeta pulveracea],119,0.0015,non-degrader
RKU49235.1 hypothetical protein DL546_009563 [Coniochaeta pulveracea],194,0.0015,non-degrader
RKU49172.1 hypothetical protein DL546_008689 [Coniochaeta pulveracea],374,0.0015,non-degrader
RKU48989.1 ATP-dependent RNA helicase dbp4 [Coniochaeta pulveracea],797,0.0015,non-degrader
RKU48798.1 hypothetical protein DL546_006006 [Coniochaeta pulveracea],134,0.0015,non-degrader
RKU48746.1 hypothetical protein DL546_001808 [Coniochaeta pulveracea],101,0.0015,non-degrader
RKU48718.1 hypothetical protein DL546_009656 [Coniochaeta pulveracea],84,0.0015,non-degrader
RKU48700.1 hypothetical protein DL546_009575 [Coniochaeta pulveracea],151,0.0015,non-degrader
RKU48501.1 multicatalytic endopeptidase [Coniochaeta pulveracea],335,0.0015,non-degrader
RKU48343.1 hypothetical protein DL546_008667 [Coniochaeta pulveracea],596,0.0015,non-degrader
RKU48340.1 eukaryotic translation initiation factor 4E [Coniochaeta pulveracea],247,0.0015,non-degrader
RKU48300.1 hypothetical protein DL546_007689 [Coniochaeta pulveracea],123,0.0015,non-degrader
RKU48237.1 hypothetical protein DL546_004296 [Coniochaeta pulveracea],157,0.0015,non-degrader
RKU47979.1 hypothetical protein DL546_004557 [Coniochaeta pulveracea],403,0.0015,non-degrader
RKU47839.1 hypothetical protein DL546_008112 [Coniochaeta pulveracea],178,0.0015,non-degrader
RKU47739.1 hypothetical protein DL546_003496 [Coniochaeta pulveracea],115,0.0015,non-degrader
RKU47706.1 hypothetical protein DL546_009390 [Coniochaeta pulveracea],252,0.0015,non-degrader
RKU47674.1 hypothetical protein DL546_009125 [Coniochaeta pulveracea],205,0.0015,non-degrader
RKU47665.1 hypothetical protein DL546_009008 [Coniochaeta pulveracea],180,0.0015,non-degrader
RKU47374.1 hypothetical protein DL546_006619 [Coniochaeta pulveracea],169,0.0015,non-degrader
RKU47254.1 hypothetical protein DL546_008871 [Coniochaeta pulveracea],458,0.0015,non-degrader
RKU47168.1 hypothetical protein DL546_007310 [Coniochaeta pulveracea],371,0.0015,non-degrader
RKU47003.1 hypothetical protein DL546_007850 [Coniochaeta pulveracea],414,0.0015,non-degrader
RKU46984.1 hypothetical protein DL546_007455 [Coniochaeta pulveracea],117,0.0015,non-degrader
RKU46911.1 hypothetical protein DL546_002594 [Coniochaeta pulveracea],508,0.0015,non-degrader
RKU46909.1 U4/U6-U5 snRNP complex subunit lsm3 [Coniochaeta pulveracea],95,0.0015,non-degrader
RKU46594.1 hypothetical protein DL546_005958 [Coniochaeta pulveracea],492,0.0015,non-degrader
RKU46458.1 hypothetical protein DL546_007491 [Coniochaeta pulveracea],109,0.0015,non-degrader
RKU46430.1 hypothetical protein DL546_006468 [Coniochaeta pulveracea],195,0.0015,non-degrader
RKU46427.1 hypothetical protein DL546_006337 [Coniochaeta pulveracea],403,0.0015,non-degrader
RKU46049.1 hypothetical protein DL546_001816 [Coniochaeta pulveracea],673,0.0015,non-degrader
RKU45997.1 hypothetical protein DL546_007582 [Coniochaeta pulveracea],151,0.0015,non-degrader
RKU45910.1 hypothetical protein DL546_000633 [Coniochaeta pulveracea],431,0.0015,non-degrader
RKU45845.1 hypothetical protein DL546_007189 [Coniochaeta pulveracea],100,0.0015,non-degrader
RKU45787.1 hypothetical protein DL546_003716 [Coniochaeta pulveracea],764,0.0015,non-degrader
"RKU45741.1 Deoxycytidine monophosphate (dCMP) deaminase, variant 2 [Coniochaeta pulveracea]",368,0.0015,non-degrader
RKU45709.1 glutamate-cysteine ligase [Coniochaeta pulveracea],693,0.0015,non-degrader
RKU45695.1 hypothetical protein DL546_006757 [Coniochaeta pulveracea],916,0.0015,non-degrader
RKU45679.1 hypothetical protein DL546_005724 [Coniochaeta pulveracea],948,0.0015,non-degrader
RKU45645.1 hypothetical protein DL546_002914 [Coniochaeta pulveracea],67,0.0015,non-degrader
RKU45608.1 hypothetical protein DL546_008090 [Coniochaeta pulveracea],142,0.0015,non-degrader
RKU44957.1 hypothetical protein DL546_006487 [Coniochaeta pulveracea],867,0.0015,non-degrader
RKU44863.1 hypothetical protein DL546_006456 [Coniochaeta pulveracea],294,0.0015,non-degrader
RKU44380.1 hypothetical protein DL546_003509 [Coniochaeta pulveracea],140,0.0015,non-degrader
RKU44238.1 hypothetical protein DL546_006199 [Coniochaeta pulveracea],192,0.0015,non-degrader
RKU44023.1 hypothetical protein DL546_004246 [Coniochaeta pulveracea],274,0.0015,non-degrader
RKU43934.1 hypothetical protein DL546_001932 [Coniochaeta pulveracea],377,0.0015,non-degrader
RKU43916.1 hypothetical protein DL546_007224 [Coniochaeta pulveracea],122,0.0015,non-degrader
RKU43761.1 hypothetical protein DL546_000376 [Coniochaeta pulveracea],216,0.0015,non-degrader
RKU43587.1 hypothetical protein DL546_009917 [Coniochaeta pulveracea],140,0.0015,non-degrader
RKU43318.1 hypothetical protein DL546_002902 [Coniochaeta pulveracea],115,0.0015,non-degrader
RKU43286.1 hypothetical protein DL546_006520 [Coniochaeta pulveracea],322,0.0015,non-degrader
RKU43159.1 hypothetical protein DL546_003244 [Coniochaeta pulveracea],192,0.0015,non-degrader
RKU43049.1 hypothetical protein DL546_006092 [Coniochaeta pulveracea],179,0.0015,non-degrader
RKU42936.1 hypothetical protein DL546_004458 [Coniochaeta pulveracea],281,0.0015,non-degrader
RKU42896.1 hypothetical protein DL546_006373 [Coniochaeta pulveracea],126,0.0015,non-degrader
RKU42727.1 hypothetical protein DL546_004202 [Coniochaeta pulveracea],148,0.0015,non-degrader
"RKU42614.1 Ribosome-associated chaperone, variant 2 [Coniochaeta pulveracea]",447,0.0015,non-degrader
RKU42578.1 Sterol regulatory element-binding protein 1 [Coniochaeta pulveracea],344,0.0015,non-degrader
RKU42574.1 hypothetical protein DL546_002663 [Coniochaeta pulveracea],576,0.0015,non-degrader
RKU41743.1 hypothetical protein DL546_000691 [Coniochaeta pulveracea],300,0.0015,non-degrader
RKU41665.1 hypothetical protein DL546_003993 [Coniochaeta pulveracea],658,0.0015,non-degrader
RKU41569.1 hypothetical protein DL546_004130 [Coniochaeta pulveracea],129,0.0015,non-degrader
RKU41536.1 hypothetical protein DL546_000179 [Coniochaeta pulveracea],845,0.0015,non-degrader
RKU41499.1 hypothetical protein DL546_001811 [Coniochaeta pulveracea],966,0.0015,non-degrader
RKU41485.1 hypothetical protein DL546_005158 [Coniochaeta pulveracea],368,0.0015,non-degrader
RKU41325.1 hypothetical protein DL546_004840 [Coniochaeta pulveracea],388,0.0015,non-degrader
RKU41263.1 hypothetical protein DL546_004406 [Coniochaeta pulveracea],110,0.0015,non-degrader
RKU41143.1 hypothetical protein DL546_001741 [Coniochaeta pulveracea],222,0.0015,non-degrader
RKU41067.1 hypothetical protein DL546_002666 [Coniochaeta pulveracea],517,0.0015,non-degrader
RKU40966.1 hypothetical protein DL546_003376 [Coniochaeta pulveracea],99,0.0015,non-degrader
RKU40899.1 hypothetical protein DL546_003324 [Coniochaeta pulveracea],194,0.0015,non-degrader
RKU40715.1 hypothetical protein DL546_000341 [Coniochaeta pulveracea],673,0.0015,non-degrader
RKU40497.1 tRNA(adenine34) deaminase [Coniochaeta pulveracea],578,0.0015,non-degrader
RKU40454.1 hypothetical protein DL546_001038 [Coniochaeta pulveracea],182,0.0015,non-degrader
RKU40190.1 hypothetical protein DL546_002173 [Coniochaeta pulveracea],127,0.0015,non-degrader
RKU40182.1 hypothetical protein DL546_001511 [Coniochaeta pulveracea],103,0.0015,non-degrader
RKU40013.1 hypothetical protein DL546_001149 [Coniochaeta pulveracea],174,0.0015,non-degrader
RKU39993.1 hypothetical protein DL546_001506 [Coniochaeta pulveracea],445,0.0015,non-degrader
RKU39973.1 hypothetical protein DL546_001003 [Coniochaeta pulveracea],266,0.0015,non-degrader
RKU39964.1 hypothetical protein DL546_000120 [Coniochaeta pulveracea],515,0.0015,non-degrader
RKU39942.1 hypothetical protein DL546_001218 [Coniochaeta pulveracea],145,0.0015,non-degrader
RKU39728.1 hypothetical protein DL546_000425 [Coniochaeta pulveracea],340,0.0015,non-degrader
RKU49473.1 hypothetical protein DL546_007900 [Coniochaeta pulveracea],465,0.0014,non-degrader
RKU49320.1 hypothetical protein DL546_009840 [Coniochaeta pulveracea],133,0.0014,non-degrader
RKU49230.1 hypothetical protein DL546_009549 [Coniochaeta pulveracea],148,0.0014,non-degrader
RKU49192.1 hypothetical protein DL546_008904 [Coniochaeta pulveracea],282,0.0014,non-degrader
RKU48863.1 hypothetical protein DL546_008065 [Coniochaeta pulveracea],432,0.0014,non-degrader
"RKU48707.1 NADH-ubiquinone oxidoreductase 30.4 kDa subunit, mitochondrial [Coniochaeta pulveracea]",289,0.0014,non-degrader
RKU48549.1 hypothetical protein DL546_007492 [Coniochaeta pulveracea],179,0.0014,non-degrader
RKU48305.1 hypothetical protein DL546_007810 [Coniochaeta pulveracea],667,0.0014,non-degrader
RKU48285.1 DNA-directed RNA polymerase II subunit L [Coniochaeta pulveracea],85,0.0014,non-degrader
RKU48238.1 hypothetical protein DL546_004334 [Coniochaeta pulveracea],307,0.0014,non-degrader
RKU48226.1 5'-flap endonuclease [Coniochaeta pulveracea],940,0.0014,non-degrader
RKU47954.1 hypothetical protein DL546_002179 [Coniochaeta pulveracea],670,0.0014,non-degrader
RKU47804.1 hypothetical protein DL546_007361 [Coniochaeta pulveracea],158,0.0014,non-degrader
RKU47556.1 hypothetical protein DL546_006660 [Coniochaeta pulveracea],460,0.0014,non-degrader
RKU46855.1 hypothetical protein DL546_008442 [Coniochaeta pulveracea],984,0.0014,non-degrader
RKU46772.1 hypothetical protein DL546_005945 [Coniochaeta pulveracea],758,0.0014,non-degrader
RKU46713.1 hypothetical protein DL546_009069 [Coniochaeta pulveracea],509,0.0014,non-degrader
RKU46275.1 hypothetical protein DL546_006983 [Coniochaeta pulveracea],318,0.0014,non-degrader
RKU46244.1 hypothetical protein DL546_005586 [Coniochaeta pulveracea],175,0.0014,non-degrader
RKU46134.1 hypothetical protein DL546_007131 [Coniochaeta pulveracea],634,0.0014,non-degrader
RKU46037.1 hypothetical protein DL546_000170 [Coniochaeta pulveracea],298,0.0014,non-degrader
RKU45864.1 C-4 sterol methyl oxidase [Coniochaeta pulveracea],306,0.0014,non-degrader
RKU45579.1 hypothetical protein DL546_007387 [Coniochaeta pulveracea],123,0.0014,non-degrader
RKU44983.1 hypothetical protein DL546_007429 [Coniochaeta pulveracea],411,0.0014,non-degrader
RKU44963.1 hypothetical protein DL546_006808 [Coniochaeta pulveracea],667,0.0014,non-degrader
RKU44934.1 hypothetical protein DL546_004735 [Coniochaeta pulveracea],725,0.0014,non-degrader
RKU44901.1 hypothetical protein DL546_001717 [Coniochaeta pulveracea],161,0.0014,non-degrader
RKU44739.1 hypothetical protein DL546_007673 [Coniochaeta pulveracea],763,0.0014,non-degrader
RKU44669.1 hypothetical protein DL546_003824 [Coniochaeta pulveracea],473,0.0014,non-degrader
RKU44657.1 hypothetical protein DL546_002745 [Coniochaeta pulveracea],91,0.0014,non-degrader
RKU44491.1 hypothetical protein DL546_004736 [Coniochaeta pulveracea],294,0.0014,non-degrader
RKU44117.1 hypothetical protein DL546_003032 [Coniochaeta pulveracea],136,0.0014,non-degrader
RKU44111.1 hypothetical protein DL546_002617 [Coniochaeta pulveracea],127,0.0014,non-degrader
RKU44076.1 hypothetical protein DL546_006960 [Coniochaeta pulveracea],109,0.0014,non-degrader
RKU43781.1 hypothetical protein DL546_004585 [Coniochaeta pulveracea],413,0.0014,non-degrader
RKU43473.1 hypothetical protein DL546_002301 [Coniochaeta pulveracea],176,0.0014,non-degrader
RKU43396.1 hypothetical protein DL546_002485 [Coniochaeta pulveracea],173,0.0014,non-degrader
RKU43118.1 DNA polymerase epsilon catalytic subunit [Coniochaeta pulveracea],2259,0.0014,non-degrader
RKU43032.1 hypothetical protein DL546_005019 [Coniochaeta pulveracea],296,0.0014,non-degrader
RKU43027.1 hypothetical protein DL546_004750 [Coniochaeta pulveracea],582,0.0014,non-degrader
RKU42982.1 hypothetical protein DL546_000860 [Coniochaeta pulveracea],419,0.0014,non-degrader
RKU42734.1 hypothetical protein DL546_004651 [Coniochaeta pulveracea],409,0.0014,non-degrader
RKU42501.1 hypothetical protein DL546_001477 [Coniochaeta pulveracea],1335,0.0014,non-degrader
RKU42371.1 hypothetical protein DL546_001986 [Coniochaeta pulveracea],788,0.0014,non-degrader
RKU42079.1 hypothetical protein DL546_004822 [Coniochaeta pulveracea],217,0.0014,non-degrader
RKU41901.1 hypothetical protein DL546_004908 [Coniochaeta pulveracea],130,0.0014,non-degrader
RKU41822.1 hypothetical protein DL546_004109 [Coniochaeta pulveracea],740,0.0014,non-degrader
RKU41792.1 hypothetical protein DL546_001004 [Coniochaeta pulveracea],114,0.0014,non-degrader
RKU41778.1 hypothetical protein DL546_004490 [Coniochaeta pulveracea],378,0.0014,non-degrader
RKU41770.1 c-5 sterol desaturase [Coniochaeta pulveracea],346,0.0014,non-degrader
"RKU41592.1 hypothetical protein DL546_000003, partial [Coniochaeta pulveracea]",65,0.0014,non-degrader
RKU41515.1 hypothetical protein DL546_004015 [Coniochaeta pulveracea],264,0.0014,non-degrader
RKU40679.1 hypothetical protein DL546_003837 [Coniochaeta pulveracea],663,0.0014,non-degrader
RKU40516.1 hypothetical protein DL546_001104 [Coniochaeta pulveracea],469,0.0014,non-degrader
RKU40222.1 hypothetical protein DL546_001141 [Coniochaeta pulveracea],543,0.0014,non-degrader
RKU40041.1 hypothetical protein DL546_000631 [Coniochaeta pulveracea],143,0.0014,non-degrader
RKU39896.1 hypothetical protein DL546_001607 [Coniochaeta pulveracea],195,0.0014,non-degrader
RKU39808.1 hypothetical protein DL546_000529 [Coniochaeta pulveracea],775,0.0014,non-degrader
RKU39695.1 hypothetical protein DL546_000065 [Coniochaeta pulveracea],233,0.0014,non-degrader
RKU48447.1 hypothetical protein DL546_001386 [Coniochaeta pulveracea],132,0.0013,non-degrader
RKU48372.1 hypothetical protein DL546_009058 [Coniochaeta pulveracea],605,0.0013,non-degrader
RKU48234.1 hypothetical protein DL546_004157 [Coniochaeta pulveracea],102,0.0013,non-degrader
RKU48158.1 hypothetical protein DL546_009349 [Coniochaeta pulveracea],123,0.0013,non-degrader
RKU47552.1 hypothetical protein DL546_006508 [Coniochaeta pulveracea],190,0.0013,non-degrader
RKU47376.1 hypothetical protein DL546_006700 [Coniochaeta pulveracea],277,0.0013,non-degrader
RKU47360.1 mitochondral 37S ribosomal protein S27 [Coniochaeta pulveracea],108,0.0013,non-degrader
RKU47343.1 hypothetical protein DL546_004877 [Coniochaeta pulveracea],567,0.0013,non-degrader
"RKU47212.1 RNA polymerase C-22 sterol desaturase, variant 2 [Coniochaeta pulveracea]",469,0.0013,non-degrader
RKU47191.1 hypothetical protein DL546_007862 [Coniochaeta pulveracea],295,0.0013,non-degrader
RKU47121.1 CDP-diacylglycerol-inositol 3-phosphatidyltransferase [Coniochaeta pulveracea],294,0.0013,non-degrader
RKU46796.1 hypothetical protein DL546_009905 [Coniochaeta pulveracea],169,0.0013,non-degrader
RKU46478.1 hypothetical protein DL546_008013 [Coniochaeta pulveracea],637,0.0013,non-degrader
RKU46445.1 hypothetical protein DL546_006909 [Coniochaeta pulveracea],257,0.0013,non-degrader
RKU46407.1 hypothetical protein DL546_005545 [Coniochaeta pulveracea],218,0.0013,non-degrader
RKU46078.1 hypothetical protein DL546_004256 [Coniochaeta pulveracea],181,0.0013,non-degrader
RKU46072.1 hypothetical protein DL546_003972 [Coniochaeta pulveracea],104,0.0013,non-degrader
RKU46026.1 hypothetical protein DL546_008541 [Coniochaeta pulveracea],324,0.0013,non-degrader
RKU45909.1 hypothetical protein DL546_000481 [Coniochaeta pulveracea],121,0.0013,non-degrader
RKU45888.1 hypothetical protein DL546_008318 [Coniochaeta pulveracea],355,0.0013,non-degrader
"RKU45887.1 hypothetical protein DL546_008309, partial [Coniochaeta pulveracea]",457,0.0013,non-degrader
RKU45757.1 hypothetical protein DL546_008443 [Coniochaeta pulveracea],765,0.0013,non-degrader
RKU45746.1 hypothetical protein DL546_008230 [Coniochaeta pulveracea],334,0.0013,non-degrader
RKU45625.1 hypothetical protein DL546_008435 [Coniochaeta pulveracea],263,0.0013,non-degrader
RKU45596.1 hypothetical protein DL546_007811 [Coniochaeta pulveracea],87,0.0013,non-degrader
RKU45524.1 hypothetical protein DL546_003559 [Coniochaeta pulveracea],279,0.0013,non-degrader
RKU45413.1 hypothetical protein DL546_005804 [Coniochaeta pulveracea],469,0.0013,non-degrader
RKU45359.1 hypothetical protein DL546_000463 [Coniochaeta pulveracea],361,0.0013,non-degrader
RKU45114.1 hypothetical protein DL546_003091 [Coniochaeta pulveracea],91,0.0013,non-degrader
RKU45072.1 hypothetical protein DL546_007414 [Coniochaeta pulveracea],439,0.0013,non-degrader
RKU44758.1 hypothetical protein DL546_005929 [Coniochaeta pulveracea],216,0.0013,non-degrader
RKU44536.1 hypothetical protein DL546_007515 [Coniochaeta pulveracea],102,0.0013,non-degrader
RKU44506.1 hypothetical protein DL546_005654 [Coniochaeta pulveracea],402,0.0013,non-degrader
"RKU43760.1 hypothetical protein DL546_000008, partial [Coniochaeta pulveracea]",205,0.0013,non-degrader
RKU43735.1 hypothetical protein DL546_005542 [Coniochaeta pulveracea],381,0.0013,non-degrader
RKU43635.1 hypothetical protein DL546_004327 [Coniochaeta pulveracea],322,0.0013,non-degrader
RKU43624.1 hypothetical protein DL546_003346 [Coniochaeta pulveracea],83,0.0013,non-degrader
RKU43457.1 hypothetical protein DL546_000695 [Coniochaeta pulveracea],476,0.0013,non-degrader
RKU43345.1 hypothetical protein DL546_005039 [Coniochaeta pulveracea],333,0.0013,non-degrader
RKU42952.1 hypothetical protein DL546_005557 [Coniochaeta pulveracea],104,0.0013,non-degrader
RKU42865.1 hypothetical protein DL546_003909 [Coniochaeta pulveracea],737,0.0013,non-degrader
RKU42499.1 hypothetical protein DL546_001292 [Coniochaeta pulveracea],136,0.0013,non-degrader
RKU42336.1 hypothetical protein DL546_005375 [Coniochaeta pulveracea],98,0.0013,non-degrader
RKU42334.1 hypothetical protein DL546_005300 [Coniochaeta pulveracea],113,0.0013,non-degrader
RKU42266.1 hypothetical protein DL546_005035 [Coniochaeta pulveracea],178,0.0013,non-degrader
RKU42033.1 hypothetical protein DL546_005607 [Coniochaeta pulveracea],149,0.0013,non-degrader
"RKU41998.1 Class II abasic (AP) endonuclease, variant 3 [Coniochaeta pulveracea]",554,0.0013,non-degrader
RKU41966.1 hypothetical protein DL546_005656 [Coniochaeta pulveracea],113,0.0013,non-degrader
RKU41760.1 hypothetical protein DL546_002696 [Coniochaeta pulveracea],120,0.0013,non-degrader
RKU41632.1 hypothetical protein DL546_000677 [Coniochaeta pulveracea],875,0.0013,non-degrader
RKU41133.1 hypothetical protein DL546_000644 [Coniochaeta pulveracea],128,0.0013,non-degrader
RKU40957.1 hypothetical protein DL546_002805 [Coniochaeta pulveracea],265,0.0013,non-degrader
RKU40905.1 hypothetical protein DL546_003798 [Coniochaeta pulveracea],99,0.0013,non-degrader
RKU40888.1 hypothetical protein DL546_002399 [Coniochaeta pulveracea],346,0.0013,non-degrader
RKU40633.1 hypothetical protein DL546_001581 [Coniochaeta pulveracea],172,0.0013,non-degrader
RKU40570.1 hypothetical protein DL546_001442 [Coniochaeta pulveracea],326,0.0013,non-degrader
RKU40368.1 hypothetical protein DL546_002475 [Coniochaeta pulveracea],296,0.0013,non-degrader
RKU40313.1 hypothetical protein DL546_001942 [Coniochaeta pulveracea],511,0.0013,non-degrader
RKU40014.1 hypothetical protein DL546_001199 [Coniochaeta pulveracea],283,0.0013,non-degrader
RKU39996.1 hypothetical protein DL546_001785 [Coniochaeta pulveracea],111,0.0013,non-degrader
RKU39986.1 hypothetical protein DL546_000375 [Coniochaeta pulveracea],196,0.0013,non-degrader
RKU39758.1 hypothetical protein DL546_000387 [Coniochaeta pulveracea],252,0.0013,non-degrader
RKU39745.1 hypothetical protein DL546_000578 [Coniochaeta pulveracea],621,0.0013,non-degrader
RKU39742.1 hypothetical protein DL546_000336 [Coniochaeta pulveracea],100,0.0013,non-degrader
RKU39729.1 hypothetical protein DL546_000498 [Coniochaeta pulveracea],719,0.0013,non-degrader
RKU39719.1 phosphatidylinositol N-acetylglucosaminyltransferase subunit gpi1 [Coniochaeta pulveracea],717,0.0013,non-degrader
RKU39710.1 hypothetical protein DL546_000039 [Coniochaeta pulveracea],159,0.0013,non-degrader
RKU49568.1 hypothetical protein DL546_009338 [Coniochaeta pulveracea],392,0.0012,non-degrader
RKU49386.1 hypothetical protein DL546_004492 [Coniochaeta pulveracea],361,0.0012,non-degrader
RKU49265.1 hypothetical protein DL546_009692 [Coniochaeta pulveracea],347,0.0012,non-degrader
RKU48998.1 Transcription initiation factor IIA small chain (TFIIA 13.5 kDa subunit) [Coniochaeta pulveracea],115,0.0012,non-degrader
RKU48943.1 hypothetical protein DL546_009297 [Coniochaeta pulveracea],105,0.0012,non-degrader
RKU48540.1 hypothetical protein DL546_007245 [Coniochaeta pulveracea],155,0.0012,non-degrader
RKU48297.1 hypothetical protein DL546_007611 [Coniochaeta pulveracea],113,0.0012,non-degrader
RKU48287.1 hypothetical protein DL546_007402 [Coniochaeta pulveracea],217,0.0012,non-degrader
RKU48244.1 hypothetical protein DL546_004677 [Coniochaeta pulveracea],103,0.0012,non-degrader
RKU48106.1 Protein phosphatase 2C 1 [Coniochaeta pulveracea],584,0.0012,non-degrader
RKU48081.1 hypothetical protein DL546_008431 [Coniochaeta pulveracea],244,0.0012,non-degrader
RKU47950.1 hypothetical protein DL546_001668 [Coniochaeta pulveracea],611,0.0012,non-degrader
RKU47940.1 hypothetical protein DL546_000450 [Coniochaeta pulveracea],775,0.0012,non-degrader
RKU47895.1 putative tRNA-splicing endonuclease subunit tsp-1 [Coniochaeta pulveracea],159,0.0012,non-degrader
RKU47192.1 hypothetical protein DL546_007875 [Coniochaeta pulveracea],219,0.0012,non-degrader
RKU47083.1 hypothetical protein DL546_009228 [Coniochaeta pulveracea],109,0.0012,non-degrader
RKU46876.1 hypothetical protein DL546_009067 [Coniochaeta pulveracea],83,0.0012,non-degrader
RKU46709.1 H(+)-transporting V1 sector ATPase subunit G [Coniochaeta pulveracea],115,0.0012,non-degrader
RKU46460.1 hypothetical protein DL546_007531 [Coniochaeta pulveracea],281,0.0012,non-degrader
RKU46334.1 hypothetical protein DL546_008498 [Coniochaeta pulveracea],128,0.0012,non-degrader
RKU46067.1 hypothetical protein DL546_003666 [Coniochaeta pulveracea],213,0.0012,non-degrader
RKU45578.1 hypothetical protein DL546_007350 [Coniochaeta pulveracea],108,0.0012,non-degrader
RKU45318.1 hypothetical protein DL546_007297 [Coniochaeta pulveracea],58,0.0012,non-degrader
RKU45248.1 hypothetical protein DL546_003328 [Coniochaeta pulveracea],433,0.0012,non-degrader
RKU45238.1 hypothetical protein DL546_002759 [Coniochaeta pulveracea],417,0.0012,non-degrader
RKU45178.1 hypothetical protein DL546_006925 [Coniochaeta pulveracea],153,0.0012,non-degrader
RKU45041.1 ubiquitin-related modifier 1 [Coniochaeta pulveracea],110,0.0012,non-degrader
RKU44851.1 hypothetical protein DL546_005713 [Coniochaeta pulveracea],347,0.0012,non-degrader
RKU44818.1 hypothetical protein DL546_002039 [Coniochaeta pulveracea],103,0.0012,non-degrader
RKU44769.1 hypothetical protein DL546_006377 [Coniochaeta pulveracea],153,0.0012,non-degrader
RKU44740.1 hypothetical protein DL546_007673 [Coniochaeta pulveracea],725,0.0012,non-degrader
RKU44394.1 hypothetical protein DL546_004667 [Coniochaeta pulveracea],349,0.0012,non-degrader
RKU44301.1 hypothetical protein DL546_004451 [Coniochaeta pulveracea],522,0.0012,non-degrader
"RKU44221.1 3',5'-cyclic-nucleotide phosphodiesterase, variant 2 [Coniochaeta pulveracea]",700,0.0012,non-degrader
RKU44170.1 hypothetical protein DL546_006549 [Coniochaeta pulveracea],232,0.0012,non-degrader
RKU44081.1 hypothetical protein DL546_007156 [Coniochaeta pulveracea],115,0.0012,non-degrader
RKU43837.1 hypothetical protein DL546_001091 [Coniochaeta pulveracea],159,0.0012,non-degrader
RKU43564.1 hypothetical protein DL546_003484 [Coniochaeta pulveracea],353,0.0012,non-degrader
RKU43452.1 hypothetical protein DL546_006590 [Coniochaeta pulveracea],326,0.0012,non-degrader
RKU43358.1 hypothetical protein DL546_005863 [Coniochaeta pulveracea],72,0.0012,non-degrader
RKU43317.1 hypothetical protein DL546_002724 [Coniochaeta pulveracea],121,0.0012,non-degrader
RKU42905.1 hypothetical protein DL546_001479 [Coniochaeta pulveracea],396,0.0012,non-degrader
RKU42806.1 hypothetical protein DL546_004653 [Coniochaeta pulveracea],231,0.0012,non-degrader
RKU42698.1 hypothetical protein DL546_006043 [Coniochaeta pulveracea],522,0.0012,non-degrader
RKU42461.1 hypothetical protein DL546_004128 [Coniochaeta pulveracea],109,0.0012,non-degrader
RKU42447.1 hypothetical protein DL546_002953 [Coniochaeta pulveracea],1143,0.0012,non-degrader
RKU42298.1 hypothetical protein DL546_002222 [Coniochaeta pulveracea],405,0.0012,non-degrader
RKU42223.1 hypothetical protein DL546_001147 [Coniochaeta pulveracea],113,0.0012,non-degrader
RKU41902.1 hypothetical protein DL546_004908 [Coniochaeta pulveracea],130,0.0012,non-degrader
RKU41873.1 Proteasome subunit beta type-4 [Coniochaeta pulveracea],203,0.0012,non-degrader
RKU41827.1 hypothetical protein DL546_004372 [Coniochaeta pulveracea],84,0.0012,non-degrader
RKU41610.1 hypothetical protein DL546_002620 [Coniochaeta pulveracea],624,0.0012,non-degrader
RKU41582.1 hypothetical protein DL546_004607 [Coniochaeta pulveracea],267,0.0012,non-degrader
RKU41436.1 hypothetical protein DL546_000956 [Coniochaeta pulveracea],81,0.0012,non-degrader
RKU41229.1 hypothetical protein DL546_001037 [Coniochaeta pulveracea],119,0.0012,non-degrader
RKU41154.1 hypothetical protein DL546_002789 [Coniochaeta pulveracea],100,0.0012,non-degrader
RKU41152.1 hypothetical protein DL546_002646 [Coniochaeta pulveracea],276,0.0012,non-degrader
RKU41087.1 hypothetical protein DL546_004326 [Coniochaeta pulveracea],127,0.0012,non-degrader
RKU41055.1 hypothetical protein DL546_000710 [Coniochaeta pulveracea],135,0.0012,non-degrader
RKU40936.1 hypothetical protein DL546_002977 [Coniochaeta pulveracea],267,0.0012,non-degrader
RKU40918.1 hypothetical protein DL546_001053 [Coniochaeta pulveracea],103,0.0012,non-degrader
RKU40895.1 hypothetical protein DL546_003044 [Coniochaeta pulveracea],146,0.0012,non-degrader
RKU40546.1 hypothetical protein DL546_002438 [Coniochaeta pulveracea],934,0.0012,non-degrader
RKU40097.1 hypothetical protein DL546_000410 [Coniochaeta pulveracea],84,0.0012,non-degrader
"RKU40023.1 28S ribosomal protein S5, mitochondrial [Coniochaeta pulveracea]",471,0.0012,non-degrader
"RKU39960.1 acetolactate synthase, regulatory subunit [Coniochaeta pulveracea]",339,0.0012,non-degrader
RKU39895.1 hypothetical protein DL546_001500 [Coniochaeta pulveracea],417,0.0012,non-degrader
RKU39892.1 hypothetical protein DL546_001285 [Coniochaeta pulveracea],122,0.0012,non-degrader
RKU49436.1 hypothetical protein DL546_006938 [Coniochaeta pulveracea],169,0.0011,non-degrader
RKU49059.1 hypothetical protein DL546_002457 [Coniochaeta pulveracea],126,0.0011,non-degrader
RKU48903.1 hypothetical protein DL546_008811 [Coniochaeta pulveracea],176,0.0011,non-degrader
RKU48898.1 hypothetical protein DL546_008711 [Coniochaeta pulveracea],109,0.0011,non-degrader
RKU48063.1 hypothetical protein DL546_008152 [Coniochaeta pulveracea],240,0.0011,non-degrader
RKU47966.1 hypothetical protein DL546_003434 [Coniochaeta pulveracea],101,0.0011,non-degrader
RKU47870.1 hypothetical protein DL546_008679 [Coniochaeta pulveracea],536,0.0011,non-degrader
RKU47462.1 hypothetical protein DL546_009227 [Coniochaeta pulveracea],357,0.0011,non-degrader
RKU47226.1 hypothetical protein DL546_008457 [Coniochaeta pulveracea],116,0.0011,non-degrader
RKU47029.1 hypothetical protein DL546_008507 [Coniochaeta pulveracea],185,0.0011,non-degrader
RKU47000.1 hypothetical protein DL546_007782 [Coniochaeta pulveracea],122,0.0011,non-degrader
RKU46941.1 hypothetical protein DL546_005295 [Coniochaeta pulveracea],126,0.0011,non-degrader
RKU46921.1 hypothetical protein DL546_003603 [Coniochaeta pulveracea],616,0.0011,non-degrader
RKU46884.1 hypothetical protein DL546_009154 [Coniochaeta pulveracea],201,0.0011,non-degrader
RKU46768.1 hypothetical protein DL546_005407 [Coniochaeta pulveracea],342,0.0011,non-degrader
RKU46663.1 hypothetical protein DL546_008227 [Coniochaeta pulveracea],229,0.0011,non-degrader
RKU46351.1 hypothetical protein DL546_001644 [Coniochaeta pulveracea],150,0.0011,non-degrader
RKU46289.1 hypothetical protein DL546_007415 [Coniochaeta pulveracea],206,0.0011,non-degrader
RKU46237.1 hypothetical protein DL546_005233 [Coniochaeta pulveracea],84,0.0011,non-degrader
RKU45584.1 hypothetical protein DL546_007504 [Coniochaeta pulveracea],154,0.0011,non-degrader
"RKU45214.1 hypothetical protein DL546_000206, partial [Coniochaeta pulveracea]",242,0.0011,non-degrader
RKU45196.1 hypothetical protein DL546_007912 [Coniochaeta pulveracea],106,0.0011,non-degrader
RKU45107.1 hypothetical protein DL546_002274 [Coniochaeta pulveracea],275,0.0011,non-degrader
RKU44980.1 hypothetical protein DL546_007357 [Coniochaeta pulveracea],101,0.0011,non-degrader
RKU44816.1 hypothetical protein DL546_001805 [Coniochaeta pulveracea],126,0.0011,non-degrader
RKU44692.1 hypothetical protein DL546_005552 [Coniochaeta pulveracea],161,0.0011,non-degrader
RKU44415.1 hypothetical protein DL546_006334 [Coniochaeta pulveracea],2925,0.0011,non-degrader
RKU44403.1 hypothetical protein DL546_005735 [Coniochaeta pulveracea],127,0.0011,non-degrader
"RKU44220.1 3',5'-cyclic-nucleotide phosphodiesterase [Coniochaeta pulveracea]",893,0.0011,non-degrader
RKU44188.1 hypothetical protein DL546_000388 [Coniochaeta pulveracea],146,0.0011,non-degrader
RKU43747.1 hypothetical protein DL546_006048 [Coniochaeta pulveracea],114,0.0011,non-degrader
RKU43741.1 hypothetical protein DL546_005865 [Coniochaeta pulveracea],196,0.0011,non-degrader
RKU43669.1 hypothetical protein DL546_006512 [Coniochaeta pulveracea],200,0.0011,non-degrader
RKU43612.1 hypothetical protein DL546_000801 [Coniochaeta pulveracea],430,0.0011,non-degrader
RKU43416.1 hypothetical protein DL546_004384 [Coniochaeta pulveracea],313,0.0011,non-degrader
RKU43384.1 Cutinase transcription factor 1 beta [Coniochaeta pulveracea],817,0.0011,non-degrader
RKU43301.1 SNARE-binding exocyst subunit S6 [Coniochaeta pulveracea],819,0.0011,non-degrader
RKU43187.1 hypothetical protein DL546_005105 [Coniochaeta pulveracea],137,0.0011,non-degrader
RKU43179.1 hypothetical protein DL546_004692 [Coniochaeta pulveracea],159,0.0011,non-degrader
RKU42989.1 hypothetical protein DL546_001634 [Coniochaeta pulveracea],141,0.0011,non-degrader
RKU42620.1 hypothetical protein DL546_005642 [Coniochaeta pulveracea],225,0.0011,non-degrader
RKU42496.1 hypothetical protein DL546_000963 [Coniochaeta pulveracea],222,0.0011,non-degrader
RKU42009.1 hypothetical protein DL546_004182 [Coniochaeta pulveracea],412,0.0011,non-degrader
RKU41958.1 hypothetical protein DL546_005148 [Coniochaeta pulveracea],259,0.0011,non-degrader
RKU41806.1 hypothetical protein DL546_002473 [Coniochaeta pulveracea],188,0.0011,non-degrader
RKU41490.1 hypothetical protein DL546_000405 [Coniochaeta pulveracea],116,0.0011,non-degrader
RKU41297.1 hypothetical protein DL546_002641 [Coniochaeta pulveracea],337,0.0011,non-degrader
RKU41132.1 hypothetical protein DL546_000527 [Coniochaeta pulveracea],220,0.0011,non-degrader
RKU41112.1 hypothetical protein DL546_002803 [Coniochaeta pulveracea],514,0.0011,non-degrader
RKU41081.1 hypothetical protein DL546_003653 [Coniochaeta pulveracea],860,0.0011,non-degrader
RKU40841.1 hypothetical protein DL546_000707 [Coniochaeta pulveracea],107,0.0011,non-degrader
RKU40699.1 hypothetical protein DL546_002392 [Coniochaeta pulveracea],100,0.0011,non-degrader
RKU40623.1 hypothetical protein DL546_003138 [Coniochaeta pulveracea],450,0.0011,non-degrader
RKU40511.1 hypothetical protein DL546_000482 [Coniochaeta pulveracea],214,0.0011,non-degrader
RKU40440.1 hypothetical protein DL546_003025 [Coniochaeta pulveracea],249,0.0011,non-degrader
RKU40159.1 hypothetical protein DL546_002047 [Coniochaeta pulveracea],596,0.0011,non-degrader
RKU39946.1 hypothetical protein DL546_001651 [Coniochaeta pulveracea],315,0.0011,non-degrader
RKU39932.1 hypothetical protein DL546_001669 [Coniochaeta pulveracea],152,0.0011,non-degrader
RKU49565.1 hypothetical protein DL546_009316 [Coniochaeta pulveracea],401,0.001,non-degrader
RKU49355.1 hypothetical protein DL546_000264 [Coniochaeta pulveracea],116,0.001,non-degrader
RKU49297.1 hypothetical protein DL546_009793 [Coniochaeta pulveracea],490,0.001,non-degrader
RKU49212.1 hypothetical protein DL546_009176 [Coniochaeta pulveracea],440,0.001,non-degrader
RKU48995.1 hypothetical protein DL546_009641 [Coniochaeta pulveracea],132,0.001,non-degrader
RKU48844.1 hypothetical protein DL546_007519 [Coniochaeta pulveracea],181,0.001,non-degrader
RKU48824.1 hypothetical protein DL546_006947 [Coniochaeta pulveracea],280,0.001,non-degrader
RKU48338.1 hypothetical protein DL546_008594 [Coniochaeta pulveracea],113,0.001,non-degrader
RKU47963.1 hypothetical protein DL546_002958 [Coniochaeta pulveracea],281,0.001,non-degrader
RKU47745.1 hypothetical protein DL546_003907 [Coniochaeta pulveracea],193,0.001,non-degrader
RKU47617.1 hypothetical protein DL546_008333 [Coniochaeta pulveracea],118,0.001,non-degrader
RKU47540.1 hypothetical protein DL546_005944 [Coniochaeta pulveracea],180,0.001,non-degrader
RKU47539.1 hypothetical protein DL546_005858 [Coniochaeta pulveracea],118,0.001,non-degrader
RKU47416.1 hypothetical protein DL546_008106 [Coniochaeta pulveracea],137,0.001,non-degrader
RKU47331.1 hypothetical protein DL546_003953 [Coniochaeta pulveracea],176,0.001,non-degrader
RKU47330.1 hypothetical protein DL546_003953 [Coniochaeta pulveracea],166,0.001,non-degrader
RKU46066.1 hypothetical protein DL546_003629 [Coniochaeta pulveracea],161,0.001,non-degrader
RKU46032.1 hypothetical protein DL546_008650 [Coniochaeta pulveracea],103,0.001,non-degrader
RKU45725.1 hypothetical protein DL546_007831 [Coniochaeta pulveracea],101,0.001,non-degrader
RKU45485.1 hypothetical protein DL546_008301 [Coniochaeta pulveracea],133,0.001,non-degrader
RKU45118.1 snoRNP complex protein [Coniochaeta pulveracea],64,0.001,non-degrader
RKU44903.1 hypothetical protein DL546_001958 [Coniochaeta pulveracea],106,0.001,non-degrader
RKU44630.1 hypothetical protein DL546_007292 [Coniochaeta pulveracea],121,0.001,non-degrader
RKU44549.1 hypothetical protein DL546_001471 [Coniochaeta pulveracea],153,0.001,non-degrader
RKU44537.1 hypothetical protein DL546_007526 [Coniochaeta pulveracea],172,0.001,non-degrader
RKU44523.1 hypothetical protein DL546_006830 [Coniochaeta pulveracea],1133,0.001,non-degrader
RKU44103.1 hypothetical protein DL546_001886 [Coniochaeta pulveracea],107,0.001,non-degrader
RKU44078.1 hypothetical protein DL546_007025 [Coniochaeta pulveracea],106,0.001,non-degrader
RKU44070.1 hypothetical protein DL546_006733 [Coniochaeta pulveracea],98,0.001,non-degrader
RKU44065.1 hypothetical protein DL546_006511 [Coniochaeta pulveracea],306,0.001,non-degrader
RKU43807.1 hypothetical protein DL546_006325 [Coniochaeta pulveracea],137,0.001,non-degrader
RKU43764.1 hypothetical protein DL546_001000 [Coniochaeta pulveracea],162,0.001,non-degrader
RKU43663.1 hypothetical protein DL546_006293 [Coniochaeta pulveracea],224,0.001,non-degrader
RKU43625.1 hypothetical protein DL546_003453 [Coniochaeta pulveracea],254,0.001,non-degrader
RKU42853.1 hypothetical protein DL546_002621 [Coniochaeta pulveracea],282,0.001,non-degrader
RKU42773.1 hypothetical protein DL546_001372 [Coniochaeta pulveracea],592,0.001,non-degrader
RKU42772.1 hypothetical protein DL546_001372 [Coniochaeta pulveracea],592,0.001,non-degrader
RKU42509.1 hypothetical protein DL546_002308 [Coniochaeta pulveracea],129,0.001,non-degrader
RKU42263.1 hypothetical protein DL546_004878 [Coniochaeta pulveracea],107,0.001,non-degrader
RKU41190.1 hypothetical protein DL546_001744 [Coniochaeta pulveracea],90,0.001,non-degrader
RKU40708.1 hypothetical protein DL546_003605 [Coniochaeta pulveracea],551,0.001,non-degrader
RKU40512.1 hypothetical protein DL546_000482 [Coniochaeta pulveracea],229,0.001,non-degrader
RKU40452.1 hypothetical protein DL546_000788 [Coniochaeta pulveracea],71,0.001,non-degrader
RKU40396.1 hypothetical protein DL546_002951 [Coniochaeta pulveracea],73,0.001,non-degrader
RKU40292.1 hypothetical protein DL546_001698 [Coniochaeta pulveracea],228,0.001,non-degrader
RKU40148.1 hypothetical protein DL546_000287 [Coniochaeta pulveracea],967,0.001,non-degrader
RKU49679.1 hypothetical protein DL546_009799 [Coniochaeta pulveracea],487,0.0009,non-degrader
RKU49328.1 hypothetical protein DL546_009850 [Coniochaeta pulveracea],99,0.0009,non-degrader
RKU49289.1 hypothetical protein DL546_009781 [Coniochaeta pulveracea],114,0.0009,non-degrader
RKU49237.1 hypothetical protein DL546_009585 [Coniochaeta pulveracea],353,0.0009,non-degrader
RKU48766.1 hypothetical protein DL546_003780 [Coniochaeta pulveracea],245,0.0009,non-degrader
RKU48628.1 DNA-binding transcription factor yap1 [Coniochaeta pulveracea],584,0.0009,non-degrader
RKU48289.1 hypothetical protein DL546_007453 [Coniochaeta pulveracea],112,0.0009,non-degrader
RKU48200.1 hypothetical protein DL546_000690 [Coniochaeta pulveracea],174,0.0009,non-degrader
RKU48055.1 hypothetical protein DL546_008010 [Coniochaeta pulveracea],591,0.0009,non-degrader
RKU46987.1 hypothetical protein DL546_007541 [Coniochaeta pulveracea],199,0.0009,non-degrader
RKU46730.1 hypothetical protein DL546_002310 [Coniochaeta pulveracea],199,0.0009,non-degrader
RKU46596.1 hypothetical protein DL546_006049 [Coniochaeta pulveracea],154,0.0009,non-degrader
RKU46485.1 hypothetical protein DL546_008180 [Coniochaeta pulveracea],69,0.0009,non-degrader
RKU46290.1 hypothetical protein DL546_007426 [Coniochaeta pulveracea],53,0.0009,non-degrader
RKU46175.1 hypothetical protein DL546_008444 [Coniochaeta pulveracea],184,0.0009,non-degrader
RKU46170.1 hypothetical protein DL546_008326 [Coniochaeta pulveracea],172,0.0009,non-degrader
RKU45805.1 hypothetical protein DL546_005426 [Coniochaeta pulveracea],118,0.0009,non-degrader
RKU45790.1 hypothetical protein DL546_004093 [Coniochaeta pulveracea],166,0.0009,non-degrader
RKU45708.1 hypothetical protein DL546_007359 [Coniochaeta pulveracea],91,0.0009,non-degrader
RKU45345.1 hypothetical protein DL546_008003 [Coniochaeta pulveracea],263,0.0009,non-degrader
RKU45305.1 hypothetical protein DL546_006851 [Coniochaeta pulveracea],151,0.0009,non-degrader
RKU45291.1 hypothetical protein DL546_006393 [Coniochaeta pulveracea],396,0.0009,non-degrader
RKU44716.1 hypothetical protein DL546_006852 [Coniochaeta pulveracea],216,0.0009,non-degrader
RKU44547.1 hypothetical protein DL546_001341 [Coniochaeta pulveracea],108,0.0009,non-degrader
RKU44290.1 hypothetical protein DL546_002973 [Coniochaeta pulveracea],390,0.0009,non-degrader
RKU44101.1 hypothetical protein DL546_001519 [Coniochaeta pulveracea],264,0.0009,non-degrader
RKU44068.1 putative DNA helicase ino80 [Coniochaeta pulveracea],61,0.0009,non-degrader
RKU43819.1 hypothetical protein DL546_006826 [Coniochaeta pulveracea],119,0.0009,non-degrader
RKU43648.1 hypothetical protein DL546_005672 [Coniochaeta pulveracea],377,0.0009,non-degrader
RKU43488.1 hypothetical protein DL546_003561 [Coniochaeta pulveracea],132,0.0009,non-degrader
"RKU43385.1 Cutinase transcription factor 1 beta, variant 2 [Coniochaeta pulveracea]",709,0.0009,non-degrader
RKU43375.1 mitochondrial ribosomal small subunit component [Coniochaeta pulveracea],90,0.0009,non-degrader
RKU43162.1 hypothetical protein DL546_003507 [Coniochaeta pulveracea],135,0.0009,non-degrader
RKU43063.1 hypothetical protein DL546_000541 [Coniochaeta pulveracea],361,0.0009,non-degrader
RKU42470.1 hypothetical protein DL546_004930 [Coniochaeta pulveracea],251,0.0009,non-degrader
RKU42444.1 60S ribosomal subunit assembly/export protein [Coniochaeta pulveracea],194,0.0009,non-degrader
RKU42251.1 hypothetical protein DL546_003693 [Coniochaeta pulveracea],295,0.0009,non-degrader
RKU41993.1 hypothetical protein DL546_003170 [Coniochaeta pulveracea],471,0.0009,non-degrader
RKU41837.1 hypothetical protein DL546_005024 [Coniochaeta pulveracea],226,0.0009,non-degrader
RKU41557.1 hypothetical protein DL546_003100 [Coniochaeta pulveracea],137,0.0009,non-degrader
RKU41538.1 hypothetical protein DL546_000384 [Coniochaeta pulveracea],204,0.0009,non-degrader
RKU41437.1 hypothetical protein DL546_001030 [Coniochaeta pulveracea],135,0.0009,non-degrader
RKU41392.1 hypothetical protein DL546_004712 [Coniochaeta pulveracea],264,0.0009,non-degrader
RKU41228.1 hypothetical protein DL546_000887 [Coniochaeta pulveracea],353,0.0009,non-degrader
RKU40939.1 hypothetical protein DL546_003394 [Coniochaeta pulveracea],98,0.0009,non-degrader
RKU40866.1 ribosomal protein S15 [Coniochaeta pulveracea],152,0.0009,non-degrader
RKU40769.1 hypothetical protein DL546_002944 [Coniochaeta pulveracea],284,0.0009,non-degrader
RKU40197.1 hypothetical protein DL546_000785 [Coniochaeta pulveracea],122,0.0009,non-degrader
RKU39900.1 hypothetical protein DL546_000250 [Coniochaeta pulveracea],92,0.0009,non-degrader
RKU49049.1 hypothetical protein DL546_000873 [Coniochaeta pulveracea],100,0.0008,non-degrader
RKU49032.1 hypothetical protein DL546_009914 [Coniochaeta pulveracea],446,0.0008,non-degrader
RKU48941.1 hypothetical protein DL546_009282 [Coniochaeta pulveracea],399,0.0008,non-degrader
RKU48442.1 hypothetical protein DL546_000950 [Coniochaeta pulveracea],309,0.0008,non-degrader
RKU48394.1 hypothetical protein DL546_009374 [Coniochaeta pulveracea],247,0.0008,non-degrader
RKU48369.1 hypothetical protein DL546_009002 [Coniochaeta pulveracea],434,0.0008,non-degrader
RKU48208.1 hypothetical protein DL546_001748 [Coniochaeta pulveracea],231,0.0008,non-degrader
RKU48174.1 retention in endoplasmic reticulum protein 1 [Coniochaeta pulveracea],190,0.0008,non-degrader
RKU48140.1 hypothetical protein DL546_009925 [Coniochaeta pulveracea],122,0.0008,non-degrader
RKU48066.1 hypothetical protein DL546_008217 [Coniochaeta pulveracea],76,0.0008,non-degrader
RKU48020.1 hypothetical protein DL546_007168 [Coniochaeta pulveracea],90,0.0008,non-degrader
RKU48013.1 hypothetical protein DL546_006805 [Coniochaeta pulveracea],687,0.0008,non-degrader
RKU47945.1 hypothetical protein DL546_001120 [Coniochaeta pulveracea],229,0.0008,non-degrader
RKU47826.1 hypothetical protein DL546_007880 [Coniochaeta pulveracea],159,0.0008,non-degrader
RKU47598.1 hypothetical protein DL546_007873 [Coniochaeta pulveracea],137,0.0008,non-degrader
RKU47399.1 hypothetical protein DL546_007523 [Coniochaeta pulveracea],676,0.0008,non-degrader
RKU47244.1 hypothetical protein DL546_008754 [Coniochaeta pulveracea],428,0.0008,non-degrader
RKU47200.1 hypothetical protein DL546_008060 [Coniochaeta pulveracea],79,0.0008,non-degrader
RKU47139.1 hypothetical protein DL546_005924 [Coniochaeta pulveracea],78,0.0008,non-degrader
RKU47060.1 hypothetical protein DL546_008918 [Coniochaeta pulveracea],182,0.0008,non-degrader
RKU46994.1 hypothetical protein DL546_007674 [Coniochaeta pulveracea],161,0.0008,non-degrader
RKU46651.1 hypothetical protein DL546_007978 [Coniochaeta pulveracea],175,0.0008,non-degrader
RKU46455.1 hypothetical protein DL546_007344 [Coniochaeta pulveracea],155,0.0008,non-degrader
RKU46409.1 hypothetical protein DL546_005545 [Coniochaeta pulveracea],173,0.0008,non-degrader
RKU46408.1 hypothetical protein DL546_005545 [Coniochaeta pulveracea],144,0.0008,non-degrader
RKU45683.1 hypothetical protein DL546_006096 [Coniochaeta pulveracea],118,0.0008,non-degrader
RKU45455.1 hypothetical protein DL546_007618 [Coniochaeta pulveracea],388,0.0008,non-degrader
RKU44647.1 hypothetical protein DL546_001561 [Coniochaeta pulveracea],290,0.0008,non-degrader
RKU44569.1 hypothetical protein DL546_003369 [Coniochaeta pulveracea],1037,0.0008,non-degrader
RKU43935.1 Coproporphyrinogen-III oxidase [Coniochaeta pulveracea],412,0.0008,non-degrader
RKU43737.1 hypothetical protein DL546_005745 [Coniochaeta pulveracea],105,0.0008,non-degrader
RKU43623.1 hypothetical protein DL546_003290 [Coniochaeta pulveracea],147,0.0008,non-degrader
RKU43532.1 hypothetical protein DL546_006854 [Coniochaeta pulveracea],128,0.0008,non-degrader
RKU43405.1 hypothetical protein DL546_003053 [Coniochaeta pulveracea],82,0.0008,non-degrader
RKU43188.1 hypothetical protein DL546_005137 [Coniochaeta pulveracea],443,0.0008,non-degrader
RKU42887.1 hypothetical protein DL546_006051 [Coniochaeta pulveracea],108,0.0008,non-degrader
RKU42651.1 hypothetical protein DL546_002215 [Coniochaeta pulveracea],99,0.0008,non-degrader
RKU42647.1 hypothetical protein DL546_001630 [Coniochaeta pulveracea],104,0.0008,non-degrader
RKU42489.1 hypothetical protein DL546_006161 [Coniochaeta pulveracea],105,0.0008,non-degrader
RKU42209.1 hypothetical protein DL546_005599 [Coniochaeta pulveracea],329,0.0008,non-degrader
RKU41843.1 hypothetical protein DL546_005485 [Coniochaeta pulveracea],161,0.0008,non-degrader
RKU41841.1 hypothetical protein DL546_005401 [Coniochaeta pulveracea],162,0.0008,non-degrader
RKU41622.1 hypothetical protein DL546_003662 [Coniochaeta pulveracea],425,0.0008,non-degrader
RKU41503.1 hypothetical protein DL546_002561 [Coniochaeta pulveracea],336,0.0008,non-degrader
RKU41467.1 hypothetical protein DL546_003413 [Coniochaeta pulveracea],525,0.0008,non-degrader
RKU41466.1 subunit of the Arp2/3 complex [Coniochaeta pulveracea],192,0.0008,non-degrader
RKU41412.1 hypothetical protein DL546_002516 [Coniochaeta pulveracea],1705,0.0008,non-degrader
RKU41091.1 hypothetical protein DL546_000044 [Coniochaeta pulveracea],153,0.0008,non-degrader
RKU41063.1 hypothetical protein DL546_002189 [Coniochaeta pulveracea],182,0.0008,non-degrader
RKU41061.1 hypothetical protein DL546_001533 [Coniochaeta pulveracea],124,0.0008,non-degrader
RKU40812.1 hypothetical protein DL546_004055 [Coniochaeta pulveracea],366,0.0008,non-degrader
RKU40810.1 hypothetical protein DL546_003633 [Coniochaeta pulveracea],230,0.0008,non-degrader
RKU40163.1 hypothetical protein DL546_002455 [Coniochaeta pulveracea],130,0.0008,non-degrader
RKU40111.1 hypothetical protein DL546_000936 [Coniochaeta pulveracea],131,0.0008,non-degrader
RKU40053.1 hypothetical protein DL546_002049 [Coniochaeta pulveracea],149,0.0008,non-degrader
"RKU39693.1 hypothetical protein DL546_000014, partial [Coniochaeta pulveracea]",177,0.0008,non-degrader
RKU49471.1 hypothetical protein DL546_009901 [Coniochaeta pulveracea],101,0.0007,non-degrader
RKU49398.1 hypothetical protein DL546_005254 [Coniochaeta pulveracea],107,0.0007,non-degrader
RKU49374.1 D-tyrosyl-tRNA(Tyr) deacylase [Coniochaeta pulveracea],165,0.0007,non-degrader
RKU49330.1 hypothetical protein DL546_009854 [Coniochaeta pulveracea],125,0.0007,non-degrader
RKU49276.1 hypothetical protein DL546_009728 [Coniochaeta pulveracea],285,0.0007,non-degrader
RKU49224.1 hypothetical protein DL546_009283 [Coniochaeta pulveracea],109,0.0007,non-degrader
RKU49141.1 hypothetical protein DL546_008121 [Coniochaeta pulveracea],238,0.0007,non-degrader
RKU48856.1 hypothetical protein DL546_007775 [Coniochaeta pulveracea],145,0.0007,non-degrader
RKU48312.1 hypothetical protein DL546_008005 [Coniochaeta pulveracea],102,0.0007,non-degrader
RKU48196.1 hypothetical protein DL546_000272 [Coniochaeta pulveracea],396,0.0007,non-degrader
RKU48116.1 hypothetical protein DL546_008965 [Coniochaeta pulveracea],130,0.0007,non-degrader
RKU48030.1 hypothetical protein DL546_007464 [Coniochaeta pulveracea],438,0.0007,non-degrader
RKU47942.1 hypothetical protein DL546_000750 [Coniochaeta pulveracea],284,0.0007,non-degrader
RKU47893.1 hypothetical protein DL546_008978 [Coniochaeta pulveracea],171,0.0007,non-degrader
RKU47599.1 hypothetical protein DL546_007873 [Coniochaeta pulveracea],130,0.0007,non-degrader
RKU47419.1 hypothetical protein DL546_008325 [Coniochaeta pulveracea],92,0.0007,non-degrader
RKU47267.1 hypothetical protein DL546_009031 [Coniochaeta pulveracea],399,0.0007,non-degrader
RKU47243.1 hypothetical protein DL546_008749 [Coniochaeta pulveracea],149,0.0007,non-degrader
RKU47115.1 hypothetical protein DL546_004473 [Coniochaeta pulveracea],232,0.0007,non-degrader
RKU47001.1 hypothetical protein DL546_009904 [Coniochaeta pulveracea],184,0.0007,non-degrader
RKU46961.1 hypothetical protein DL546_006352 [Coniochaeta pulveracea],153,0.0007,non-degrader
RKU46778.1 hypothetical protein DL546_006215 [Coniochaeta pulveracea],168,0.0007,non-degrader
RKU46472.1 hypothetical protein DL546_007856 [Coniochaeta pulveracea],124,0.0007,non-degrader
RKU46438.1 hypothetical protein DL546_006752 [Coniochaeta pulveracea],291,0.0007,non-degrader
RKU46048.1 hypothetical protein DL546_001682 [Coniochaeta pulveracea],66,0.0007,non-degrader
RKU45978.1 hypothetical protein DL546_006815 [Coniochaeta pulveracea],110,0.0007,non-degrader
RKU45858.1 hypothetical protein DL546_007625 [Coniochaeta pulveracea],113,0.0007,non-degrader
RKU45526.1 hypothetical protein DL546_003819 [Coniochaeta pulveracea],176,0.0007,non-degrader
RKU45523.1 hypothetical protein DL546_003436 [Coniochaeta pulveracea],119,0.0007,non-degrader
RKU45395.1 hypothetical protein DL546_004621 [Coniochaeta pulveracea],365,0.0007,non-degrader
"RKU45289.1 hypothetical protein DL546_006275, partial [Coniochaeta pulveracea]",110,0.0007,non-degrader
RKU44873.1 hypothetical protein DL546_007112 [Coniochaeta pulveracea],182,0.0007,non-degrader
RKU44783.1 hypothetical protein DL546_007099 [Coniochaeta pulveracea],564,0.0007,non-degrader
RKU44639.1 hypothetical protein DL546_007612 [Coniochaeta pulveracea],126,0.0007,non-degrader
RKU44392.1 hypothetical protein DL546_004527 [Coniochaeta pulveracea],190,0.0007,non-degrader
RKU43804.1 hypothetical protein DL546_006097 [Coniochaeta pulveracea],863,0.0007,non-degrader
RKU43707.1 hypothetical protein DL546_002992 [Coniochaeta pulveracea],119,0.0007,non-degrader
RKU43588.1 hypothetical protein DL546_005799 [Coniochaeta pulveracea],186,0.0007,non-degrader
RKU43570.1 hypothetical protein DL546_004233 [Coniochaeta pulveracea],105,0.0007,non-degrader
RKU42636.1 hypothetical protein DL546_000261 [Coniochaeta pulveracea],233,0.0007,non-degrader
RKU42148.1 hypothetical protein DL546_005513 [Coniochaeta pulveracea],938,0.0007,non-degrader
RKU41994.1 hypothetical protein DL546_003170 [Coniochaeta pulveracea],379,0.0007,non-degrader
RKU41826.1 hypothetical protein DL546_004341 [Coniochaeta pulveracea],182,0.0007,non-degrader
RKU41802.1 hypothetical protein DL546_002162 [Coniochaeta pulveracea],230,0.0007,non-degrader
RKU41765.1 hypothetical protein DL546_003005 [Coniochaeta pulveracea],260,0.0007,non-degrader
RKU41679.1 hypothetical protein DL546_005065 [Coniochaeta pulveracea],155,0.0007,non-degrader
RKU41630.1 hypothetical protein DL546_009928 [Coniochaeta pulveracea],183,0.0007,non-degrader
RKU41504.1 hypothetical protein DL546_002648 [Coniochaeta pulveracea],139,0.0007,non-degrader
RKU41500.1 hypothetical protein DL546_002265 [Coniochaeta pulveracea],176,0.0007,non-degrader
RKU41367.1 hypothetical protein DL546_003049 [Coniochaeta pulveracea],281,0.0007,non-degrader
RKU41204.1 hypothetical protein DL546_003214 [Coniochaeta pulveracea],122,0.0007,non-degrader
RKU40673.1 hypothetical protein DL546_003345 [Coniochaeta pulveracea],69,0.0007,non-degrader
RKU40500.1 hypothetical protein DL546_002855 [Coniochaeta pulveracea],131,0.0007,non-degrader
RKU40170.1 hypothetical protein DL546_001578 [Coniochaeta pulveracea],119,0.0007,non-degrader
RKU40169.1 hypothetical protein DL546_000933 [Coniochaeta pulveracea],135,0.0007,non-degrader
RKU39857.1 hypothetical protein DL546_000093 [Coniochaeta pulveracea],119,0.0007,non-degrader
RKU39723.1 hypothetical protein DL546_000323 [Coniochaeta pulveracea],183,0.0007,non-degrader
RKU49725.1 hypothetical protein DL546_009900 [Coniochaeta pulveracea],184,0.0006,non-degrader
RKU49697.1 hypothetical protein DL546_009836 [Coniochaeta pulveracea],103,0.0006,non-degrader
RKU49466.1 hypothetical protein DL546_007776 [Coniochaeta pulveracea],501,0.0006,non-degrader
RKU48794.1 hypothetical protein DL546_005833 [Coniochaeta pulveracea],271,0.0006,non-degrader
RKU48634.1 RNA polymerase III C11 subunit [Coniochaeta pulveracea],144,0.0006,non-degrader
RKU48542.1 hypothetical protein DL546_007309 [Coniochaeta pulveracea],138,0.0006,non-degrader
RKU48294.1 hypothetical protein DL546_007533 [Coniochaeta pulveracea],201,0.0006,non-degrader
RKU48280.1 hypothetical protein DL546_007083 [Coniochaeta pulveracea],139,0.0006,non-degrader
RKU48049.1 hypothetical protein DL546_007903 [Coniochaeta pulveracea],107,0.0006,non-degrader
RKU47555.1 hypothetical protein DL546_006628 [Coniochaeta pulveracea],288,0.0006,non-degrader
RKU47466.1 hypothetical protein DL546_009296 [Coniochaeta pulveracea],113,0.0006,non-degrader
RKU47309.1 hypothetical protein DL546_001385 [Coniochaeta pulveracea],132,0.0006,non-degrader
RKU46339.1 hypothetical protein DL546_008575 [Coniochaeta pulveracea],234,0.0006,non-degrader
RKU46047.1 hypothetical protein DL546_001682 [Coniochaeta pulveracea],73,0.0006,non-degrader
RKU45901.1 hypothetical protein DL546_008536 [Coniochaeta pulveracea],105,0.0006,non-degrader
RKU45814.1 hypothetical protein DL546_005998 [Coniochaeta pulveracea],210,0.0006,non-degrader
RKU45714.1 hypothetical protein DL546_007562 [Coniochaeta pulveracea],525,0.0006,non-degrader
RKU45694.1 hypothetical protein DL546_006676 [Coniochaeta pulveracea],108,0.0006,non-degrader
RKU45435.1 hypothetical protein DL546_006745 [Coniochaeta pulveracea],103,0.0006,non-degrader
RKU44943.1 hypothetical protein DL546_005509 [Coniochaeta pulveracea],100,0.0006,non-degrader
RKU44942.1 hypothetical protein DL546_005433 [Coniochaeta pulveracea],100,0.0006,non-degrader
RKU44332.1 hypothetical protein DL546_006608 [Coniochaeta pulveracea],117,0.0006,non-degrader
RKU44291.1 hypothetical protein DL546_003037 [Coniochaeta pulveracea],301,0.0006,non-degrader
RKU44150.1 hypothetical protein DL546_005359 [Coniochaeta pulveracea],99,0.0006,non-degrader
RKU44043.1 hypothetical protein DL546_005536 [Coniochaeta pulveracea],106,0.0006,non-degrader
RKU44026.1 BAR adaptor protein Hob3 [Coniochaeta pulveracea],261,0.0006,non-degrader
RKU43766.1 hypothetical protein DL546_002242 [Coniochaeta pulveracea],197,0.0006,non-degrader
RKU43765.1 hypothetical protein DL546_001055 [Coniochaeta pulveracea],105,0.0006,non-degrader
RKU43726.1 hypothetical protein DL546_004707 [Coniochaeta pulveracea],147,0.0006,non-degrader
RKU43627.1 hypothetical protein DL546_003622 [Coniochaeta pulveracea],481,0.0006,non-degrader
RKU43546.1 hypothetical protein DL546_001283 [Coniochaeta pulveracea],138,0.0006,non-degrader
RKU42356.1 hypothetical protein DL546_000327 [Coniochaeta pulveracea],101,0.0006,non-degrader
RKU42187.1 hypothetical protein DL546_003514 [Coniochaeta pulveracea],360,0.0006,non-degrader
RKU42160.1 hypothetical protein DL546_001056 [Coniochaeta pulveracea],120,0.0006,non-degrader
RKU42057.1 hypothetical protein DL546_002861 [Coniochaeta pulveracea],107,0.0006,non-degrader
RKU42003.1 hypothetical protein DL546_003754 [Coniochaeta pulveracea],86,0.0006,non-degrader
RKU41987.1 hypothetical protein DL546_002408 [Coniochaeta pulveracea],436,0.0006,non-degrader
RKU41979.1 hypothetical protein DL546_001547 [Coniochaeta pulveracea],789,0.0006,non-degrader
RKU41534.1 hypothetical protein DL546_005334 [Coniochaeta pulveracea],108,0.0006,non-degrader
RKU41285.1 hypothetical protein DL546_001464 [Coniochaeta pulveracea],202,0.0006,non-degrader
RKU40975.1 hypothetical protein DL546_000114 [Coniochaeta pulveracea],100,0.0006,non-degrader
"RKU40909.1 hypothetical protein DL546_004152, partial [Coniochaeta pulveracea]",90,0.0006,non-degrader
RKU40851.1 hypothetical protein DL546_002848 [Coniochaeta pulveracea],105,0.0006,non-degrader
RKU40347.1 hypothetical protein DL546_000236 [Coniochaeta pulveracea],295,0.0006,non-degrader
RKU39873.1 hypothetical protein DL546_000934 [Coniochaeta pulveracea],306,0.0006,non-degrader
RKU49695.1 hypothetical protein DL546_009831 [Coniochaeta pulveracea],128,0.0005,non-degrader
RKU49683.1 hypothetical protein DL546_009807 [Coniochaeta pulveracea],127,0.0005,non-degrader
RKU49174.1 hypothetical protein DL546_008718 [Coniochaeta pulveracea],155,0.0005,non-degrader
RKU48752.1 hypothetical protein DL546_002435 [Coniochaeta pulveracea],286,0.0005,non-degrader
RKU48353.1 hypothetical protein DL546_008809 [Coniochaeta pulveracea],123,0.0005,non-degrader
RKU48219.1 hypothetical protein DL546_002737 [Coniochaeta pulveracea],123,0.0005,non-degrader
RKU47852.1 hypothetical protein DL546_008416 [Coniochaeta pulveracea],73,0.0005,non-degrader
RKU47294.1 hypothetical protein DL546_009301 [Coniochaeta pulveracea],79,0.0005,non-degrader
RKU46983.1 hypothetical protein DL546_007428 [Coniochaeta pulveracea],128,0.0005,non-degrader
RKU46648.1 hypothetical protein DL546_007954 [Coniochaeta pulveracea],114,0.0005,non-degrader
RKU46528.1 hypothetical protein DL546_008853 [Coniochaeta pulveracea],260,0.0005,non-degrader
RKU46524.1 hypothetical protein DL546_008789 [Coniochaeta pulveracea],1538,0.0005,non-degrader
RKU46406.1 hypothetical protein DL546_005505 [Coniochaeta pulveracea],211,0.0005,non-degrader
RKU46343.1 hypothetical protein DL546_008680 [Coniochaeta pulveracea],388,0.0005,non-degrader
RKU46034.1 hypothetical protein DL546_008676 [Coniochaeta pulveracea],101,0.0005,non-degrader
RKU45800.1 hypothetical protein DL546_005022 [Coniochaeta pulveracea],170,0.0005,non-degrader
RKU45739.1 hypothetical protein DL546_008117 [Coniochaeta pulveracea],104,0.0005,non-degrader
RKU45183.1 hypothetical protein DL546_007125 [Coniochaeta pulveracea],264,0.0005,non-degrader
RKU45078.1 hypothetical protein DL546_007561 [Coniochaeta pulveracea],182,0.0005,non-degrader
RKU44720.1 hypothetical protein DL546_006993 [Coniochaeta pulveracea],137,0.0005,non-degrader
RKU44593.1 hypothetical protein DL546_005649 [Coniochaeta pulveracea],104,0.0005,non-degrader
RKU44485.1 hypothetical protein DL546_009915 [Coniochaeta pulveracea],155,0.0005,non-degrader
RKU44244.1 hypothetical protein DL546_006452 [Coniochaeta pulveracea],237,0.0005,non-degrader
RKU43763.1 hypothetical protein DL546_000959 [Coniochaeta pulveracea],225,0.0005,non-degrader
"RKU43681.1 hypothetical protein DL546_000047, partial [Coniochaeta pulveracea]",89,0.0005,non-degrader
RKU43419.1 hypothetical protein DL546_004798 [Coniochaeta pulveracea],134,0.0005,non-degrader
RKU43374.1 hypothetical protein DL546_006652 [Coniochaeta pulveracea],112,0.0005,non-degrader
RKU43315.1 hypothetical protein DL546_002626 [Coniochaeta pulveracea],133,0.0005,non-degrader
RKU43112.1 hypothetical protein DL546_004813 [Coniochaeta pulveracea],79,0.0005,non-degrader
RKU42886.1 hypothetical protein DL546_006030 [Coniochaeta pulveracea],116,0.0005,non-degrader
RKU42781.1 hypothetical protein DL546_002542 [Coniochaeta pulveracea],68,0.0005,non-degrader
RKU42780.1 hypothetical protein DL546_002506 [Coniochaeta pulveracea],91,0.0005,non-degrader
RKU42646.1 hypothetical protein DL546_001552 [Coniochaeta pulveracea],154,0.0005,non-degrader
RKU42586.1 hypothetical protein DL546_003678 [Coniochaeta pulveracea],121,0.0005,non-degrader
RKU42585.1 hypothetical protein DL546_003678 [Coniochaeta pulveracea],132,0.0005,non-degrader
RKU42378.1 hypothetical protein DL546_002883 [Coniochaeta pulveracea],144,0.0005,non-degrader
RKU42367.1 hypothetical protein DL546_001426 [Coniochaeta pulveracea],108,0.0005,non-degrader
RKU42094.1 hypothetical protein DL546_000437 [Coniochaeta pulveracea],99,0.0005,non-degrader
RKU41992.1 hypothetical protein DL546_003117 [Coniochaeta pulveracea],386,0.0005,non-degrader
RKU41922.1 hypothetical protein DL546_001674 [Coniochaeta pulveracea],190,0.0005,non-degrader
RKU41798.1 hypothetical protein DL546_001684 [Coniochaeta pulveracea],106,0.0005,non-degrader
RKU41766.1 hypothetical protein DL546_003043 [Coniochaeta pulveracea],108,0.0005,non-degrader
RKU41339.1 hypothetical protein DL546_004359 [Coniochaeta pulveracea],397,0.0005,non-degrader
RKU41042.1 hypothetical protein DL546_003775 [Coniochaeta pulveracea],171,0.0005,non-degrader
RKU40572.1 hypothetical protein DL546_001696 [Coniochaeta pulveracea],92,0.0005,non-degrader
RKU40451.1 F-actin-capping protein subunit beta [Coniochaeta pulveracea],158,0.0005,non-degrader
RKU40333.1 hypothetical protein DL546_001432 [Coniochaeta pulveracea],106,0.0005,non-degrader
RKU40237.1 hypothetical protein DL546_000712 [Coniochaeta pulveracea],103,0.0005,non-degrader
RKU40098.1 hypothetical protein DL546_000468 [Coniochaeta pulveracea],167,0.0005,non-degrader
RKU39843.1 hypothetical protein DL546_000324 [Coniochaeta pulveracea],133,0.0005,non-degrader
RKU39711.1 hypothetical protein DL546_009910 [Coniochaeta pulveracea],94,0.0005,non-degrader
RKU49513.1 hypothetical protein DL546_008774 [Coniochaeta pulveracea],108,0.0004,non-degrader
RKU49288.1 hypothetical protein DL546_009761 [Coniochaeta pulveracea],134,0.0004,non-degrader
RKU49176.1 hypothetical protein DL546_008742 [Coniochaeta pulveracea],111,0.0004,non-degrader
RKU48956.1 hypothetical protein DL546_009406 [Coniochaeta pulveracea],124,0.0004,non-degrader
RKU48926.1 hypothetical protein DL546_009103 [Coniochaeta pulveracea],215,0.0004,non-degrader
RKU48747.1 hypothetical protein DL546_001838 [Coniochaeta pulveracea],287,0.0004,non-degrader
RKU48745.1 hypothetical protein DL546_001734 [Coniochaeta pulveracea],110,0.0004,non-degrader
RKU48336.1 hypothetical protein DL546_008543 [Coniochaeta pulveracea],81,0.0004,non-degrader
RKU48324.1 hypothetical protein DL546_008280 [Coniochaeta pulveracea],112,0.0004,non-degrader
RKU48298.1 hypothetical protein DL546_007652 [Coniochaeta pulveracea],120,0.0004,non-degrader
RKU48005.1 hypothetical protein DL546_006245 [Coniochaeta pulveracea],156,0.0004,non-degrader
RKU47999.1 hypothetical protein DL546_005916 [Coniochaeta pulveracea],118,0.0004,non-degrader
RKU47886.1 hypothetical protein DL546_008874 [Coniochaeta pulveracea],118,0.0004,non-degrader
RKU47649.1 kinetochore-associated Ndc80 complex subunit nuf2 [Coniochaeta pulveracea],461,0.0004,non-degrader
RKU47423.1 hypothetical protein DL546_009930 [Coniochaeta pulveracea],147,0.0004,non-degrader
RKU47108.1 hypothetical protein DL546_004101 [Coniochaeta pulveracea],194,0.0004,non-degrader
RKU46925.1 hypothetical protein DL546_003903 [Coniochaeta pulveracea],98,0.0004,non-degrader
RKU46765.1 hypothetical protein DL546_005309 [Coniochaeta pulveracea],122,0.0004,non-degrader
RKU46674.1 hypothetical protein DL546_008432 [Coniochaeta pulveracea],346,0.0004,non-degrader
RKU46441.1 hypothetical protein DL546_006844 [Coniochaeta pulveracea],112,0.0004,non-degrader
RKU45980.1 hypothetical protein DL546_006954 [Coniochaeta pulveracea],119,0.0004,non-degrader
RKU45947.1 hypothetical protein DL546_004459 [Coniochaeta pulveracea],104,0.0004,non-degrader
RKU45920.1 hypothetical protein DL546_002131 [Coniochaeta pulveracea],80,0.0004,non-degrader
RKU45657.1 hypothetical protein DL546_004080 [Coniochaeta pulveracea],99,0.0004,non-degrader
RKU45639.1 hypothetical protein DL546_002126 [Coniochaeta pulveracea],121,0.0004,non-degrader
RKU45624.1 hypothetical protein DL546_008419 [Coniochaeta pulveracea],64,0.0004,non-degrader
RKU44952.1 hypothetical protein DL546_006224 [Coniochaeta pulveracea],164,0.0004,non-degrader
RKU44285.1 hypothetical protein DL546_002382 [Coniochaeta pulveracea],101,0.0004,non-degrader
RKU43441.1 hypothetical protein DL546_006073 [Coniochaeta pulveracea],506,0.0004,non-degrader
RKU43423.1 hypothetical protein DL546_005297 [Coniochaeta pulveracea],123,0.0004,non-degrader
RKU42945.1 hypothetical protein DL546_005085 [Coniochaeta pulveracea],107,0.0004,non-degrader
RKU42558.1 hypothetical protein DL546_009922 [Coniochaeta pulveracea],114,0.0004,non-degrader
RKU42211.1 hypothetical protein DL546_005657 [Coniochaeta pulveracea],111,0.0004,non-degrader
RKU41936.1 hypothetical protein DL546_003181 [Coniochaeta pulveracea],109,0.0004,non-degrader
RKU41286.1 hypothetical protein DL546_001497 [Coniochaeta pulveracea],586,0.0004,non-degrader
RKU41070.1 hypothetical protein DL546_002903 [Coniochaeta pulveracea],215,0.0004,non-degrader
RKU40971.1 hypothetical protein DL546_003804 [Coniochaeta pulveracea],198,0.0004,non-degrader
RKU40829.1 hypothetical protein DL546_002970 [Coniochaeta pulveracea],266,0.0004,non-degrader
RKU40811.1 hypothetical protein DL546_003817 [Coniochaeta pulveracea],714,0.0004,non-degrader
RKU40025.1 hypothetical protein DL546_000574 [Coniochaeta pulveracea],521,0.0004,non-degrader
RKU39834.1 hypothetical protein DL546_000778 [Coniochaeta pulveracea],103,0.0004,non-degrader
RKU39714.1 hypothetical protein DL546_000053 [Coniochaeta pulveracea],154,0.0004,non-degrader
RKU39712.1 hypothetical protein DL546_000351 [Coniochaeta pulveracea],142,0.0004,non-degrader
RKU39709.1 hypothetical protein DL546_000339 [Coniochaeta pulveracea],314,0.0004,non-degrader
RKU49571.1 hypothetical protein DL546_009355 [Coniochaeta pulveracea],228,0.0003,non-degrader
RKU49394.1 hypothetical protein DL546_005009 [Coniochaeta pulveracea],433,0.0003,non-degrader
RKU49182.1 hypothetical protein DL546_008812 [Coniochaeta pulveracea],123,0.0003,non-degrader
RKU49058.1 hypothetical protein DL546_002388 [Coniochaeta pulveracea],103,0.0003,non-degrader
RKU49036.1 Mss4p nuclear export [Coniochaeta pulveracea],283,0.0003,non-degrader
RKU48862.1 hypothetical protein DL546_008053 [Coniochaeta pulveracea],123,0.0003,non-degrader
RKU48652.1 hypothetical protein DL546_009308 [Coniochaeta pulveracea],154,0.0003,non-degrader
RKU48525.1 hypothetical protein DL546_006788 [Coniochaeta pulveracea],116,0.0003,non-degrader
RKU48427.1 hypothetical protein DL546_009591 [Coniochaeta pulveracea],110,0.0003,non-degrader
RKU48352.1 hypothetical protein DL546_008803 [Coniochaeta pulveracea],107,0.0003,non-degrader
RKU48086.1 hypothetical protein DL546_008504 [Coniochaeta pulveracea],469,0.0003,non-degrader
RKU47818.1 hypothetical protein DL546_007743 [Coniochaeta pulveracea],99,0.0003,non-degrader
RKU47774.1 hypothetical protein DL546_006213 [Coniochaeta pulveracea],125,0.0003,non-degrader
RKU47705.1 hypothetical protein DL546_009385 [Coniochaeta pulveracea],144,0.0003,non-degrader
RKU47515.1 hypothetical protein DL546_004357 [Coniochaeta pulveracea],116,0.0003,non-degrader
RKU47463.1 hypothetical protein DL546_009255 [Coniochaeta pulveracea],100,0.0003,non-degrader
RKU47447.1 hypothetical protein DL546_008938 [Coniochaeta pulveracea],102,0.0003,non-degrader
RKU47403.1 hypothetical protein DL546_007649 [Coniochaeta pulveracea],160,0.0003,non-degrader
RKU47268.1 hypothetical protein DL546_009036 [Coniochaeta pulveracea],70,0.0003,non-degrader
RKU47187.1 hypothetical protein DL546_007789 [Coniochaeta pulveracea],534,0.0003,non-degrader
RKU46798.1 hypothetical protein DL546_007006 [Coniochaeta pulveracea],101,0.0003,non-degrader
RKU46725.1 hypothetical protein DL546_001755 [Coniochaeta pulveracea],143,0.0003,non-degrader
RKU46553.1 hypothetical protein DL546_002325 [Coniochaeta pulveracea],72,0.0003,non-degrader
"RKU46536.1 hypothetical protein DL546_008963, partial [Coniochaeta pulveracea]",132,0.0003,non-degrader
RKU46252.1 hypothetical protein DL546_005955 [Coniochaeta pulveracea],108,0.0003,non-degrader
RKU46033.1 hypothetical protein DL546_008654 [Coniochaeta pulveracea],134,0.0003,non-degrader
RKU45883.1 hypothetical protein DL546_008229 [Coniochaeta pulveracea],138,0.0003,non-degrader
RKU45826.1 hypothetical protein DL546_006579 [Coniochaeta pulveracea],134,0.0003,non-degrader
RKU45696.1 hypothetical protein DL546_006806 [Coniochaeta pulveracea],113,0.0003,non-degrader
RKU44162.1 hypothetical protein DL546_006262 [Coniochaeta pulveracea],169,0.0003,non-degrader
RKU43912.1 hypothetical protein DL546_007059 [Coniochaeta pulveracea],101,0.0003,non-degrader
RKU43524.1 hypothetical protein DL546_006332 [Coniochaeta pulveracea],103,0.0003,non-degrader
RKU43408.1 hypothetical protein DL546_003541 [Coniochaeta pulveracea],113,0.0003,non-degrader
RKU43386.1 hypothetical protein DL546_001224 [Coniochaeta pulveracea],107,0.0003,non-degrader
RKU43357.1 hypothetical protein DL546_005835 [Coniochaeta pulveracea],136,0.0003,non-degrader
RKU43333.1 hypothetical protein DL546_004184 [Coniochaeta pulveracea],72,0.0003,non-degrader
RKU43180.1 hypothetical protein DL546_004773 [Coniochaeta pulveracea],206,0.0003,non-degrader
RKU42731.1 hypothetical protein DL546_004494 [Coniochaeta pulveracea],102,0.0003,non-degrader
RKU42170.1 hypothetical protein DL546_001994 [Coniochaeta pulveracea],176,0.0003,non-degrader
RKU41782.1 hypothetical protein DL546_004796 [Coniochaeta pulveracea],118,0.0003,non-degrader
RKU41720.1 hypothetical protein DL546_004044 [Coniochaeta pulveracea],154,0.0003,non-degrader
RKU41623.1 hypothetical protein DL546_004842 [Coniochaeta pulveracea],355,0.0003,non-degrader
RKU41301.1 hypothetical protein DL546_003004 [Coniochaeta pulveracea],164,0.0003,non-degrader
RKU41088.1 hypothetical protein DL546_004333 [Coniochaeta pulveracea],101,0.0003,non-degrader
RKU40635.1 hypothetical protein DL546_001731 [Coniochaeta pulveracea],2801,0.0003,non-degrader
RKU40402.1 hypothetical protein DL546_002322 [Coniochaeta pulveracea],216,0.0003,non-degrader
RKU40381.1 hypothetical protein DL546_009903 [Coniochaeta pulveracea],100,0.0003,non-degrader
RKU49481.1 hypothetical protein DL546_008134 [Coniochaeta pulveracea],121,0.0002,non-degrader
RKU49322.1 hypothetical protein DL546_009843 [Coniochaeta pulveracea],372,0.0002,non-degrader
RKU49050.1 hypothetical protein DL546_000931 [Coniochaeta pulveracea],243,0.0002,non-degrader
RKU48880.1 hypothetical protein DL546_008423 [Coniochaeta pulveracea],115,0.0002,non-degrader
RKU48139.1 hypothetical protein DL546_009925 [Coniochaeta pulveracea],199,0.0002,non-degrader
RKU47770.1 hypothetical protein DL546_005802 [Coniochaeta pulveracea],120,0.0002,non-degrader
RKU47753.1 hypothetical protein DL546_004505 [Coniochaeta pulveracea],112,0.0002,non-degrader
RKU47086.1 hypothetical protein DL546_009257 [Coniochaeta pulveracea],158,0.0002,non-degrader
RKU46965.1 hypothetical protein DL546_006597 [Coniochaeta pulveracea],111,0.0002,non-degrader
RKU46701.1 hypothetical protein DL546_008919 [Coniochaeta pulveracea],108,0.0002,non-degrader
RKU44682.1 hypothetical protein DL546_004957 [Coniochaeta pulveracea],100,0.0002,non-degrader
RKU44292.1 hypothetical protein DL546_003131 [Coniochaeta pulveracea],373,0.0002,non-degrader
RKU44093.1 hypothetical protein DL546_009916 [Coniochaeta pulveracea],73,0.0002,non-degrader
RKU43942.1 hypothetical protein DL546_002598 [Coniochaeta pulveracea],90,0.0002,non-degrader
RKU43792.1 hypothetical protein DL546_005421 [Coniochaeta pulveracea],109,0.0002,non-degrader
RKU43626.1 hypothetical protein DL546_003505 [Coniochaeta pulveracea],142,0.0002,non-degrader
RKU42619.1 hypothetical protein DL546_005600 [Coniochaeta pulveracea],239,0.0002,non-degrader
RKU41938.1 hypothetical protein DL546_003414 [Coniochaeta pulveracea],195,0.0002,non-degrader
RKU40483.1 hypothetical protein DL546_000553 [Coniochaeta pulveracea],163,0.0002,non-degrader
RKU49096.1 hypothetical protein DL546_006031 [Coniochaeta pulveracea],107,0.0001,non-degrader
RKU47578.1 hypothetical protein DL546_007419 [Coniochaeta pulveracea],148,0.0001,non-degrader
RKU44648.1 hypothetical protein DL546_001683 [Coniochaeta pulveracea],102,0.0001,non-degrader
RKU40915.1 hypothetical protein DL546_000679 [Coniochaeta pulveracea],126,0.0001,non-degrader
